Greek Word,Frequency Rank,Theme,Level,French Translation,Part of Speech
ο δρόμος,219,Cycling,1,,
το αυτοκίνητο,310,Cycling,1,,
η ασφάλεια,466,Cycling,1,,
ο χώρος,549,Cycling,1,,
ασφαλής,635,Cycling,1,,
δυνατός,731,Cycling,1,,
η προστασία,1035,Cycling,1,,
ο οδηγός,1406,Cycling,1,,
το όχημα,1510,Cycling,1,,
το αυτοκίνητό,1514,Cycling,1,,
ο διάδρομος,1524,Cycling,1,,
η διαδρομή,1539,Cycling,1,,
το δρόμου,1649,Cycling,1,,
ο εξοπλισμός,1721,Cycling,1,,
το ποδήλατο,1900,Cycling,1,,
το αυτοκινήτου,1930,Cycling,1,,
κατάλληλος,1999,Cycling,1,,
οπτικός,2450,Cycling,1,,
ο σκασμός,2666,Cycling,1,,
εσωτερικός,2683,Cycling,1,,
ο επιβάτης,3025,Cycling,1,,
βαθύς,3259,Cycling,1,,
ο κράνος,3550,Cycling,1,,
πλαστικός,3763,Cycling,1,,
η οδήγηση,3911,Cycling,1,,
το τζιπ,4067,Cycling,1,,
το τροχόσπιτο,4094,Cycling,1,,
το περιπολικό,4136,Cycling,1,,
ο συνδυασμός,4180,Cycling,1,,
εξωτερικός,4233,Cycling,1,,
το περπάτημα,4766,Cycling,2,,
αδύνατος,4834,Cycling,2,,
το πήδημα,4857,Cycling,2,,
ο κινητήρας,5040,Cycling,2,,
η σήμανση,5161,Cycling,2,,
αυτοκινητόδρομος,5326,Cycling,2,,
μηχανικός,5411,Cycling,2,,
προφυλακτικά,5450,Cycling,2,,
μεταλλικός,5453,Cycling,2,,
το διαδρόμου,5500,Cycling,2,,
ο μηχανισμός,5883,Cycling,2,,
ο γκρεμός,5930,Cycling,2,,
η αμαξιού,6066,Cycling,2,,
ο αναπτήρας,6583,Cycling,2,,
επίδεσμο,6843,Cycling,2,,
καθιστικός,6952,Cycling,2,,
το ποδήλατό,6967,Cycling,2,,
ο σχεδιασμός,7020,Cycling,2,,
η μοτοσικλέτα,7405,Cycling,2,,
υδραυλικός,7601,Cycling,2,,
ο σχηματισμός,7918,Cycling,2,,
η εκκίνηση,8013,Cycling,2,,
το αλεξίσφαιρο,8118,Cycling,2,,
το παρκαρισμένο,8251,Cycling,2,,
ο καθαρισμός,8273,Cycling,2,,
δυνατότερος,8636,Cycling,2,,
ο τροχός,8650,Cycling,2,,
η ποδήλατα,8799,Cycling,2,,
ο συλλέκτης,8841,Cycling,2,,
η περιστροφή,8884,Cycling,2,,
ο υλικός,9011,Cycling,3,,
ανασφαλής,9047,Cycling,3,,
οδηγάω / οδήγησα,9222,Cycling,3,,
το πατίνι,9260,Cycling,3,,
η πλεύση,9663,Cycling,3,,
ο σκούτερ,9700,Cycling,3,,
ο φωτισμός,9816,Cycling,3,,
διασχίσω / διάσχισα,9894,Cycling,3,,
διασχίζω / διάσχισα,9997,Cycling,3,,
η ομάδα,221,Sports (General),1,,
το παιχνίδι,296,Sports (General),1,,
ο αγώνας,683,Sports (General),1,,
η παράσταση,1020,Sports (General),1,,
η καριέρα,1059,Sports (General),1,,
η κατηγορία,1302,Sports (General),1,,
η χρονιά,1317,Sports (General),1,,
η δράση,1394,Sports (General),1,,
η παρουσία,1441,Sports (General),1,,
η γιορτή,1490,Sports (General),1,,
η εμφάνιση,1941,Sports (General),1,,
η συναυλία,2145,Sports (General),1,,
η επίδειξη,2173,Sports (General),1,,
το γυμναστήριο,2237,Sports (General),1,,
η εξάσκηση,2434,Sports (General),1,,
η προπόνηση,2459,Sports (General),1,,
ο τζούνιορ,2562,Sports (General),1,,
το πρωτάθλημα,2782,Sports (General),1,,
η δοκιμασία,2835,Sports (General),1,,
η εκδήλωση,2917,Sports (General),1,,
ο προπονητής,2948,Sports (General),1,,
ο πρωταθλητής,3022,Sports (General),1,,
η ξεκούραση,3233,Sports (General),1,,
το ξεκουράσου,3393,Sports (General),1,,
η πίστα,3549,Sports (General),1,,
ο σπορ,3603,Sports (General),1,,
η εκδρομή,3905,Sports (General),1,,
η τουρνουά,4023,Sports (General),1,,
η παρέλαση,4054,Sports (General),1,,
ο σκοπευτής,4075,Sports (General),1,,
το παιχνιδάκι,4349,Sports (General),2,,
ο ενθουσιασμός,4808,Sports (General),2,,
η ανάπαυση,4812,Sports (General),2,,
η προετοιμασία,4958,Sports (General),2,,
το άθλημα,5288,Sports (General),2,,
το μπιτς,5607,Sports (General),2,,
το καράτε,5729,Sports (General),2,,
η μονομαχία,5806,Sports (General),2,,
επιθετικός,6045,Sports (General),2,,
ο αντίπαλος,6120,Sports (General),2,,
ο αθλητής,7071,Sports (General),2,,
το παιγνίδι,7132,Sports (General),2,,
ο σύλλογος,7142,Sports (General),2,,
μαχητικός,8073,Sports (General),2,,
η ψυχαγωγία,8307,Sports (General),2,,
ολυμπιακός,8563,Sports (General),2,,
ο μαραθώνιος,8946,Sports (General),2,,
αγωνιστεί,8953,Sports (General),2,,
ο τζόγος,9152,Sports (General),2,,
το φούτμπολ,9390,Sports (General),2,,
το πρωταθλήμα,9573,Sports (General),2,,
κατακτώ / κατάκτησα,9628,Sports (General),2,,
η αναμέτρηση,9978,Sports (General),2,,
η ησυχία,630,Outdoors & Nature,1,,
η θάλασσα,699,Outdoors & Nature,1,,
το δάσος,800,Outdoors & Nature,1,,
το νησί,832,Outdoors & Nature,1,,
το χωριό,930,Outdoors & Nature,1,,
το δέντρο,1010,Outdoors & Nature,1,,
η φύση,1115,Outdoors & Nature,1,,
η μαγεία,1188,Outdoors & Nature,1,,
το ποτάμι,1220,Outdoors & Nature,1,,
η λίμνη,1240,Outdoors & Nature,1,,
η ομορφιά,1447,Outdoors & Nature,1,,
το βουνό,1570,Outdoors & Nature,1,,
το καταφύγιο,1679,Outdoors & Nature,1,,
άγρια,1718,Outdoors & Nature,1,,
η ακτή,1793,Outdoors & Nature,1,,
το μονοπάτι,1834,Outdoors & Nature,1,,
πανέμορφη,1842,Outdoors & Nature,1,,
η έρημος,2008,Outdoors & Nature,1,,
πανέμορφο,2033,Outdoors & Nature,1,,
το χιόνι,2115,Outdoors & Nature,1,,
το πέρασμα,2536,Outdoors & Nature,1,,
η σπηλιά,2665,Outdoors & Nature,1,,
το βάλτο,2712,Outdoors & Nature,1,,
η κοιλάδα,2855,Outdoors & Nature,1,,
η καλύβα,2885,Outdoors & Nature,1,,
περπατώ / περπάτησα,3137,Outdoors & Nature,1,,
ο ομίχλης,3416,Outdoors & Nature,1,,
ο βράχος,3504,Outdoors & Nature,1,,
το πάτι,3830,Outdoors & Nature,1,,
το κολύμπι,3867,Outdoors & Nature,1,,
η εξοχή,3884,Outdoors & Nature,2,,
το μοναστήρι,4016,Outdoors & Nature,2,,
το πηγάδι,4584,Outdoors & Nature,2,,
η κρυψώνα,4592,Outdoors & Nature,2,,
στεριά,4595,Outdoors & Nature,2,,
το ηλιοβασίλεμα,4640,Outdoors & Nature,2,,
το ορφανοτροφείο,4713,Outdoors & Nature,2,,
ο περίπατος,5025,Outdoors & Nature,2,,
η φοίνιξ,5046,Outdoors & Nature,2,,
το ερήμου,5507,Outdoors & Nature,2,,
το γκι,5519,Outdoors & Nature,2,,
το δρομάκι,5615,Outdoors & Nature,2,,
το φαράγγι,5668,Outdoors & Nature,2,,
το ωκεανούς,5839,Outdoors & Nature,2,,
η βουνού,5850,Outdoors & Nature,2,,
το τοπίο,5949,Outdoors & Nature,2,,
το ηφαίστειο,6147,Outdoors & Nature,2,,
η ιππασία,6796,Outdoors & Nature,2,,
το κλαδί,6852,Outdoors & Nature,2,,
ο σαβάνας,6870,Outdoors & Nature,2,,
το χαντάκι,7092,Outdoors & Nature,2,,
η περπατούσα,7230,Outdoors & Nature,2,,
το λιβάδι,7380,Outdoors & Nature,2,,
η κρύπτη,7532,Outdoors & Nature,2,,
η χιονάτη,7736,Outdoors & Nature,2,,
ζούγκλας,7802,Outdoors & Nature,2,,
η κατάδυση,7834,Outdoors & Nature,2,,
το έλκηθρο,7939,Outdoors & Nature,2,,
περπατά,8020,Outdoors & Nature,2,,
η μούμια,8074,Outdoors & Nature,2,,
το ρυάκι,8207,Outdoors & Nature,3,,
θαλάσσιος,8255,Outdoors & Nature,3,,
ο ακτής,8415,Outdoors & Nature,3,,
η ερημιά,8459,Outdoors & Nature,3,,
η πεζοπορία,8605,Outdoors & Nature,3,,
το ύπαιθρο,8726,Outdoors & Nature,3,,
το κιβωτό,9292,Outdoors & Nature,3,,
το σούρουπο,9341,Outdoors & Nature,3,,
το κολυμπήσω,9490,Outdoors & Nature,3,,
αφθονία,9512,Outdoors & Nature,3,,
το θάμνο,9825,Outdoors & Nature,3,,
το κούτσουρο,9940,Outdoors & Nature,3,,
η περίπτωση,350,Admin & Bureaucracy,1,,
η ερώτηση,388,Admin & Bureaucracy,1,,
η άδεια,445,Admin & Bureaucracy,1,,
η απόφαση,594,Admin & Bureaucracy,1,,
η αναφορά,642,Admin & Bureaucracy,1,,
η υπηρεσία,751,Admin & Bureaucracy,1,,
η διεύθυνση,777,Admin & Bureaucracy,1,,
η πρόταση,932,Admin & Bureaucracy,1,,
η διαταγή,1045,Admin & Bureaucracy,1,,
η ευθύνη,1062,Admin & Bureaucracy,1,,
η εντολή,1195,Admin & Bureaucracy,1,,
η πράξη,1263,Admin & Bureaucracy,1,,
οποιονδήποτε,1414,Admin & Bureaucracy,1,,
η οδηγία,1421,Admin & Bureaucracy,1,,
η επιτροπή,1491,Admin & Bureaucracy,1,,
η δικαιολογία,1593,Admin & Bureaucracy,1,,
εφόσον,1614,Admin & Bureaucracy,1,,
η αίτηση,1626,Admin & Bureaucracy,1,,
η επιταγή,1657,Admin & Bureaucracy,1,,
η εξέταση,1672,Admin & Bureaucracy,1,,
δημόσιος,1697,Admin & Bureaucracy,1,,
άμεσα,1771,Admin & Bureaucracy,1,,
ο ντος,1794,Admin & Bureaucracy,1,,
το έγγραφο,1822,Admin & Bureaucracy,1,,
η κατάθεση,1845,Admin & Bureaucracy,1,,
η δήλωση,1963,Admin & Bureaucracy,1,,
η υπογραφή,1974,Admin & Bureaucracy,1,,
η προειδοποίηση,2019,Admin & Bureaucracy,1,,
η πρόσκληση,2153,Admin & Bureaucracy,1,,
η διοίκηση,2292,Admin & Bureaucracy,1,,
η ανάκριση,2293,Admin & Bureaucracy,2,,
η αγωγή,2357,Admin & Bureaucracy,2,,
ο υπάλληλος,2390,Admin & Bureaucracy,2,,
ιδιωτικός,2394,Admin & Bureaucracy,2,,
η πρόθεση,2396,Admin & Bureaucracy,2,,
η άδειά,2518,Admin & Bureaucracy,2,,
η ιδιοκτησία,2603,Admin & Bureaucracy,2,,
η επιστολή,2688,Admin & Bureaucracy,2,,
η ένσταση,2849,Admin & Bureaucracy,2,,
η σύνταξη,2863,Admin & Bureaucracy,2,,
η ανακοίνωση,2872,Admin & Bureaucracy,2,,
η καθυστέρηση,2887,Admin & Bureaucracy,2,,
προηγουμένως,3157,Admin & Bureaucracy,2,,
η παραβίαση,3182,Admin & Bureaucracy,2,,
η προτεραιότητα,3198,Admin & Bureaucracy,2,,
αποδεικτικό,3213,Admin & Bureaucracy,2,,
καταθέσει / κατάθεσε,3273,Admin & Bureaucracy,2,,
η εξαίρεση,3334,Admin & Bureaucracy,2,,
η αναστολή,3420,Admin & Bureaucracy,2,,
η αντίρρηση,3441,Admin & Bureaucracy,2,,
η έγκριση,3476,Admin & Bureaucracy,2,,
η αλληλογραφία,3672,Admin & Bureaucracy,2,,
η επιβεβαίωση,3767,Admin & Bureaucracy,2,,
το δικαστηρίου,3775,Admin & Bureaucracy,2,,
η υποχρέωση,3793,Admin & Bureaucracy,2,,
το αίτημα,3796,Admin & Bureaucracy,2,,
η διεύθυνσή,3802,Admin & Bureaucracy,2,,
το πιστοποιητικό,3986,Admin & Bureaucracy,2,,
υποχρεωμένος,4019,Admin & Bureaucracy,2,,
η απαίτηση,4060,Admin & Bureaucracy,2,,
προσωρινά,4099,Admin & Bureaucracy,3,,
προσωρινός,4100,Admin & Bureaucracy,3,,
αυτοπροσώπως,4196,Admin & Bureaucracy,3,,
η δικαιοδοσία,4281,Admin & Bureaucracy,3,,
νόμιμα,4417,Admin & Bureaucracy,3,,
προκειμένου,4459,Admin & Bureaucracy,3,,
η επιτήρηση,4545,Admin & Bureaucracy,3,,
η δέσμευση,4638,Admin & Bureaucracy,3,,
η αποζημίωση,4670,Admin & Bureaucracy,3,,
η καταγγελία,4682,Admin & Bureaucracy,3,,
η κατάθεσή,4742,Admin & Bureaucracy,3,,
το βεβαιώσου,4792,Admin & Bureaucracy,3,,
η ετυμηγορία,4849,Admin & Bureaucracy,3,,
ο πληροφοριοδότης,4910,Admin & Bureaucracy,3,,
η πρόνοια,5117,Admin & Bureaucracy,3,,
η σύσταση,5179,Admin & Bureaucracy,3,,
καταθέσω,5197,Admin & Bureaucracy,3,,
η προθεσμία,5212,Admin & Bureaucracy,3,,
η εισαγγελία,5266,Admin & Bureaucracy,3,,
το απολύσω,5323,Admin & Bureaucracy,3,,
η ειδοποίηση,5371,Admin & Bureaucracy,3,,
η συναλλαγή,5397,Admin & Bureaucracy,3,,
η αξιολόγηση,5536,Admin & Bureaucracy,3,,
εγκρίνω / ενέκρινα,5629,Admin & Bureaucracy,3,,
η απαγόρευση,5635,Admin & Bureaucracy,3,,
ο υποθέσεων,5775,Admin & Bureaucracy,3,,
το συντ,5931,Admin & Bureaucracy,3,,
η εξουσιοδότηση,5996,Admin & Bureaucracy,3,,
η χρηματοδότηση,6037,Admin & Bureaucracy,3,,
η παροχή,6101,Admin & Bureaucracy,3,,
η αποφοίτηση,6136,Admin & Bureaucracy,4,,
η υιοθεσία,6165,Admin & Bureaucracy,4,,
η παρέμβαση,6206,Admin & Bureaucracy,4,,
η εγγραφή,6315,Admin & Bureaucracy,4,,
η διαχείριση,6317,Admin & Bureaucracy,4,,
η ανακοπή,6509,Admin & Bureaucracy,4,,
η ειδικότητα,6529,Admin & Bureaucracy,4,,
η σύμβαση,6585,Admin & Bureaucracy,4,,
η συνέλευση,6649,Admin & Bureaucracy,4,,
δικαιούμαι / δικαιώθηκα,6783,Admin & Bureaucracy,4,,
η καθαρίστρια,6817,Admin & Bureaucracy,4,,
η παράβαση,6825,Admin & Bureaucracy,4,,
η επήρεια,6869,Admin & Bureaucracy,4,,
η υπενθύμιση,6900,Admin & Bureaucracy,4,,
η βίζα,6930,Admin & Bureaucracy,4,,
η μετάθεση,6939,Admin & Bureaucracy,4,,
ανώνυμη,7015,Admin & Bureaucracy,4,,
ο ειδικότητάς,7069,Admin & Bureaucracy,4,,
η ρύθμιση,7086,Admin & Bureaucracy,4,,
η κατάχρηση,7171,Admin & Bureaucracy,4,,
η ασφάλιση,7181,Admin & Bureaucracy,4,,
η διαμαρτυρία,7182,Admin & Bureaucracy,4,,
η συγχώνευση,7269,Admin & Bureaucracy,4,,
η περίθαλψη,7295,Admin & Bureaucracy,4,,
η μεταχείριση,7328,Admin & Bureaucracy,4,,
ο θυρωρός,7348,Admin & Bureaucracy,4,,
η αποδοχή,7358,Admin & Bureaucracy,4,,
η αδεια,7376,Admin & Bureaucracy,4,,
η διάταξη,7509,Admin & Bureaucracy,4,,
η ταυτοποίηση,7859,Admin & Bureaucracy,4,,
διοικώ / διοίκησα,7872,Admin & Bureaucracy,5,,
η προϋπόθεση,7906,Admin & Bureaucracy,5,,
η απογραφή,8029,Admin & Bureaucracy,5,,
οι μηνύσεις,8054,Admin & Bureaucracy,5,,
η εκκρεμότητα,8060,Admin & Bureaucracy,5,,
η αίτημά,8069,Admin & Bureaucracy,5,,
η πρόβλεψη,8161,Admin & Bureaucracy,5,,
η ιδιότητα,8216,Admin & Bureaucracy,5,,
επιτραπεί,8348,Admin & Bureaucracy,5,,
η παραίτηση,8433,Admin & Bureaucracy,5,,
η απολογία,8476,Admin & Bureaucracy,5,,
καταρχήν,8638,Admin & Bureaucracy,5,,
ο αντιπρόσωπος,8737,Admin & Bureaucracy,5,,
η ανάληψη,8817,Admin & Bureaucracy,5,,
αναγκασμένος,8836,Admin & Bureaucracy,5,,
ο εργοδότης,8837,Admin & Bureaucracy,5,,
η διορία,8867,Admin & Bureaucracy,5,,
καταρχάς,8909,Admin & Bureaucracy,5,,
η σημείωση,8960,Admin & Bureaucracy,5,,
υπόχρεος,9042,Admin & Bureaucracy,5,,
η ακύρωση,9083,Admin & Bureaucracy,5,,
η παράταση,9086,Admin & Bureaucracy,5,,
το παράρτημα,9116,Admin & Bureaucracy,5,,
η κλήτευση,9405,Admin & Bureaucracy,5,,
η απόλυση,9478,Admin & Bureaucracy,5,,
ο υπαλλήλων,9546,Admin & Bureaucracy,5,,
η αμνηστία,9576,Admin & Bureaucracy,5,,
η παράκληση,9610,Admin & Bureaucracy,5,,
η έξωση,9673,Admin & Bureaucracy,5,,
εξασφαλίσω,9732,Admin & Bureaucracy,5,,
η αρμοδιότητα,9820,Admin & Bureaucracy,6,,
η ερωτηση,9938,Admin & Bureaucracy,6,,
η λεφτά,151,Economy & Money,1,,
το χρήμα,253,Economy & Money,1,,
η τράπεζα,764,Economy & Money,1,,
ο λογαριασμός,890,Economy & Money,1,,
επιπλέον,1037,Economy & Money,1,,
πληρώσω / πλήρωσα,1039,Economy & Money,1,,
πληρώνω / πλήρωσα,1109,Economy & Money,1,,
η αγορά,1161,Economy & Money,1,,
η μετρητα,1206,Economy & Money,1,,
η αξία,1262,Economy & Money,1,,
η περιουσία,1360,Economy & Money,1,,
η δεκάρα,1497,Economy & Money,1,,
η τσέπη,1537,Economy & Money,1,,
το αντάλλαγμα,1778,Economy & Money,1,,
οικονομικά,1924,Economy & Money,1,,
εμπορικός,2368,Economy & Money,1,,
το κόστος,2412,Economy & Money,1,,
η προμήθεια,2559,Economy & Money,1,,
η πώληση,2646,Economy & Money,1,,
το μάρκο,2704,Economy & Money,1,,
η κέρδη,2788,Economy & Money,1,,
το κέρδος,2790,Economy & Money,1,,
η παραγωγή,2808,Economy & Money,1,,
το μερίδιο,2842,Economy & Money,1,,
πιστωτικός,2876,Economy & Money,1,,
ο χρημάτων,2961,Economy & Money,1,,
οικονομικός,3027,Economy & Money,1,,
καύσιμα,3045,Economy & Money,1,,
η οικονομία,3133,Economy & Money,1,,
οι καταθέσεις,3188,Economy & Money,1,,
η πληρωμή,3209,Economy & Money,2,,
το νοίκι,3299,Economy & Money,2,,
η βιομηχανία,3352,Economy & Money,2,,
το εμπόριο,3431,Economy & Money,2,,
το ταμείο,3548,Economy & Money,2,,
το πετρέλαιο,3582,Economy & Money,2,,
χρωστάει / χρωστούσε,3586,Economy & Money,2,,
παράνομα,3625,Economy & Money,2,,
ο παραγωγός,3734,Economy & Money,2,,
ο φόρος,3790,Economy & Money,2,,
η προκαταβολή,3874,Economy & Money,2,,
η λύτρα,3973,Economy & Money,2,,
το νόμισμα,4015,Economy & Money,2,,
το μερίδιό,4209,Economy & Money,2,,
η τσάμπα,4219,Economy & Money,2,,
το κορόιδο,4228,Economy & Money,2,,
το ενοίκιο,4503,Economy & Money,2,,
η νομίσματα,4788,Economy & Money,2,,
το φιλοδώρημα,4840,Economy & Money,2,,
ασφαλιστικός,4891,Economy & Money,2,,
το έμπορο,5564,Economy & Money,2,,
φαρμακευτικός,5791,Economy & Money,2,,
ο ανταγωνισμός,5831,Economy & Money,2,,
η χαρτονομίσματα,6087,Economy & Money,2,,
πλαστά,6100,Economy & Money,2,,
η πίστωση,6142,Economy & Money,2,,
τα ψίχουλα,6279,Economy & Money,2,,
η υποθήκη,6297,Economy & Money,2,,
ο προϋπολογισμός,6304,Economy & Money,2,,
το εισόδημα,6599,Economy & Money,2,,
η εφορία,6823,Economy & Money,3,,
το χρηματιστήριο,6879,Economy & Money,3,,
τραπεζικός,6895,Economy & Money,3,,
ασφάλειες,6914,Economy & Money,3,,
η δάνεια,7016,Economy & Money,3,,
το εμπόρους,7083,Economy & Money,3,,
το λαθρεμπόριο,7386,Economy & Money,3,,
πληρωθεί,7581,Economy & Money,3,,
η ομόλογα,7643,Economy & Money,3,,
η ζήτηση,7702,Economy & Money,3,,
το έσοδο,7752,Economy & Money,3,,
χρηματος,8139,Economy & Money,3,,
κρατικός,8293,Economy & Money,3,,
προκαταβολικά,8403,Economy & Money,3,,
η κατανάλωση,8468,Economy & Money,3,,
παραγγείλει / παράγγειλε,8623,Economy & Money,3,,
πληρωθώ / πληρωθούσα,8739,Economy & Money,3,,
ο τραπεζών,8812,Economy & Money,3,,
πληρώνεται / πληρώθηκε,8863,Economy & Money,3,,
ο ανταγωνιστής,8882,Economy & Money,3,,
οι επανορθώσεις,8900,Economy & Money,3,,
οι ξεπληρώσεις,9064,Economy & Money,3,,
ο τραπεζίτης,9232,Economy & Money,3,,
το λάφυρο,9307,Economy & Money,3,,
εμπορικά,9403,Economy & Money,3,,
τακτοποιηθεί,9460,Economy & Money,3,,
το χαρτζιλίκι,9606,Economy & Money,3,,
ο ακινήτων,9726,Economy & Money,3,,
το τόκο,9772,Economy & Money,3,,
και,4,Society & Relationships,1,,
όχι,15,Society & Relationships,1,,
αλλά,19,Society & Relationships,1,,
πολύ,22,Society & Relationships,1,,
γιατί,23,Society & Relationships,1,,
τόσο,49,Society & Relationships,1,,
ακόμα,55,Society & Relationships,1,,
ίσως,60,Society & Relationships,1,,
πάντα,69,Society & Relationships,1,,
η αλήθεια,75,Society & Relationships,1,,
το παιδί,78,Society & Relationships,1,,
η ζωή,80,Society & Relationships,1,,
επειδή,85,Society & Relationships,1,,
κάποιος,95,Society & Relationships,1,,
το πράγμα,97,Society & Relationships,1,,
όμως,99,Society & Relationships,1,,
η γυναίκα,102,Society & Relationships,1,,
ακριβώς,107,Society & Relationships,1,,
φυσικά,121,Society & Relationships,1,,
η στιγμή,125,Society & Relationships,1,,
πραγματικά,134,Society & Relationships,1,,
πιστεύω / πίστευσα,138,Society & Relationships,1,,
η μητέρα,141,Society & Relationships,1,,
η ιδέα,145,Society & Relationships,1,,
σίγουρα,150,Society & Relationships,1,,
μάλλον,153,Society & Relationships,1,,
σημαίνω / σήμανα,155,Society & Relationships,1,,
ο κόσμος,164,Society & Relationships,1,,
η αγάπη,172,Society & Relationships,1,,
ο άνθρωπος,174,Society & Relationships,1,,
καταλαβαίνω / κατάλαβα,175,Society & Relationships,2,,
ο εαυτός,186,Society & Relationships,2,,
εκείνος,205,Society & Relationships,2,,
καθόλου,208,Society & Relationships,2,,
η ιστορία,213,Society & Relationships,2,,
πιστεύεις,218,Society & Relationships,2,,
η σχέση,222,Society & Relationships,2,,
η οικογένεια,251,Society & Relationships,2,,
η καρδιά,264,Society & Relationships,2,,
βέβαια,278,Society & Relationships,2,,
το συγχωρείτε,309,Society & Relationships,2,,
προσπαθώ / προσπάθησα,334,Society & Relationships,2,,
μπορούσε,337,Society & Relationships,2,,
το πρόσεχε,365,Society & Relationships,2,,
το πρόσωπο,378,Society & Relationships,2,,
η πραγματικότητα,399,Society & Relationships,2,,
εντελώς,423,Society & Relationships,2,,
η προσοχή,430,Society & Relationships,2,,
κάποτε,446,Society & Relationships,2,,
η γνώμη,460,Society & Relationships,2,,
ο μυστικός,503,Society & Relationships,2,,
η ανάγκη,531,Society & Relationships,2,,
το παρελθόν,540,Society & Relationships,2,,
ειλικρινά,542,Society & Relationships,2,,
αισθάνομαι / αισθανόμουν,551,Society & Relationships,2,,
η παρέα,555,Society & Relationships,2,,
οι φαίνεσαι,576,Society & Relationships,2,,
η επαφή,577,Society & Relationships,2,,
η φωνή,579,Society & Relationships,2,,
πιστέψω / πίστεψα,603,Society & Relationships,2,,
η ψυχή,615,Society & Relationships,3,,
προσπαθείς,620,Society & Relationships,3,,
καταλάβω / κατέλαβα,645,Society & Relationships,3,,
πράγματι,656,Society & Relationships,3,,
δυστυχώς,671,Society & Relationships,3,,
απόλυτα,679,Society & Relationships,3,,
χειρότερο,685,Society & Relationships,3,,
το πρόσωπό,723,Society & Relationships,3,,
η εποχή,752,Society & Relationships,3,,
η γλώσσα,754,Society & Relationships,3,,
προσωπικά,770,Society & Relationships,3,,
πραγματικός,771,Society & Relationships,3,,
διαφορετικός,820,Society & Relationships,3,,
η εικόνα,821,Society & Relationships,3,,
ειλικρινής,827,Society & Relationships,3,,
καθένας,837,Society & Relationships,3,,
η αίσθηση,858,Society & Relationships,3,,
η πίστη,861,Society & Relationships,3,,
η σκέψη,873,Society & Relationships,3,,
η εμπιστοσύνη,903,Society & Relationships,3,,
φροντίζω / φρόντισα,910,Society & Relationships,3,,
μερικός,941,Society & Relationships,3,,
αγαπητός,958,Society & Relationships,3,,
η συμπεριφορά,959,Society & Relationships,3,,
κατάφερες,972,Society & Relationships,3,,
συνεχώς,985,Society & Relationships,3,,
η κουβέντα,1026,Society & Relationships,3,,
ιδιαίτερα,1038,Society & Relationships,3,,
πιστέψεις,1141,Society & Relationships,3,,
η πράγματά,1142,Society & Relationships,3,,
η θεωρία,1155,Society & Relationships,4,,
η εκδίκηση,1162,Society & Relationships,4,,
η πόρνη,1185,Society & Relationships,4,,
συναντήσω / συνάντησα,1205,Society & Relationships,4,,
διάφορος,1224,Society & Relationships,4,,
λογικός,1267,Society & Relationships,4,,
καταστρέφω / κατέστρεψα,1269,Society & Relationships,4,,
εμπιστεύομαι / εμπιστεύτηκα,1277,Society & Relationships,4,,
θυμωμένος,1293,Society & Relationships,4,,
η βλακεία,1299,Society & Relationships,4,,
η διάθεση,1306,Society & Relationships,4,,
προσωπικός,1307,Society & Relationships,4,,
προσέχω / πρόσεξα,1324,Society & Relationships,4,,
η ανοησία,1330,Society & Relationships,4,,
η νοσοκόμα,1335,Society & Relationships,4,,
η τρέλα,1366,Society & Relationships,4,,
ανθρώπινος,1407,Society & Relationships,4,,
μεθυσμένος,1412,Society & Relationships,4,,
το ανθρώπου,1413,Society & Relationships,4,,
ευτυχισμένος,1420,Society & Relationships,4,,
η εντύπωση,1425,Society & Relationships,4,,
η ουσία,1426,Society & Relationships,4,,
ερωτευμένος,1455,Society & Relationships,4,,
κουρασμένος,1459,Society & Relationships,4,,
η επιθυμία,1466,Society & Relationships,4,,
η αφέντη,1471,Society & Relationships,4,,
νιώθει / ένιωσε,1472,Society & Relationships,4,,
η ρώμη,1474,Society & Relationships,4,,
η ευτυχία,1487,Society & Relationships,4,,
μισεί / μίσησε,1489,Society & Relationships,4,,
το πράμα,1503,Society & Relationships,5,,
υπερβολικά,1505,Society & Relationships,5,,
η άποψη,1559,Society & Relationships,5,,
η αμφιβολία,1569,Society & Relationships,5,,
ανθρώπινη,1572,Society & Relationships,5,,
φυσιολογικός,1585,Society & Relationships,5,,
η γνωριμία,1598,Society & Relationships,5,,
τρομακτικός,1608,Society & Relationships,5,,
η κοινωνία,1609,Society & Relationships,5,,
η φαντασία,1634,Society & Relationships,5,,
αμφιβάλλω / αμφέβαλα,1662,Society & Relationships,5,,
ιδιαίτερο,1704,Society & Relationships,5,,
αποδείξω / απέδειξα,1706,Society & Relationships,5,,
το συναίσθημα,1708,Society & Relationships,5,,
παρόλο,1770,Society & Relationships,5,,
η συναισθήματα,1772,Society & Relationships,5,,
ευχαρίστως,1781,Society & Relationships,5,,
η σοφία,1790,Society & Relationships,5,,
η αυτοκτονία,1806,Society & Relationships,5,,
η ικανότητα,1827,Society & Relationships,5,,
η ευχαρίστηση,1837,Society & Relationships,5,,
η καλοσύνη,1865,Society & Relationships,5,,
ο χαρακτήρας,1867,Society & Relationships,5,,
η επιστήμη,1950,Society & Relationships,5,,
η αντίδραση,1960,Society & Relationships,5,,
ενδιαφέρομαι / ενδιαφέρθηκα,1969,Society & Relationships,5,,
η φιλία,1979,Society & Relationships,5,,
η ασθένεια,1983,Society & Relationships,5,,
πάντοτε,1988,Society & Relationships,5,,
η αληθεια,2025,Society & Relationships,5,,
η γνώση,2041,Society & Relationships,6,,
συμπαθώ / συμπάθησα,2044,Society & Relationships,6,,
προσπάθησες,2050,Society & Relationships,6,,
η τέχνη,2063,Society & Relationships,6,,
ταυτόχρονα,2065,Society & Relationships,6,,
σεξουαλικός,2086,Society & Relationships,6,,
ασυνήθιστος,2120,Society & Relationships,6,,
το προαίσθημα,2136,Society & Relationships,6,,
ξεχωριστός,2172,Society & Relationships,6,,
η ατμόσφαιρα,2182,Society & Relationships,6,,
αηδιαστικός,2183,Society & Relationships,6,,
συνηθισμένος,2187,Society & Relationships,6,,
καταραμένος,2190,Society & Relationships,6,,
μεγαλώσει / μεγάλωσε,2200,Society & Relationships,6,,
η αδυναμία,2239,Society & Relationships,6,,
συνηθίσει / συνήθισε,2266,Society & Relationships,6,,
η έννοια,2288,Society & Relationships,6,,
ενδιαφέρεσαι,2294,Society & Relationships,6,,
υποφέρω / υπόφερα,2313,Society & Relationships,6,,
ανακαλύψει / ανακάλυψε,2324,Society & Relationships,6,,
ρομαντικός,2342,Society & Relationships,6,,
η έκφραση,2351,Society & Relationships,6,,
κοινωνικός,2359,Society & Relationships,6,,
παραδέχομαι / παραδέχτηκα,2425,Society & Relationships,6,,
φυσιολογικά,2444,Society & Relationships,6,,
παράλογος,2452,Society & Relationships,6,,
οικογενειακός,2503,Society & Relationships,6,,
άλλωστε,2523,Society & Relationships,6,,
μεγαλώνω / μεγάλωσα,2524,Society & Relationships,6,,
η μοναξιά,2547,Society & Relationships,6,,
εκπλήσσομαι / εκπλάγηκα,2567,Society & Relationships,7,,
ο επιστήμονας,2585,Society & Relationships,7,,
δημιουργώ / δημιούργησα,2587,Society & Relationships,7,,
η εμμονή,2590,Society & Relationships,7,,
μαθηματικά,2596,Society & Relationships,7,,
αποδείξει / απέδειξε,2617,Society & Relationships,7,,
το πραγμα,2661,Society & Relationships,7,,
αντιμετωπίζω / αντιμετώπισα,2672,Society & Relationships,7,,
η περιπέτεια,2679,Society & Relationships,7,,
η αρρώστια,2691,Society & Relationships,7,,
αρνητικός,2778,Society & Relationships,7,,
παρόμοιος,2789,Society & Relationships,7,,
γενικά,2793,Society & Relationships,7,,
επαγγελματικός,2795,Society & Relationships,7,,
παραδεχτώ / παραδεχτούσα,2822,Society & Relationships,7,,
η προφορά,2832,Society & Relationships,7,,
αναγνωρίζω / αναγνώρισα,2837,Society & Relationships,7,,
δέχομαι / δέχθηκα,2838,Society & Relationships,7,,
η περιέργεια,2852,Society & Relationships,7,,
η κατανόηση,2877,Society & Relationships,7,,
αγαπημένος,2909,Society & Relationships,7,,
η θέληση,2913,Society & Relationships,7,,
ηθικός,2956,Society & Relationships,7,,
η κατάθλιψη,2958,Society & Relationships,7,,
η ανάμνηση,2965,Society & Relationships,7,,
η συνείδηση,2973,Society & Relationships,7,,
παρατάς,2989,Society & Relationships,7,,
η ανησυχία,3079,Society & Relationships,7,,
εξίσου,3087,Society & Relationships,7,,
ιδιαίτερος,3104,Society & Relationships,7,,
ήρεμος,3109,Society & Relationships,8,,
η αφοσίωση,3122,Society & Relationships,8,,
η ομολογία,3149,Society & Relationships,8,,
η ισορροπία,3162,Society & Relationships,8,,
η ενοχή,3169,Society & Relationships,8,,
ανακαλύψω / ανακάλυψα,3201,Society & Relationships,8,,
ισχυρίζομαι / ισχυρίστηκα,3210,Society & Relationships,8,,
εμπιστεύεται / εμπιστεύτηκε,3240,Society & Relationships,8,,
η συνήθεια,3261,Society & Relationships,8,,
η αυτοπεποίθηση,3265,Society & Relationships,8,,
η ερωμένη,3274,Society & Relationships,8,,
σεξουαλικά,3288,Society & Relationships,8,,
ερωτικός,3332,Society & Relationships,8,,
βαρεθεί,3339,Society & Relationships,8,,
υπηρέτρια,3345,Society & Relationships,8,,
παραμικρός,3375,Society & Relationships,8,,
συλλάβω,3376,Society & Relationships,8,,
η προσωπικότητα,3383,Society & Relationships,8,,
η ιδιοφυία,3390,Society & Relationships,8,,
η αγαπη,3413,Society & Relationships,8,,
η αξιοπρέπεια,3425,Society & Relationships,8,,
οι παραισθήσεις,3452,Society & Relationships,8,,
η ανθρωποκτονία,3464,Society & Relationships,8,,
σοβαρολογώ / σοβαρολόγησα,3470,Society & Relationships,8,,
καταφέρνω / κατάφερα,3485,Society & Relationships,8,,
η γοητεία,3517,Society & Relationships,8,,
αναστατωμένος,3539,Society & Relationships,8,,
η ενόχληση,3543,Society & Relationships,8,,
ο εραστής,3595,Society & Relationships,8,,
η συναισθήματά,3609,Society & Relationships,8,,
η βαρύτητα,3651,Society & Relationships,9,,
ο καλεσμένος,3652,Society & Relationships,9,,
η δυσκολία,3664,Society & Relationships,9,,
συναισθηματικά,3681,Society & Relationships,9,,
μπερδεμένος,3686,Society & Relationships,9,,
φοβισμένος,3687,Society & Relationships,9,,
η αισθήματά,3697,Society & Relationships,9,,
επιθυμώ / επιθύμησα,3710,Society & Relationships,9,,
προσεύχομαι / προσευχήθηκα,3715,Society & Relationships,9,,
ο συγγενής,3716,Society & Relationships,9,,
η επίδραση,3742,Society & Relationships,9,,
το σύντροφε,3768,Society & Relationships,9,,
η προσέγγιση,3794,Society & Relationships,9,,
το αίσθημα,3800,Society & Relationships,9,,
ο υπηρέτης,3810,Society & Relationships,9,,
η διαταραχή,3845,Society & Relationships,9,,
ανθρωπος,3846,Society & Relationships,9,,
το προβλημα,3859,Society & Relationships,9,,
οικογένειάς,3865,Society & Relationships,9,,
ειλικρίνεια,3868,Society & Relationships,9,,
συναισθηματικός,3886,Society & Relationships,9,,
η βιασύνη,3892,Society & Relationships,9,,
η ευγνωμοσύνη,3894,Society & Relationships,9,,
συμπαθής,3895,Society & Relationships,9,,
επιμένω / επέμεινα,3903,Society & Relationships,9,,
η αγωνία,3944,Society & Relationships,9,,
η ευγένεια,3947,Society & Relationships,9,,
ευλογεί / ευλόγησε,3953,Society & Relationships,9,,
η ποίηση,4059,Society & Relationships,9,,
η περίσταση,4072,Society & Relationships,9,,
πληγωθεί,4090,Society & Relationships,10,,
νθρωπος,4104,Society & Relationships,10,,
η αιωνιότητα,4110,Society & Relationships,10,,
η ευχαριστία,4116,Society & Relationships,10,,
η κουβεντούλα,4135,Society & Relationships,10,,
το συζύγους,4162,Society & Relationships,10,,
ερωτευτεί,4172,Society & Relationships,10,,
η δυστυχία,4199,Society & Relationships,10,,
δυσκολεύομαι / δυσκολεύτηκα,4227,Society & Relationships,10,,
η σύγχυση,4234,Society & Relationships,10,,
η απογοήτευση,4245,Society & Relationships,10,,
η περηφάνια,4263,Society & Relationships,10,,
η διατροφή,4283,Society & Relationships,10,,
χειριστείς,4303,Society & Relationships,10,,
φανταστεί,4314,Society & Relationships,10,,
γιαυτό,4357,Society & Relationships,10,,
η ιδιοφυΐα,4359,Society & Relationships,10,,
ανατριχιαστικός,4361,Society & Relationships,10,,
ο κοσμος,4392,Society & Relationships,10,,
πνευματικός,4393,Society & Relationships,10,,
μεγαλώσω / μεγάλωσα,4407,Society & Relationships,10,,
πραγματικα,4410,Society & Relationships,10,,
η παρατήρηση,4432,Society & Relationships,10,,
ο σύντροφος,4433,Society & Relationships,10,,
μετανιώνω / μετάνιωσα,4440,Society & Relationships,10,,
σωματικός,4451,Society & Relationships,10,,
παρατάω / παράτησα,4454,Society & Relationships,10,,
η ιδεα,4473,Society & Relationships,10,,
μπλεγμένος,4475,Society & Relationships,10,,
σωματικά,4498,Society & Relationships,10,,
ο άνθρωπός,4506,Society & Relationships,11,,
η διάνοια,4520,Society & Relationships,11,,
το ικανότητές,4521,Society & Relationships,11,,
αισθανθείς,4526,Society & Relationships,11,,
απολαμβάνω / απόλαυσα,4579,Society & Relationships,11,,
ο πολεμάς,4629,Society & Relationships,11,,
κατανοώ / κατανόησα,4673,Society & Relationships,11,,
αγχωμένος,4687,Society & Relationships,11,,
απελπισμένος,4696,Society & Relationships,11,,
προσποιείσαι,4704,Society & Relationships,11,,
η φιλοσοφία,4707,Society & Relationships,11,,
γνωριστεί,4710,Society & Relationships,11,,
οι οικογένειές,4714,Society & Relationships,11,,
ο εγωιστής,4727,Society & Relationships,11,,
η προσδοκία,4750,Society & Relationships,11,,
η ανωμαλία,4755,Society & Relationships,11,,
παρατηρώ / παρατήρησα,4777,Society & Relationships,11,,
η φαντασίωση,4790,Society & Relationships,11,,
λυπημένος,4800,Society & Relationships,11,,
η απογοήτευσα,4805,Society & Relationships,11,,
το γκόμενο,4848,Society & Relationships,11,,
διαφέρω / διέφερα,4851,Society & Relationships,11,,
χαρακτηριστικός,4854,Society & Relationships,11,,
η ψευδαίσθηση,4904,Society & Relationships,11,,
δεμένος,4908,Society & Relationships,11,,
εκείνου,4930,Society & Relationships,11,,
η απόλαυση,4938,Society & Relationships,11,,
η αναστάτωση,4940,Society & Relationships,11,,
μυστηριώδης,4957,Society & Relationships,11,,
η κουλτούρα,5023,Society & Relationships,11,,
η αντίληψη,5026,Society & Relationships,12,,
η συμπόνια,5038,Society & Relationships,12,,
το χειροκρότημα,5042,Society & Relationships,12,,
η αγένεια,5057,Society & Relationships,12,,
ο καλλιτέχνης,5076,Society & Relationships,12,,
η μανία,5078,Society & Relationships,12,,
παρανοϊκός,5126,Society & Relationships,12,,
η οικογενεια,5165,Society & Relationships,12,,
παρατήρησες,5218,Society & Relationships,12,,
η παρενόχληση,5246,Society & Relationships,12,,
η νοημοσύνη,5247,Society & Relationships,12,,
το αυτοκτονήσω,5253,Society & Relationships,12,,
αισθανθώ / αισθανθούσα,5261,Society & Relationships,12,,
κολλημένος,5280,Society & Relationships,12,,
η χαζομάρα,5298,Society & Relationships,12,,
ψυχιατρικός,5329,Society & Relationships,12,,
λυπάται / λυπήθηκε,5336,Society & Relationships,12,,
εξυπνάδα,5393,Society & Relationships,12,,
πληγωμένος,5423,Society & Relationships,12,,
εξωφρενικός,5443,Society & Relationships,12,,
η ψυχολογία,5467,Society & Relationships,12,,
αντιλαμβάνομαι / αντιλήφθηκα,5478,Society & Relationships,12,,
η ιστορια,5513,Society & Relationships,12,,
καθημερινός,5583,Society & Relationships,12,,
πεινασμένος,5588,Society & Relationships,12,,
αποτυχημένος,5590,Society & Relationships,12,,
σεξουαλικό,5599,Society & Relationships,12,,
η κακοποίηση,5604,Society & Relationships,12,,
αόρατος,5605,Society & Relationships,12,,
η περίπτωσή,5606,Society & Relationships,12,,
εμπιστεύσου,5648,Society & Relationships,13,,
η ματία,5664,Society & Relationships,13,,
ελευθερώσω / ελευθέρωσα,5687,Society & Relationships,13,,
περιγράψω / περιέγραψα,5692,Society & Relationships,13,,
αξιαγάπητος,5732,Society & Relationships,13,,
το προσευχήσου,5752,Society & Relationships,13,,
ο ψυχικός,5755,Society & Relationships,13,,
η διαίσθηση,5757,Society & Relationships,13,,
η απληστία,5761,Society & Relationships,13,,
η έκτρωση,5764,Society & Relationships,13,,
η ερμηνεία,5768,Society & Relationships,13,,
ανέχομαι / ανέχτηκα,5780,Society & Relationships,13,,
η αφοσίωσή,5783,Society & Relationships,13,,
η φιλοδοξία,5790,Society & Relationships,13,,
η σκλάβα,5799,Society & Relationships,13,,
αξιολύπητος,5807,Society & Relationships,13,,
παραδέχεσαι,5853,Society & Relationships,13,,
η επιδημία,5855,Society & Relationships,13,,
η φιλανθρωπία,5864,Society & Relationships,13,,
παγιδευμένος,5866,Society & Relationships,13,,
μαζικός,5874,Society & Relationships,13,,
η καρδια,5896,Society & Relationships,13,,
οι φαντασιώσεις,5899,Society & Relationships,13,,
ταραγμένος,5907,Society & Relationships,13,,
πεισματάρης,5908,Society & Relationships,13,,
η ύπαρξή,5912,Society & Relationships,13,,
η πανούκλα,5979,Society & Relationships,13,,
τελετουργικός,5980,Society & Relationships,13,,
ψυχολογικός,6001,Society & Relationships,13,,
οι φανείς,6042,Society & Relationships,13,,
η αμνησία,6052,Society & Relationships,14,,
προσποιείται / προσποιήθηκε,6062,Society & Relationships,14,,
δυστυχισμένος,6091,Society & Relationships,14,,
προσποιηθώ / προσποιηθούσα,6149,Society & Relationships,14,,
η πρόσωπά,6155,Society & Relationships,14,,
η απόγνωση,6166,Society & Relationships,14,,
περιστασιακά,6176,Society & Relationships,14,,
η ομοιότητα,6187,Society & Relationships,14,,
αγκαλιάσω / αγκάλιασα,6193,Society & Relationships,14,,
συνειδητοποιώ / συνειδητοποίησα,6194,Society & Relationships,14,,
ο παρθένος,6211,Society & Relationships,14,,
η καταγωγή,6321,Society & Relationships,14,,
η απορία,6323,Society & Relationships,14,,
η τύφλα,6332,Society & Relationships,14,,
ο προστάτης,6354,Society & Relationships,14,,
προσποιούμαι / προσποιήθηκα,6356,Society & Relationships,14,,
η υπερηφάνεια,6360,Society & Relationships,14,,
οι ήρεμοι,6373,Society & Relationships,14,,
μαστουρωμένος,6380,Society & Relationships,14,,
προσβλητικός,6410,Society & Relationships,14,,
η αδικία,6413,Society & Relationships,14,,
εγκληματικός,6436,Society & Relationships,14,,
οικογενειακά,6451,Society & Relationships,14,,
η λογοτεχνία,6456,Society & Relationships,14,,
η αμηχανία,6458,Society & Relationships,14,,
πατρικός,6480,Society & Relationships,14,,
πνευματικά,6523,Society & Relationships,14,,
η αρμονία,6604,Society & Relationships,14,,
φιλανθρωπικός,6621,Society & Relationships,14,,
ο λυκάνθρωπος,6624,Society & Relationships,14,,
στοιχειωμένος,6659,Society & Relationships,15,,
εγωιστικός,6661,Society & Relationships,15,,
καθολικός,6668,Society & Relationships,15,,
διατεθειμένος,6678,Society & Relationships,15,,
δραματικός,6724,Society & Relationships,15,,
η συμπάθεια,6737,Society & Relationships,15,,
το κόσ,6738,Society & Relationships,15,,
νοιώθει / ένοιωσε,6743,Society & Relationships,15,,
το περιπτώσει,6760,Society & Relationships,15,,
το εκδικηθώ,6765,Society & Relationships,15,,
τσαντισμένος,6786,Society & Relationships,15,,
η μάρα,6787,Society & Relationships,15,,
η εγωίστρια,6791,Society & Relationships,15,,
η έκσταση,6800,Society & Relationships,15,,
αστειεύεται / αστειεύτηκε,6813,Society & Relationships,15,,
ο αντιπερισπασμός,6822,Society & Relationships,15,,
η τελειότητα,6831,Society & Relationships,15,,
η μυστικότητα,6863,Society & Relationships,15,,
το οργασμό,6885,Society & Relationships,15,,
η ευαισθησία,6910,Society & Relationships,15,,
η άγνοια,6927,Society & Relationships,15,,
η γενναιοδωρία,6928,Society & Relationships,15,,
η ανατροφή,6973,Society & Relationships,15,,
παρεπιπτόντως,6988,Society & Relationships,15,,
η απελπισία,7013,Society & Relationships,15,,
το προσωπο,7039,Society & Relationships,15,,
στατιστικός,7073,Society & Relationships,15,,
εθισμένος,7107,Society & Relationships,15,,
οι προσεύχεσαι,7146,Society & Relationships,15,,
τραγικός,7151,Society & Relationships,15,,
η ασέβεια,7206,Society & Relationships,16,,
η αθωότητα,7238,Society & Relationships,16,,
ατομικός,7267,Society & Relationships,16,,
διακρίνω / διέκρινα,7278,Society & Relationships,16,,
ευλογημένος,7281,Society & Relationships,16,,
προσβάλω / προσέβαλα,7287,Society & Relationships,16,,
ο δημιουργός,7288,Society & Relationships,16,,
η αλληλούια,7293,Society & Relationships,16,,
μονός,7303,Society & Relationships,16,,
η μόρφωση,7307,Society & Relationships,16,,
σατανικός,7308,Society & Relationships,16,,
η εικασία,7311,Society & Relationships,16,,
νευριασμένος,7316,Society & Relationships,16,,
απογοητευτικός,7331,Society & Relationships,16,,
μαθηματικός,7341,Society & Relationships,16,,
ο αρετής,7347,Society & Relationships,16,,
η προσοχη,7352,Society & Relationships,16,,
μελλοντικός,7377,Society & Relationships,16,,
κουρασμένοι,7387,Society & Relationships,16,,
παραπονιέμαι / παραπονέθηκα,7479,Society & Relationships,16,,
κινηθείς,7481,Society & Relationships,16,,
η φλυαρία,7488,Society & Relationships,16,,
υπερβάλλεις,7531,Society & Relationships,16,,
παγωμένος,7600,Society & Relationships,16,,
ανθρωπιά,7609,Society & Relationships,16,,
αγαπημένοι,7655,Society & Relationships,16,,
μετανιώσω / μετάνιωσα,7660,Society & Relationships,16,,
ανακατευτείς,7661,Society & Relationships,16,,
διαισθάνομαι / διαισθανόμουν,7664,Society & Relationships,16,,
η ηλικιωμένη,7666,Society & Relationships,16,,
η ταύτιση,7675,Society & Relationships,17,,
η επίγνωση,7708,Society & Relationships,17,,
τρομαχτικός,7715,Society & Relationships,17,,
η νοικοκυρά,7776,Society & Relationships,17,,
ο παράγοντας,7819,Society & Relationships,17,,
συγχρόνως,7855,Society & Relationships,17,,
η πεποίθηση,7864,Society & Relationships,17,,
ψυχικά,7875,Society & Relationships,17,,
ξεκαρδιστικός,7883,Society & Relationships,17,,
τρομοκρατημένος,7895,Society & Relationships,17,,
άλλοτε,7919,Society & Relationships,17,,
ο απογοήτευσες,7930,Society & Relationships,17,,
διαβολικός,7937,Society & Relationships,17,,
παρασύρω / παρέσυρα,7945,Society & Relationships,17,,
η αναπαράσταση,7950,Society & Relationships,17,,
η λατρεία,7953,Society & Relationships,17,,
η έξαψη,7954,Society & Relationships,17,,
διακριτικός,7961,Society & Relationships,17,,
αναστενάζω / αναστέναξα,7963,Society & Relationships,17,,
στημένος,7971,Society & Relationships,17,,
η συγκίνηση,7972,Society & Relationships,17,,
η στοργή,8016,Society & Relationships,17,,
η προσπάθειά,8037,Society & Relationships,17,,
πιστεύεται / πιστεύτηκε,8077,Society & Relationships,17,,
ο πατριός,8084,Society & Relationships,17,,
εξαντλημένος,8091,Society & Relationships,17,,
κλεισμένος,8096,Society & Relationships,17,,
ο παρατηρητής,8115,Society & Relationships,17,,
η διασημότητα,8123,Society & Relationships,17,,
το αφεντικο,8170,Society & Relationships,17,,
πειστικός,8202,Society & Relationships,18,,
καταθλιπτικός,8204,Society & Relationships,18,,
η ψύχωση,8224,Society & Relationships,18,,
θρησκευτικός,8226,Society & Relationships,18,,
ο νονός,8228,Society & Relationships,18,,
παραδίνομαι / παραδόθηκα,8265,Society & Relationships,18,,
λατρέψει / λάτρεψε,8302,Society & Relationships,18,,
περισσότερος,8393,Society & Relationships,18,,
θλιμμένος,8456,Society & Relationships,18,,
η ταπείνωση,8483,Society & Relationships,18,,
η υστερία,8498,Society & Relationships,18,,
το τεχνούργημα,8524,Society & Relationships,18,,
φυσιολογικοί,8530,Society & Relationships,18,,
η περιφρόνηση,8560,Society & Relationships,18,,
προσβάλλω / προσέβαλα,8585,Society & Relationships,18,,
η διακριτικότητα,8591,Society & Relationships,18,,
η οικειότητα,8610,Society & Relationships,18,,
συγχωρεί / συγχώρησε,8626,Society & Relationships,18,,
η καρδούλα,8639,Society & Relationships,18,,
τρέφομαι / τράφηκα,8649,Society & Relationships,18,,
η ενέργειά,8654,Society & Relationships,18,,
η υπερβολή,8679,Society & Relationships,18,,
ο οικογενείας,8689,Society & Relationships,18,,
ο ενοχής,8698,Society & Relationships,18,,
η κακοτυχία,8704,Society & Relationships,18,,
κρατιέμαι / κρατήθηκα,8746,Society & Relationships,18,,
υποκρίνεσαι,8770,Society & Relationships,18,,
η αλαζονεία,8791,Society & Relationships,18,,
η επιμονή,8822,Society & Relationships,18,,
παραπονιέται / παραπονέθηκε,8850,Society & Relationships,18,,
το απόλαυσέ,8873,Society & Relationships,19,,
η ανικανότητα,8883,Society & Relationships,19,,
ονειρευτεί,8940,Society & Relationships,19,,
η απιστία,8980,Society & Relationships,19,,
αδιαφορώ / αδιαφόρησα,8981,Society & Relationships,19,,
πιωμένος,8996,Society & Relationships,19,,
η ασυναρτησία,9028,Society & Relationships,19,,
η ψυχανάλυση,9029,Society & Relationships,19,,
παθιασμένος,9033,Society & Relationships,19,,
εμπιστευτικά,9034,Society & Relationships,19,,
προσέξω / πρόσεξα,9045,Society & Relationships,19,,
η παραίσθηση,9049,Society & Relationships,19,,
η συγγένεια,9057,Society & Relationships,19,,
ικανοποιώ / ικανοποίησα,9111,Society & Relationships,19,,
συγκλονιστικός,9114,Society & Relationships,19,,
ο κατάφερνες,9120,Society & Relationships,19,,
το προσευχόμουν,9202,Society & Relationships,19,,
ο δυναμίτης,9205,Society & Relationships,19,,
ο σύντροφός,9223,Society & Relationships,19,,
εξευτελιστικός,9293,Society & Relationships,19,,
η μεταμφίεση,9345,Society & Relationships,19,,
αντιληφθεί,9347,Society & Relationships,19,,
ασήμαντος,9368,Society & Relationships,19,,
σιγουρευτεί,9380,Society & Relationships,19,,
ζαλισμένος,9382,Society & Relationships,19,,
προσποιηθείς,9392,Society & Relationships,19,,
ο αναγνώστης,9433,Society & Relationships,19,,
βιώσει / βίωσε,9450,Society & Relationships,19,,
η υποκρισία,9488,Society & Relationships,19,,
η σοβαρότητα,9499,Society & Relationships,19,,
έμπιστος,9515,Society & Relationships,20,,
εκμεταλλεύεται / εκμεταλλεύτηκε,9517,Society & Relationships,20,,
πεσμένος,9524,Society & Relationships,20,,
σοκαριστικός,9566,Society & Relationships,20,,
αντανακλαστικά,9568,Society & Relationships,20,,
απαγορευμένος,9572,Society & Relationships,20,,
ο αντίκας,9584,Society & Relationships,20,,
η πρωταγωνίστρια,9624,Society & Relationships,20,,
το κακομαθημένο,9633,Society & Relationships,20,,
η μουσικη,9635,Society & Relationships,20,,
η παρόρμηση,9675,Society & Relationships,20,,
τρομαγμένος,9695,Society & Relationships,20,,
η ανυπομονησία,9699,Society & Relationships,20,,
γεράσει / γέρασε,9729,Society & Relationships,20,,
πρόστυχος,9749,Society & Relationships,20,,
υπερφυσικός,9767,Society & Relationships,20,,
η απομίμηση,9832,Society & Relationships,20,,
η λύσσα,9834,Society & Relationships,20,,
στιγμιαίος,9859,Society & Relationships,20,,
το τσιράκι,9877,Society & Relationships,20,,
φαινομενικά,9883,Society & Relationships,20,,
η ψυχοθεραπεία,9893,Society & Relationships,20,,
ο ρατσιστικός,9905,Society & Relationships,20,,
η γυναικούλα,9910,Society & Relationships,20,,
αντιδρώ / αντέδρασα,9912,Society & Relationships,20,,
η ματαιοδοξία,9923,Society & Relationships,20,,
η αρετή,9936,Society & Relationships,20,,
η αντιδρά,9953,Society & Relationships,20,,
η ελεημοσύνη,9956,Society & Relationships,20,,
θετή,9976,Society & Relationships,20,,
συγκρατημένος,9987,Society & Relationships,21,,
σήμερα,110,Geopolitics & News,1,,
μάλιστα,190,Geopolitics & News,1,,
δηλαδή,247,Geopolitics & News,1,,
η σημασία,301,Geopolitics & News,1,,
η κατάσταση,308,Geopolitics & News,1,,
τελικά,331,Geopolitics & News,1,,
η δύναμη,339,Geopolitics & News,1,,
η χώρα,366,Geopolitics & News,1,,
πλέον,370,Geopolitics & News,1,,
η συμφωνία,391,Geopolitics & News,1,,
παρά,397,Geopolitics & News,1,,
η πλευρά,417,Geopolitics & News,1,,
υποτίθεται / υποτίθετο,459,Geopolitics & News,1,,
ο πόλεμος,464,Geopolitics & News,1,,
η επίθεση,518,Geopolitics & News,1,,
ο γεγονός,601,Geopolitics & News,1,,
η διαφορά,666,Geopolitics & News,1,,
η τάξη,689,Geopolitics & News,1,,
η αμερική,705,Geopolitics & News,1,,
ο στρατός,795,Geopolitics & News,1,,
επικίνδυνο,801,Geopolitics & News,1,,
η πιθανότητα,921,Geopolitics & News,1,,
το αποτέλεσμα,983,Geopolitics & News,1,,
η ειρήνη,1000,Geopolitics & News,1,,
η πορεία,1014,Geopolitics & News,1,,
η ελευθερία,1063,Geopolitics & News,1,,
η πολιτική,1071,Geopolitics & News,1,,
η καταστροφή,1075,Geopolitics & News,1,,
η κρίση,1090,Geopolitics & News,1,,
απέναντι,1104,Geopolitics & News,1,,
η απειλή,1178,Geopolitics & News,2,,
η πατρίδα,1192,Geopolitics & News,2,,
ωστόσο,1197,Geopolitics & News,2,,
η ταυτότητα,1202,Geopolitics & News,2,,
η στάση,1209,Geopolitics & News,2,,
αγγλικός,1219,Geopolitics & News,2,,
η λογική,1226,Geopolitics & News,2,,
η γαλλία,1291,Geopolitics & News,2,,
η συνθήκη,1449,Geopolitics & News,2,,
ασφαλώς,1479,Geopolitics & News,2,,
αντίθετος,1516,Geopolitics & News,2,,
το σύνορο,1565,Geopolitics & News,2,,
η ευρώπη,1589,Geopolitics & News,2,,
επομένως,1651,Geopolitics & News,2,,
η παρεξήγηση,1677,Geopolitics & News,2,,
η συμμορία,1690,Geopolitics & News,2,,
η πολιτεία,1820,Geopolitics & News,2,,
η γερμανία,1993,Geopolitics & News,2,,
η εξέλιξη,2024,Geopolitics & News,2,,
η εγκλήματα,2068,Geopolitics & News,2,,
η συνέπεια,2075,Geopolitics & News,2,,
η ιταλία,2248,Geopolitics & News,2,,
η πρόκληση,2304,Geopolitics & News,2,,
η αποτυχία,2310,Geopolitics & News,2,,
η δύναμή,2311,Geopolitics & News,2,,
η επανάσταση,2316,Geopolitics & News,2,,
η κατοχή,2353,Geopolitics & News,2,,
η κοινότητα,2366,Geopolitics & News,2,,
η προδοσία,2378,Geopolitics & News,2,,
η στροφή,2379,Geopolitics & News,2,,
στρατιωτικός,2387,Geopolitics & News,3,,
καταστρέψω / κατέστρεψα,2426,Geopolitics & News,3,,
η επιρροή,2461,Geopolitics & News,3,,
η αναγνώριση,2474,Geopolitics & News,3,,
ναυτικός,2487,Geopolitics & News,3,,
επιτρέψω / επέτρεψα,2488,Geopolitics & News,3,,
αντίθετα,2497,Geopolitics & News,3,,
ουσιαστικά,2500,Geopolitics & News,3,,
επικίνδυνα,2505,Geopolitics & News,3,,
η ανατολή,2545,Geopolitics & News,3,,
η καθάρματα,2556,Geopolitics & News,3,,
αντιμετωπίσω / αντιμετώπισα,2605,Geopolitics & News,3,,
η ένωση,2619,Geopolitics & News,3,,
ισχυρή,2656,Geopolitics & News,3,,
η ανθρωπότητα,2663,Geopolitics & News,3,,
εκραγεί,2674,Geopolitics & News,3,,
παγκόσμιος,2675,Geopolitics & News,3,,
η δημοκρατία,2692,Geopolitics & News,3,,
αντιμετωπίσεις,2733,Geopolitics & News,3,,
η ρωσία,2738,Geopolitics & News,3,,
το έθνος,2743,Geopolitics & News,3,,
η θρησκεία,2744,Geopolitics & News,3,,
η στρατηγική,2786,Geopolitics & News,3,,
επιτίθεμαι / επετέθη,2792,Geopolitics & News,3,,
η αντίσταση,2806,Geopolitics & News,3,,
ισπανία,2819,Geopolitics & News,3,,
η σύγκρουση,2878,Geopolitics & News,3,,
ο καυγάς,2895,Geopolitics & News,3,,
αποδεικνύω / απέδειξα,2897,Geopolitics & News,3,,
η κληρονομιά,2900,Geopolitics & News,3,,
προστατεύσω / προστάτευσα,2996,Geopolitics & News,4,,
η εισβολή,3083,Geopolitics & News,4,,
η αντίθεση,3173,Geopolitics & News,4,,
επιτεθεί,3189,Geopolitics & News,4,,
η αυτοκρατορία,3195,Geopolitics & News,4,,
ισπανικός,3266,Geopolitics & News,4,,
η υπεράσπιση,3275,Geopolitics & News,4,,
το κράτος,3331,Geopolitics & News,4,,
η απομόνωση,3410,Geopolitics & News,4,,
η εκστρατεία,3426,Geopolitics & News,4,,
η αδύναμη,3473,Geopolitics & News,4,,
ο αδιέξοδος,3521,Geopolitics & News,4,,
η αδελφότητα,3598,Geopolitics & News,4,,
αντιθέτως,3630,Geopolitics & News,4,,
η κριτική,3655,Geopolitics & News,4,,
η προδότη,3680,Geopolitics & News,4,,
γαλλικός,3740,Geopolitics & News,4,,
η πάλη,3752,Geopolitics & News,4,,
η συμμαχία,3791,Geopolitics & News,4,,
φοβισμένη,3807,Geopolitics & News,4,,
μαλιστα,3900,Geopolitics & News,4,,
αναμφίβολα,3916,Geopolitics & News,4,,
η μαφία,3927,Geopolitics & News,4,,
απειλώ / απείλησα,3931,Geopolitics & News,4,,
γερμανικός,3991,Geopolitics & News,4,,
αμερικάνικος,3999,Geopolitics & News,4,,
επιστημονικός,4000,Geopolitics & News,4,,
ο πραγμάτων,4008,Geopolitics & News,4,,
η επιβίωση,4070,Geopolitics & News,4,,
η επιδρομή,4146,Geopolitics & News,4,,
ανεξάρτητα,4174,Geopolitics & News,5,,
υποστηρίζω / υποστήριξα,4230,Geopolitics & News,5,,
βιαστικά,4244,Geopolitics & News,5,,
η διάσταση,4338,Geopolitics & News,5,,
η συνωμοσία,4346,Geopolitics & News,5,,
πυρηνικός,4397,Geopolitics & News,5,,
ο πολιτισμός,4402,Geopolitics & News,5,,
καταρρεύσει / κατάρρευσε,4403,Geopolitics & News,5,,
το στράτευμα,4465,Geopolitics & News,5,,
η εκτόξευση,4483,Geopolitics & News,5,,
η προοπτική,4607,Geopolitics & News,5,,
επιτεθώ / επιτεθούσα,4616,Geopolitics & News,5,,
η βρετανία,4622,Geopolitics & News,5,,
η διαπραγμάτευση,4623,Geopolitics & News,5,,
η εξέγερση,4692,Geopolitics & News,5,,
καταρρέω / κατέρρευσα,4705,Geopolitics & News,5,,
η αυτοάμυνα,4732,Geopolitics & News,5,,
η διαμάχη,4761,Geopolitics & News,5,,
ειρηνικά,4767,Geopolitics & News,5,,
θεωρητικά,4770,Geopolitics & News,5,,
εγκληματολογικό,4823,Geopolitics & News,5,,
αντιπροσωπεύω / αντιπροσώπευσα,4829,Geopolitics & News,5,,
η αποικία,4830,Geopolitics & News,5,,
η διαφωνία,4839,Geopolitics & News,5,,
η πειθαρχία,4850,Geopolitics & News,5,,
διεθνής,4860,Geopolitics & News,5,,
συνεπώς,4889,Geopolitics & News,5,,
εξακολουθείς,4932,Geopolitics & News,5,,
θανατηφόρα,5013,Geopolitics & News,5,,
η αμερικάνικη,5027,Geopolitics & News,5,,
η ελλάδα,5121,Geopolitics & News,6,,
ο συμμορίας,5143,Geopolitics & News,6,,
η απελευθέρωση,5149,Geopolitics & News,6,,
ο επιστήμης,5366,Geopolitics & News,6,,
οπλισμένος,5367,Geopolitics & News,6,,
ολοκληρωτικά,5464,Geopolitics & News,6,,
η κηδεμονία,5503,Geopolitics & News,6,,
πολεμικός,5542,Geopolitics & News,6,,
η διέξοδος,5554,Geopolitics & News,6,,
ενδεχομένως,5562,Geopolitics & News,6,,
ιταλικός,5656,Geopolitics & News,6,,
αναπόφευκτο,5678,Geopolitics & News,6,,
η τελεία,5699,Geopolitics & News,6,,
αντισταθώ / αντισταθούσα,5718,Geopolitics & News,6,,
ο ιππικός,5747,Geopolitics & News,6,,
η ατζέντα,5749,Geopolitics & News,6,,
η κατάρρευση,5772,Geopolitics & News,6,,
αντισταθεί,5788,Geopolitics & News,6,,
η ασφυξία,5827,Geopolitics & News,6,,
η ανακωχή,5834,Geopolitics & News,6,,
το αντιο,5895,Geopolitics & News,6,,
ο ορίζοντας,5903,Geopolitics & News,6,,
αντίθετη,5914,Geopolitics & News,6,,
η σκοπιά,5946,Geopolitics & News,6,,
ελευθερώσει / ελευθέρωσε,5966,Geopolitics & News,6,,
η λεγεώνα,5985,Geopolitics & News,6,,
η βασιλεία,6129,Geopolitics & News,6,,
το πολέμους,6137,Geopolitics & News,6,,
η παράνοια,6141,Geopolitics & News,6,,
η ανάμειξη,6173,Geopolitics & News,6,,
η τρομοκρατία,6188,Geopolitics & News,7,,
η ακεραιότητα,6191,Geopolitics & News,7,,
η υποχώρηση,6278,Geopolitics & News,7,,
η κατάληξη,6293,Geopolitics & News,7,,
παράλληλα,6308,Geopolitics & News,7,,
η συντριβή,6338,Geopolitics & News,7,,
ελληνικός,6362,Geopolitics & News,7,,
η ασυλία,6440,Geopolitics & News,7,,
τρομοκρατικός,6454,Geopolitics & News,7,,
η ιεραρχία,6493,Geopolitics & News,7,,
η κυριαρχία,6499,Geopolitics & News,7,,
υποθετικά,6639,Geopolitics & News,7,,
υπερασπιστώ / υπερασπιστούσα,6652,Geopolitics & News,7,,
σύγχρονη,6727,Geopolitics & News,7,,
η ευημερία,6741,Geopolitics & News,7,,
θεραπεύσει / θεράπευσε,6756,Geopolitics & News,7,,
η εμβέλεια,6779,Geopolitics & News,7,,
η ρήξη,6826,Geopolitics & News,7,,
το γκέτο,6876,Geopolitics & News,7,,
επιβιώσω / επιβίωσα,6946,Geopolitics & News,7,,
εχθρικός,6950,Geopolitics & News,7,,
υποστηρίξω / υποστήριξα,6982,Geopolitics & News,7,,
ισχυρά,7096,Geopolitics & News,7,,
υπερασπίζω / υπεράσπισα,7105,Geopolitics & News,7,,
το αντίποινο,7108,Geopolitics & News,7,,
η μόρα,7118,Geopolitics & News,7,,
το ελίτ,7179,Geopolitics & News,7,,
ηρεμιστικά,7232,Geopolitics & News,7,,
η κατασταση,7319,Geopolitics & News,7,,
η ανεξαρτησία,7335,Geopolitics & News,7,,
ο συνόρων,7361,Geopolitics & News,8,,
η βεβαιότητα,7363,Geopolitics & News,8,,
οριστικά,7375,Geopolitics & News,8,,
η αναταραχή,7447,Geopolitics & News,8,,
η δυναμη,7512,Geopolitics & News,8,,
ρωσικός,7521,Geopolitics & News,8,,
η εμπλοκή,7529,Geopolitics & News,8,,
η προέλευση,7548,Geopolitics & News,8,,
η αντιπαράθεση,7571,Geopolitics & News,8,,
η συνομωσία,7577,Geopolitics & News,8,,
ελευθερωθεί,7593,Geopolitics & News,8,,
αναρρώσει / ανέρρωσε,7689,Geopolitics & News,8,,
αντιδράσει / αντίδρασε,7705,Geopolitics & News,8,,
η επανένωση,7712,Geopolitics & News,8,,
η αντιμετώπιση,7741,Geopolitics & News,8,,
σοβιετικός,7790,Geopolitics & News,8,,
καταστροφικός,7795,Geopolitics & News,8,,
η ανταρσία,7827,Geopolitics & News,8,,
καταπιεί / καταπίεσε,7849,Geopolitics & News,8,,
ο εμφύλιος,7871,Geopolitics & News,8,,
η γραφειοκρατία,7891,Geopolitics & News,8,,
οι παρεξηγήσεις,7914,Geopolitics & News,8,,
περιορίσω / περιόρισα,7969,Geopolitics & News,8,,
η ελευθερώση,8045,Geopolitics & News,8,,
η πρόσκρουση,8167,Geopolitics & News,8,,
θεραπευτεί,8198,Geopolitics & News,8,,
η σημασια,8234,Geopolitics & News,8,,
η θελήματα,8296,Geopolitics & News,8,,
φοβισμένοι,8299,Geopolitics & News,8,,
παγκόσμιας,8315,Geopolitics & News,8,,
η πυραμίδα,8356,Geopolitics & News,9,,
η σταθερότητα,8361,Geopolitics & News,9,,
η έφοδος,8369,Geopolitics & News,9,,
υπηρετήσω / υπηρέτησα,8423,Geopolitics & News,9,,
βαλλιστικός,8428,Geopolitics & News,9,,
η μεταμόρφωση,8447,Geopolitics & News,9,,
παραδόξως,8516,Geopolitics & News,9,,
ο πολεμος,8536,Geopolitics & News,9,,
αμφισβητώ / αμφισβήτησα,8551,Geopolitics & News,9,,
η τουρκία,8622,Geopolitics & News,9,,
η ενότητα,8628,Geopolitics & News,9,,
το σαμποτάζ,8644,Geopolitics & News,9,,
διπλωματικός,8670,Geopolitics & News,9,,
ανατιναχτεί,8731,Geopolitics & News,9,,
η βεντέτα,8985,Geopolitics & News,9,,
η διάκριση,8988,Geopolitics & News,9,,
φοβηθεί,9015,Geopolitics & News,9,,
η ανάμιξη,9021,Geopolitics & News,9,,
η νευρικότητα,9089,Geopolitics & News,9,,
η προκατάληψη,9099,Geopolitics & News,9,,
υπερασπιστείς,9109,Geopolitics & News,9,,
η υπεράσπισή,9150,Geopolitics & News,9,,
η αποσύνθεση,9166,Geopolitics & News,9,,
η αναγέννηση,9176,Geopolitics & News,9,,
η προπαγάνδα,9215,Geopolitics & News,9,,
ο τρομοκρατών,9218,Geopolitics & News,9,,
εβραϊκός,9257,Geopolitics & News,9,,
η αιματοχυσία,9318,Geopolitics & News,9,,
η εγκλήματά,9359,Geopolitics & News,9,,
ρώσικος,9384,Geopolitics & News,9,,
η επιθετικότητα,9386,Geopolitics & News,10,,
αηδιαστικά,9414,Geopolitics & News,10,,
το αντιπάλους,9485,Geopolitics & News,10,,
το ήπειρο,9500,Geopolitics & News,10,,
η ρώσικη,9508,Geopolitics & News,10,,
μέλλουσα,9523,Geopolitics & News,10,,
η ταραχή,9540,Geopolitics & News,10,,
η οντότητα,9559,Geopolitics & News,10,,
εξαφανίσει / εξαφάνισε,9575,Geopolitics & News,10,,
η πλευρα,9587,Geopolitics & News,10,,
η υποταγή,9609,Geopolitics & News,10,,
στρατιωτικοί,9704,Geopolitics & News,10,,
εντούτοις,9708,Geopolitics & News,10,,
η αποφασιστικότητα,9734,Geopolitics & News,10,,
μακροχρόνια,9736,Geopolitics & News,10,,
απειλείται / απειλήθηκε,9765,Geopolitics & News,10,,
ο σκοτωμός,9770,Geopolitics & News,10,,
το προσκήνιο,9809,Geopolitics & News,10,,
αναγκαστικά,9958,Geopolitics & News,10,,
σημα,9959,Geopolitics & News,10,,
η ανατροπή,9969,Geopolitics & News,10,,
προσ,9979,Geopolitics & News,10,,
η αστυνομία,229,Politics & Justice,1,,
προφανώς,389,Politics & Justice,1,,
το δικαίωμα,597,Politics & Justice,1,,
το δικαστήριο,674,Politics & Justice,1,,
η κυβέρνηση,789,Politics & Justice,1,,
βεβαίως,818,Politics & Justice,1,,
το δίκαιο,953,Politics & Justice,1,,
εξάλλου,1044,Politics & Justice,1,,
το συμβούλιο,1073,Politics & Justice,1,,
ο νόμος,1198,Politics & Justice,1,,
το καθήκον,1228,Politics & Justice,1,,
το ένταλμα,1301,Politics & Justice,1,,
η δικαιοσύνη,1322,Politics & Justice,1,,
η εξουσία,1419,Politics & Justice,1,,
ο δικαστής,1457,Politics & Justice,1,,
η δικαστή,1473,Politics & Justice,1,,
παρεμπιπτόντως,1576,Politics & Justice,1,,
ο πολίτης,1658,Politics & Justice,1,,
το ζήτημα,1713,Politics & Justice,1,,
ο εισαγγελέας,2035,Politics & Justice,1,,
το υπουργείο,2139,Politics & Justice,1,,
ξεκάθαρα,2443,Politics & Justice,1,,
κατηγορώ / κατηγόρησα,2506,Politics & Justice,1,,
η εκλογή,2527,Politics & Justice,1,,
το δανειστώ,2847,Politics & Justice,1,,
το κόμμα,2918,Politics & Justice,1,,
ένορκος,2964,Politics & Justice,1,,
ο υπουργός,3053,Politics & Justice,1,,
η καταδίκη,3503,Politics & Justice,1,,
οι παραιτούμαι,3842,Politics & Justice,1,,
επισήμως,3872,Politics & Justice,2,,
ο ιατροδικαστής,3982,Politics & Justice,2,,
πολιτικός,4068,Politics & Justice,2,,
η δημοσιότητα,4102,Politics & Justice,2,,
το σύνταγμα,4187,Politics & Justice,2,,
παραιτηθώ / παραιτηθούσα,4278,Politics & Justice,2,,
το συμφέρον,4438,Politics & Justice,2,,
η απεργία,4481,Politics & Justice,2,,
ο πρωθυπουργός,4504,Politics & Justice,2,,
η ψηφοφορία,4661,Politics & Justice,2,,
ακυρώσω / ακύρωσα,4807,Politics & Justice,2,,
η δικαιώματά,4818,Politics & Justice,2,,
το ενδεχόμενο,4877,Politics & Justice,2,,
κατηγορούμενος,4919,Politics & Justice,2,,
η ψήφος,4943,Politics & Justice,2,,
ο κρατούμενος,4976,Politics & Justice,2,,
ο επαναστάτης,5024,Politics & Justice,2,,
το κογκρέσο,5075,Politics & Justice,2,,
απαράδεκτος,5147,Politics & Justice,2,,
παραιτηθείς,5157,Politics & Justice,2,,
οι αντιδράσεις,5167,Politics & Justice,2,,
η άρνηση,5234,Politics & Justice,2,,
το κίνημα,5390,Politics & Justice,2,,
καταδικάζω / καταδίκασα,5392,Politics & Justice,2,,
δημοσίως,5416,Politics & Justice,2,,
φυλακισμένος,5460,Politics & Justice,2,,
η ομοσπονδία,5541,Politics & Justice,2,,
οι απολύσεις,5587,Politics & Justice,2,,
το τέχνασμα,5611,Politics & Justice,2,,
αστυνομια,5675,Politics & Justice,2,,
το επιχείρημα,5809,Politics & Justice,3,,
η βούληση,5810,Politics & Justice,3,,
ανεξάρτητος,5818,Politics & Justice,3,,
η υποψηφιότητα,5819,Politics & Justice,3,,
η ηγεσία,5926,Politics & Justice,3,,
ο έντιμος,6098,Politics & Justice,3,,
η πλειοψηφία,6114,Politics & Justice,3,,
η δικαίωμά,6143,Politics & Justice,3,,
το νομοσχέδιο,6184,Politics & Justice,3,,
τιμωρηθεί,6205,Politics & Justice,3,,
το κατηγορούμενο,6287,Politics & Justice,3,,
το πόστο,6403,Politics & Justice,3,,
διαπράξει / διέπραξε,6501,Politics & Justice,3,,
κατηγορήσω / κατηγόρησα,6526,Politics & Justice,3,,
η περικοπή,6708,Politics & Justice,3,,
το συνδικάτο,6793,Politics & Justice,3,,
η βουλή,6998,Politics & Justice,3,,
το στρατοδικείο,7063,Politics & Justice,3,,
ψηφίζω / εψήφισα,7067,Politics & Justice,3,,
ξεκαθαρίσει / ξεκαθάρισε,7168,Politics & Justice,3,,
καταδικασμένος,7177,Politics & Justice,3,,
η γερουσία,7211,Politics & Justice,3,,
ο μετανάστης,7325,Politics & Justice,3,,
οι αντιρρήσεις,7368,Politics & Justice,3,,
το καθεστώς,7409,Politics & Justice,3,,
ο κατάδικος,7472,Politics & Justice,3,,
ο κατήγορος,7533,Politics & Justice,3,,
το ιούλιο,7685,Politics & Justice,3,,
απολυθεί,8067,Politics & Justice,3,,
περιέργως,8117,Politics & Justice,3,,
κυβερνητικός,8163,Politics & Justice,4,,
ο κριτής,8223,Politics & Justice,4,,
μάσας,8292,Politics & Justice,4,,
διαφωνείς,8311,Politics & Justice,4,,
ευθέως,8473,Politics & Justice,4,,
δικαιολογώ / δικαιολόγησα,8491,Politics & Justice,4,,
το πρωθυπουργέ,8769,Politics & Justice,4,,
το πιλότους,8908,Politics & Justice,4,,
διεφθαρμένος,9002,Politics & Justice,4,,
το πραξικόπημα,9018,Politics & Justice,4,,
το κογκρέσου,9058,Politics & Justice,4,,
ο υποστηρικτής,9079,Politics & Justice,4,,
ο βουλευτής,9351,Politics & Justice,4,,
ψηφίσει / ψήφισε,9401,Politics & Justice,4,,
διαπραγματευτώ / διαπραγματευτούσα,9445,Politics & Justice,4,,
αδιανόητο,9476,Politics & Justice,4,,
οι δεσμεύσεις,9487,Politics & Justice,4,,
το κοινοβούλιο,9531,Politics & Justice,4,,
το αξίωμα,9664,Politics & Justice,4,,
ο υποκριτής,9787,Politics & Justice,4,,
η περίπολος,9799,Politics & Justice,4,,
επανειλημμένα,9915,Politics & Justice,4,,
το περίπολο,9966,Politics & Justice,4,,
ταπεινωτικός,9975,Politics & Justice,4,,
η πόλη,192,Urban Life,1,,
το νοσοκομείο,362,Urban Life,1,,
η περιοχή,427,Urban Life,1,,
το κέντρο,475,Urban Life,1,,
το διαμέρισμα,667,Urban Life,1,,
η εκκλησία,704,Urban Life,1,,
το κτίριο,744,Urban Life,1,,
η αίθουσα,839,Urban Life,1,,
ο σταθμός,916,Urban Life,1,,
η γέφυρα,922,Urban Life,1,,
βόρεια,1036,Urban Life,1,,
η παραλία,1087,Urban Life,1,,
η μαρία,1110,Urban Life,1,,
το πάρκο,1111,Urban Life,1,,
η παρασκευή,1128,Urban Life,1,,
η πύλη,1133,Urban Life,1,,
η μονάδα,1143,Urban Life,1,,
το αεροδρόμιο,1157,Urban Life,1,,
η αποθήκη,1167,Urban Life,1,,
η γειτονιά,1191,Urban Life,1,,
η παράδοση,1460,Urban Life,1,,
το εργοστάσιο,1604,Urban Life,1,,
η είσοδος,1646,Urban Life,1,,
η τοποθεσία,1667,Urban Life,1,,
η κατεύθυνση,1678,Urban Life,1,,
το κατάστημα,1686,Urban Life,1,,
τα διαμέρισμά,1716,Urban Life,1,,
η βιβλιοθήκη,1747,Urban Life,1,,
το παρκ,1785,Urban Life,1,,
το μουσείο,2085,Urban Life,1,,
το στρατόπεδο,2097,Urban Life,2,,
το εσωτερικό,2105,Urban Life,2,,
δυτικά,2122,Urban Life,2,,
το συγκρότημα,2169,Urban Life,2,,
ανατολικά,2203,Urban Life,2,,
το πάρκινγκ,2208,Urban Life,2,,
το λιμάνι,2238,Urban Life,2,,
η κατασκήνωση,2362,Urban Life,2,,
η συγκέντρωση,2408,Urban Life,2,,
το κτήριο,2431,Urban Life,2,,
η στέγη,2637,Urban Life,2,,
το νεκροταφείο,2713,Urban Life,2,,
το κινγκ,3001,Urban Life,2,,
η πλατεία,3020,Urban Life,2,,
ανατολικός,3054,Urban Life,2,,
το λεωφόρο,3059,Urban Life,2,,
καφετέρια,3141,Urban Life,2,,
η εγκατάσταση,3190,Urban Life,2,,
το νεκροτομείο,3243,Urban Life,2,,
η κατασκευή,3407,Urban Life,2,,
το ορυχείο,3418,Urban Life,2,,
η κυκλοφορία,3500,Urban Life,2,,
το σίτι,3507,Urban Life,2,,
ο οχυρός,3698,Urban Life,2,,
η πολη,3979,Urban Life,2,,
η επαρχία,4087,Urban Life,2,,
η δεξαμενή,4173,Urban Life,2,,
το μάνι,4280,Urban Life,2,,
η πρωτεύουσα,4307,Urban Life,2,,
το πεζοδρόμιο,4370,Urban Life,2,,
η υποδοχή,4427,Urban Life,3,,
το φρούριο,4482,Urban Life,3,,
η τραπεζαρία,4663,Urban Life,3,,
η προσγείωση,4701,Urban Life,3,,
η κατοικία,4711,Urban Life,3,,
το δημαρχείο,4784,Urban Life,3,,
η μαρίνα,4876,Urban Life,3,,
η έδρα,5054,Urban Life,3,,
η διασταύρωση,5064,Urban Life,3,,
το φανάρι,5080,Urban Life,3,,
η παράκαμψη,5132,Urban Life,3,,
η αρτηρία,5248,Urban Life,3,,
η οικία,5310,Urban Life,3,,
η λούνα,5335,Urban Life,3,,
η προβολή,5345,Urban Life,3,,
το πόλι,5346,Urban Life,3,,
η εκκένωση,5363,Urban Life,3,,
τα τρένα,5444,Urban Life,3,,
η έκταση,5458,Urban Life,3,,
η σήραγγα,5511,Urban Life,3,,
το μηχανοστάσιο,5546,Urban Life,3,,
η πιάτσα,5754,Urban Life,3,,
η περιφέρεια,5826,Urban Life,3,,
η προβλήτα,5852,Urban Life,3,,
η πυξίδα,6000,Urban Life,3,,
το αναρρωτήριο,6060,Urban Life,3,,
η κομητεία,6272,Urban Life,3,,
η διακίνηση,6290,Urban Life,3,,
το καταστήμα,6671,Urban Life,3,,
η αποκατάσταση,6814,Urban Life,3,,
το κρατητήριο,7089,Urban Life,4,,
η λεωφόρος,7197,Urban Life,4,,
ο πύλης,7340,Urban Life,4,,
η επισκευή,7417,Urban Life,4,,
το ψυχιατρείο,7451,Urban Life,4,,
η επέκταση,7485,Urban Life,4,,
η μετακίνηση,7562,Urban Life,4,,
το ρετιρέ,7572,Urban Life,4,,
το τελωνείο,7627,Urban Life,4,,
το κομμωτήριο,7700,Urban Life,4,,
το κεντρο,7749,Urban Life,4,,
η περιοχη,7783,Urban Life,4,,
η ανακαίνιση,7848,Urban Life,4,,
το γηροκομείο,8026,Urban Life,4,,
το φυλάκιο,8070,Urban Life,4,,
σιδηρόδρομος,8422,Urban Life,4,,
η στάθμευση,8429,Urban Life,4,,
η εγκατάλειψη,8798,Urban Life,4,,
παρκινγκ,8827,Urban Life,4,,
το αεροδρομίου,8934,Urban Life,4,,
ο αποθήκης,8965,Urban Life,4,,
αρχιτεκτονικός,9061,Urban Life,4,,
το περίπτερο,9087,Urban Life,4,,
το τρελοκομείο,9440,Urban Life,4,,
η μητρόπολη,9474,Urban Life,4,,
η συνοικία,9722,Urban Life,4,,
η ενορία,9837,Urban Life,4,,
η δουλειά,74,Work & Business,1,,
η θέση,183,Work & Business,1,,
η βοήθεια,206,Work & Business,1,,
το γραφείο,240,Work & Business,1,,
η υπόθεση,273,Work & Business,1,,
η συνέχεια,292,Work & Business,1,,
η επιλογή,358,Work & Business,1,,
η αποστολή,474,Work & Business,1,,
η έρευνα,497,Work & Business,1,,
η απάντηση,552,Work & Business,1,,
η κίνηση,590,Work & Business,1,,
η συνάντηση,623,Work & Business,1,,
το προσωπικό,633,Work & Business,1,,
η επιχείρηση,684,Work & Business,1,,
η εταιρεία,690,Work & Business,1,,
η εταιρία,763,Work & Business,1,,
η συζήτηση,767,Work & Business,1,,
η προσφορά,834,Work & Business,1,,
η ενέργεια,868,Work & Business,1,,
το εργαστήριο,896,Work & Business,1,,
η προσπάθεια,905,Work & Business,1,,
η εμπειρία,928,Work & Business,1,,
η διαδικασία,970,Work & Business,1,,
η εργασία,981,Work & Business,1,,
η συνέντευξη,1009,Work & Business,1,,
η επιτυχία,1017,Work & Business,1,,
η συμβουλή,1052,Work & Business,1,,
η σχολή,1213,Work & Business,1,,
το συμβόλαιο,1387,Work & Business,1,,
η έκθεση,1439,Work & Business,1,,
ο συνεργάτης,1579,Work & Business,2,,
η επίσκεψη,1615,Work & Business,2,,
ενημερώσω / ενημέρωσα,1632,Work & Business,2,,
η εκπαίδευση,1685,Work & Business,2,,
η υποστήριξη,1759,Work & Business,2,,
η δουλεια,1866,Work & Business,2,,
η εγχείρηση,1898,Work & Business,2,,
η συνεργασία,1981,Work & Business,2,,
η επαγγελματία,2015,Work & Business,2,,
η αμοιβή,2031,Work & Business,2,,
η φροντίδα,2104,Work & Business,2,,
η κάλυψη,2112,Work & Business,2,,
η επικοινωνία,2211,Work & Business,2,,
τιμ,2254,Work & Business,2,,
η επέμβαση,2312,Work & Business,2,,
η οργάνωση,2358,Work & Business,2,,
η ανταλλαγή,2393,Work & Business,2,,
η άσκηση,2645,Work & Business,2,,
η μελέτη,2681,Work & Business,2,,
η ενημέρωση,2699,Work & Business,2,,
η παραγγελία,2777,Work & Business,2,,
η δραστηριότητα,2975,Work & Business,2,,
η διανομή,3042,Work & Business,2,,
η δουλεία,3245,Work & Business,2,,
το συνεργείο,3280,Work & Business,2,,
η παρουσίαση,3371,Work & Business,2,,
η υπόθεσή,3379,Work & Business,2,,
η εκτίμηση,3385,Work & Business,2,,
η περιοδεία,3387,Work & Business,2,,
η σύσκεψη,3432,Work & Business,2,,
η πρόγραμμά,3478,Work & Business,3,,
επικοινωνήσω / επικοινώνησα,3535,Work & Business,3,,
η επιχειρηματία,3725,Work & Business,3,,
η συμμετοχή,3885,Work & Business,3,,
η συνεδρίαση,3983,Work & Business,3,,
η επένδυση,4065,Work & Business,3,,
η καμπάνια,4082,Work & Business,3,,
η ανταμοιβή,4107,Work & Business,3,,
η δημοπρασία,4318,Work & Business,3,,
η ετοιμότητα,4474,Work & Business,3,,
η συνεδρία,4489,Work & Business,3,,
η συνομιλία,4556,Work & Business,3,,
το ενημέρωσέ,4558,Work & Business,3,,
η βοηθεια,4651,Work & Business,3,,
η θεση,4694,Work & Business,3,,
η πρωτοβουλία,4749,Work & Business,3,,
προσλάβει / πρόσλαβε,4914,Work & Business,3,,
η ικανοποίηση,4959,Work & Business,3,,
η χειρονομία,4994,Work & Business,3,,
η αυτοψία,5051,Work & Business,3,,
διαφημιστικός,5100,Work & Business,3,,
το γραφειο,5127,Work & Business,3,,
συνεργαστεί,5290,Work & Business,3,,
ο συνεργός,5312,Work & Business,3,,
εθελοντικά,5520,Work & Business,3,,
προσλάβω / προσέλαβα,5756,Work & Business,3,,
η επιθεώρηση,5880,Work & Business,3,,
η καθοδήγηση,6016,Work & Business,3,,
η υπερωρία,6064,Work & Business,3,,
ο επενδυτής,6068,Work & Business,3,,
ο συνέταιρος,6123,Work & Business,4,,
η μελέτα,6224,Work & Business,4,,
συνεργάζομαι / συνεργάσθηκα,6269,Work & Business,4,,
η θητεία,6435,Work & Business,4,,
η προτίμηση,6584,Work & Business,4,,
η συντήρηση,6589,Work & Business,4,,
η εξυπηρέτηση,6679,Work & Business,4,,
το εργαστήριό,6989,Work & Business,4,,
εκπαιδευτεί,7114,Work & Business,4,,
η υποθεση,7524,Work & Business,4,,
η κάλυψή,7669,Work & Business,4,,
η ακαταστασία,7846,Work & Business,4,,
η ανταπόκριση,7915,Work & Business,4,,
ο εκατομμυριούχος,7991,Work & Business,4,,
η στήριξη,8066,Work & Business,4,,
η φωτογράφηση,8099,Work & Business,4,,
η απασχόληση,8121,Work & Business,4,,
ο οικονόμος,8191,Work & Business,4,,
ερασιτέχνης,8237,Work & Business,4,,
προγραμματίζω / προγραμμάτισα,8245,Work & Business,4,,
ο εργαζόμενος,8475,Work & Business,4,,
το συνέταιρο,8675,Work & Business,4,,
η περιπτωση,8914,Work & Business,4,,
η εγχείριση,9030,Work & Business,4,,
ο καταστήματος,9075,Work & Business,4,,
η τοποθέτηση,9330,Work & Business,4,,
η ολοκλήρωση,9364,Work & Business,4,,
ο πρακτόρων,9394,Work & Business,4,,
η αποστολη,9431,Work & Business,4,,
η συνδρομή,9534,Work & Business,4,,
η καθαριότητα,9593,Work & Business,5,,
η δουλίτσα,9731,Work & Business,5,,
η συνεισφορά,9920,Work & Business,5,,
η αντιπροσωπεία,9990,Work & Business,5,,
επίσης,207,Digital & Tech,1,,
σχετικά,376,Digital & Tech,1,,
η πληροφορία,436,Digital & Tech,1,,
το σύστημα,461,Digital & Tech,1,,
το πρόγραμμα,583,Digital & Tech,1,,
διαφορετικά,593,Digital & Tech,1,,
η μηχανή,618,Digital & Tech,1,,
το κινητό,622,Digital & Tech,1,,
το αρχείο,696,Digital & Tech,1,,
ο συγχρονισμός,724,Digital & Tech,1,,
λειτουργώ / λειτούργησα,876,Digital & Tech,1,,
ο υπολογιστής,919,Digital & Tech,1,,
η πρόσβαση,951,Digital & Tech,1,,
χρησιμοποιώ / χρησιμοποίησα,1033,Digital & Tech,1,,
η ταχύτητα,1048,Digital & Tech,1,,
οποιοσδήποτε,1066,Digital & Tech,1,,
κατάλληλη,1174,Digital & Tech,1,,
το ελέγχου,1180,Digital & Tech,1,,
προσεκτικά,1225,Digital & Tech,1,,
επιτρέπω / επέτρεψα,1238,Digital & Tech,1,,
η συσκευή,1325,Digital & Tech,1,,
η τεχνολογία,1492,Digital & Tech,1,,
η χρήση,1517,Digital & Tech,1,,
το υλικό,1532,Digital & Tech,1,,
οπουδήποτε,1558,Digital & Tech,1,,
το μοντέλο,1582,Digital & Tech,1,,
οποιοδήποτε,1625,Digital & Tech,1,,
οι μηχανές,1670,Digital & Tech,1,,
οι χρησιμοποιήσεις,1688,Digital & Tech,1,,
η σύνδεση,1689,Digital & Tech,1,,
το αντικείμενο,1734,Digital & Tech,2,,
η δεδομένα,1751,Digital & Tech,2,,
η λειτουργία,1796,Digital & Tech,2,,
συγκεκριμένος,1798,Digital & Tech,2,,
το προφίλ,1808,Digital & Tech,2,,
το δεδομένο,1838,Digital & Tech,2,,
ίντερνετ,1850,Digital & Tech,2,,
οι αγοράσεις,1919,Digital & Tech,2,,
χειριστώ / χειριστούσα,1921,Digital & Tech,2,,
το δίκτυο,1927,Digital & Tech,2,,
η ανάλυση,1958,Digital & Tech,2,,
η οθόνη,2064,Digital & Tech,2,,
το εργαλείο,2197,Digital & Tech,2,,
άμεσος,2270,Digital & Tech,2,,
η παρακολούθηση,2338,Digital & Tech,2,,
το στοιχηματίζω,2418,Digital & Tech,2,,
η αναζήτηση,2433,Digital & Tech,2,,
το διαδίκτυο,2510,Digital & Tech,2,,
ασύρματο,2526,Digital & Tech,2,,
η δυνατότητα,2534,Digital & Tech,2,,
η περιγραφή,2564,Digital & Tech,2,,
βεβαιωθώ,2621,Digital & Tech,2,,
δεδομένου,2636,Digital & Tech,2,,
η διαφήμιση,2650,Digital & Tech,2,,
χρονικός,2685,Digital & Tech,2,,
μηχανικό,2851,Digital & Tech,2,,
προσεκτικός,2860,Digital & Tech,2,,
ο συστήματος,2869,Digital & Tech,2,,
απευθείας,2871,Digital & Tech,2,,
η δημιουργία,2906,Digital & Tech,2,,
χρησιμοποίησες,3021,Digital & Tech,3,,
το προϊόν,3085,Digital & Tech,3,,
η ιστοσελίδα,3095,Digital & Tech,3,,
πρακτικά,3143,Digital & Tech,3,,
ο αισθητήρας,3154,Digital & Tech,3,,
οι καθαρίσεις,3368,Digital & Tech,3,,
η συχνότητα,3429,Digital & Tech,3,,
ο κομπιούτερ,3453,Digital & Tech,3,,
αποκλειστικά,3508,Digital & Tech,3,,
ο ασφάλειάς,3545,Digital & Tech,3,,
πρακτικός,3650,Digital & Tech,3,,
τηλεφώνου,3661,Digital & Tech,3,,
εναλλακτικός,3729,Digital & Tech,3,,
επικοινωνώ / επικοινώνησα,3745,Digital & Tech,3,,
ηλεκτρικός,3774,Digital & Tech,3,,
σχετικός,3783,Digital & Tech,3,,
η ποιότητα,3877,Digital & Tech,3,,
ορισμένος,3970,Digital & Tech,3,,
τεχνικά,4046,Digital & Tech,3,,
η εφαρμογή,4089,Digital & Tech,3,,
οι διαφημίσεις,4149,Digital & Tech,3,,
η μετάδοση,4158,Digital & Tech,3,,
κατάλληλα,4256,Digital & Tech,3,,
παρέχω / παρέσχον,4291,Digital & Tech,3,,
η εισαγωγή,4298,Digital & Tech,3,,
οι συσκευές,4344,Digital & Tech,3,,
αυτόματο,4365,Digital & Tech,3,,
ο ανιχνευτής,4466,Digital & Tech,3,,
αυτόματα,4505,Digital & Tech,3,,
η μέθοδος,4664,Digital & Tech,3,,
δυναμικός,4681,Digital & Tech,4,,
το κοριό,4698,Digital & Tech,4,,
τηλεφωνητή,4702,Digital & Tech,4,,
προσεχτικά,4734,Digital & Tech,4,,
η αποδοση,4894,Digital & Tech,4,,
οι ενημερώσεις,4926,Digital & Tech,4,,
χρησιμοποιείτε,4998,Digital & Tech,4,,
ηλεκτρονικά,5200,Digital & Tech,4,,
αποτελεσματικός,5302,Digital & Tech,4,,
η ενεργοποίηση,5357,Digital & Tech,4,,
το περιεχόμενο,5359,Digital & Tech,4,,
πλατφόρμα,5401,Digital & Tech,4,,
η θερμότητα,5419,Digital & Tech,4,,
η διαθεσιμότητα,5491,Digital & Tech,4,,
ο λογιστής,5631,Digital & Tech,4,,
η σύστημά,5654,Digital & Tech,4,,
το εγχειρίδιο,5670,Digital & Tech,4,,
η κινητού,5707,Digital & Tech,4,,
η σάρωση,5741,Digital & Tech,4,,
η καταγραφή,5767,Digital & Tech,4,,
παρομοίως,5804,Digital & Tech,4,,
η χρησιμοποιούσα,5846,Digital & Tech,4,,
ο εκτελεστής,5870,Digital & Tech,4,,
οι διευθύνσεις,5940,Digital & Tech,4,,
εντοπίσεις,5950,Digital & Tech,4,,
η επεξεργασία,6134,Digital & Tech,4,,
ο υπολογισμός,6162,Digital & Tech,4,,
η ανάγνωση,6170,Digital & Tech,4,,
μετακινήσω / μετακίνησα,6179,Digital & Tech,4,,
η προσαρμογή,6233,Digital & Tech,4,,
δεδομένος,6247,Digital & Tech,5,,
τεχνητής,6248,Digital & Tech,5,,
το δικτύου,6335,Digital & Tech,5,,
οι προσέξεις,6432,Digital & Tech,5,,
πολλαπλός,6510,Digital & Tech,5,,
η πληροφοριοδότη,6513,Digital & Tech,5,,
οι επικοινωνήσεις,6645,Digital & Tech,5,,
δοκιμαστικός,6656,Digital & Tech,5,,
ηλεκτρονικός,6663,Digital & Tech,5,,
το σέρβερς,6789,Digital & Tech,5,,
ακατάλληλη,6794,Digital & Tech,5,,
ο διαχειριστής,6830,Digital & Tech,5,,
επιστημονικά,6920,Digital & Tech,5,,
οι προσθέσεις,7000,Digital & Tech,5,,
οι προειδοποιήσεις,7087,Digital & Tech,5,,
αξιόπιστος,7122,Digital & Tech,5,,
αποδεικτικός,7143,Digital & Tech,5,,
δακτυλικά,7194,Digital & Tech,5,,
η αξιοπιστία,7257,Digital & Tech,5,,
οι κολλήσεις,7459,Digital & Tech,5,,
ο παιχνιδιών,7467,Digital & Tech,5,,
η πλοήγηση,7471,Digital & Tech,5,,
χρήσιμα,7613,Digital & Tech,5,,
η δυσλειτουργία,7629,Digital & Tech,5,,
οποιουδήποτε,7892,Digital & Tech,5,,
μάρκετινγκ,8033,Digital & Tech,5,,
η ανίχνευση,8144,Digital & Tech,5,,
οι ειδοποιήσεις,8166,Digital & Tech,5,,
ηλεκτρισμό,8169,Digital & Tech,5,,
η εξαρτήματα,8249,Digital & Tech,5,,
ο πράγματος,8259,Digital & Tech,6,,
κατανοητός,8287,Digital & Tech,6,,
ανακατευτώ / ανακατευτούσα,8353,Digital & Tech,6,,
συνετός,8419,Digital & Tech,6,,
η καταμέτρηση,8592,Digital & Tech,6,,
λειτουργικός,8604,Digital & Tech,6,,
η ενσωμάτωση,8673,Digital & Tech,6,,
αποτελεσματικά,8677,Digital & Tech,6,,
το μοχλό,8819,Digital & Tech,6,,
σχεδιαστεί,8881,Digital & Tech,6,,
επιτυγχάνω / επέτυχα,8902,Digital & Tech,6,,
ψηφιακός,8921,Digital & Tech,6,,
ο διακομιστής,8926,Digital & Tech,6,,
ηλεκτροπληξία,8938,Digital & Tech,6,,
η παράλυση,8976,Digital & Tech,6,,
το σχεδιο,9000,Digital & Tech,6,,
δημιουργικός,9102,Digital & Tech,6,,
οι εμποδίσεις,9115,Digital & Tech,6,,
η αναπαραγωγή,9121,Digital & Tech,6,,
οι αντικαταστήσεις,9138,Digital & Tech,6,,
ενεργοποιώ / ενεργοποίησα,9174,Digital & Tech,6,,
η γραφομηχανή,9258,Digital & Tech,6,,
κλείδωμα,9425,Digital & Tech,6,,
η συσκευασία,9501,Digital & Tech,6,,
ο πτωμάτων,9528,Digital & Tech,6,,
υπολογίσει / υπολόγισε,9544,Digital & Tech,6,,
η τέσλα,9547,Digital & Tech,6,,
η προσθήκη,9562,Digital & Tech,6,,
προκαταρκτικά,9612,Digital & Tech,6,,
ο χειριστής,9679,Digital & Tech,6,,
υπάρχοντα,9786,Digital & Tech,7,,
περιορισμένος,9794,Digital & Tech,7,,
προκαταρκτικός,9890,Digital & Tech,7,,
αποκλειστικα,9892,Digital & Tech,7,,
οι αφήσεις,363,Holidays & Travel,1,,
οι βοηθήσεις,437,Holidays & Travel,1,,
το ταξίδι,443,Holidays & Travel,1,,
οι σκοτώσεις,517,Holidays & Travel,1,,
το ξενοδοχείο,538,Holidays & Travel,1,,
οι σταματήσεις,607,Holidays & Travel,1,,
επιστρέψω / επέστρεψα,632,Holidays & Travel,1,,
οι γυρίσεις,766,Holidays & Travel,1,,
επιστρέφω / επέστρεψα,799,Holidays & Travel,1,,
οι διακοπές,826,Holidays & Travel,1,,
οι περάσεις,852,Holidays & Travel,1,,
η κράτηση,900,Holidays & Travel,1,,
οι χάσεις,907,Holidays & Travel,1,,
το παράδειγμα,908,Holidays & Travel,1,,
το εστιατόριο,968,Holidays & Travel,1,,
οι ξεχάσεις,1074,Holidays & Travel,1,,
η διασκέδαση,1176,Holidays & Travel,1,,
οι ζήσεις,1248,Holidays & Travel,1,,
οι πληρώσεις,1321,Holidays & Travel,1,,
οι σώσεις,1339,Holidays & Travel,1,,
οι αναμνήσεις,1342,Holidays & Travel,1,,
εξαιρετικά,1344,Holidays & Travel,1,,
οι συνεχίσεις,1348,Holidays & Travel,1,,
η επιστροφή,1403,Holidays & Travel,1,,
οι αρχίσεις,1485,Holidays & Travel,1,,
προσφέρω / πρόσφερα,1488,Holidays & Travel,1,,
οι γνωρίσεις,1548,Holidays & Travel,1,,
ο παράδεισος,1665,Holidays & Travel,1,,
προσπαθήσεις,1696,Holidays & Travel,1,,
οι νιώσεις,1707,Holidays & Travel,1,,
η μεταφορά,1750,Holidays & Travel,2,,
οι δοκιμάσεις,1784,Holidays & Travel,2,,
οι πιάσεις,1797,Holidays & Travel,2,,
οι κοιτάξεις,1800,Holidays & Travel,2,,
οι τελειώσεις,1826,Holidays & Travel,2,,
οι κλήσεις,1877,Holidays & Travel,2,,
σημαντικά,1879,Holidays & Travel,2,,
χτυπήσεις,1917,Holidays & Travel,2,,
οι φτάσεις,1942,Holidays & Travel,2,,
οι δουλέψεις,1968,Holidays & Travel,2,,
το περιβάλλον,1982,Holidays & Travel,2,,
οι διαβάσεις,2027,Holidays & Travel,2,,
κλείσεις,2032,Holidays & Travel,2,,
το εξωτερικό,2134,Holidays & Travel,2,,
οι πετάξεις,2166,Holidays & Travel,2,,
οι τηλεφωνήσεις,2207,Holidays & Travel,2,,
ο επισκέπτης,2273,Holidays & Travel,2,,
συγκεκριμένα,2308,Holidays & Travel,2,,
οι πυροβολήσεις,2341,Holidays & Travel,2,,
καταστραφεί,2409,Holidays & Travel,2,,
οι καλέσεις,2440,Holidays & Travel,2,,
οι πέσεις,2482,Holidays & Travel,2,,
οι κόψεις,2499,Holidays & Travel,2,,
μεγαλύτερα,2515,Holidays & Travel,2,,
οι παρατήσεις,2610,Holidays & Travel,2,,
οι ξεκινήσεις,2624,Holidays & Travel,2,,
οι αποφασίσεις,2677,Holidays & Travel,2,,
παρα,2715,Holidays & Travel,2,,
οι φορέσεις,2722,Holidays & Travel,2,,
το μοτέλ,2749,Holidays & Travel,2,,
μεταφέρω / μετέφερα,2750,Holidays & Travel,3,,
οι ηρεμήσεις,2768,Holidays & Travel,3,,
τολμήσεις,2886,Holidays & Travel,3,,
οι λείψεις,2891,Holidays & Travel,3,,
οι οδηγήσεις,2915,Holidays & Travel,3,,
οι πουλήσεις,2927,Holidays & Travel,3,,
οι ψάξεις,2932,Holidays & Travel,3,,
οι νικήσεις,2933,Holidays & Travel,3,,
ακολουθήσεις,2972,Holidays & Travel,3,,
οι αργήσεις,3004,Holidays & Travel,3,,
οι καταλήξεις,3014,Holidays & Travel,3,,
η παραμονή,3105,Holidays & Travel,3,,
οι κλέψεις,3118,Holidays & Travel,3,,
οι εσεις,3121,Holidays & Travel,3,,
οι σκάσεις,3150,Holidays & Travel,3,,
οι καθίσεις,3156,Holidays & Travel,3,,
οι ξεπεράσεις,3349,Holidays & Travel,3,,
οι φιλήσεις,3409,Holidays & Travel,3,,
οι μετανιώσεις,3510,Holidays & Travel,3,,
οι πηδήξεις,3544,Holidays & Travel,3,,
ο ντας,3547,Holidays & Travel,3,,
τραβήξεις,3585,Holidays & Travel,3,,
οι αποσκευές,3587,Holidays & Travel,3,,
οι τρέξεις,3604,Holidays & Travel,3,,
διασκεδάσω / διασκέδασα,3628,Holidays & Travel,3,,
ταξιδεύω / ταξίδευσα,3676,Holidays & Travel,3,,
οι ανακαλύψεις,3727,Holidays & Travel,3,,
ενδιαφέροντος,3730,Holidays & Travel,3,,
οι σεις,3739,Holidays & Travel,3,,
οι πωλήσεις,3755,Holidays & Travel,3,,
οι αποκτήσεις,3806,Holidays & Travel,4,,
το χαρακτηριστικό,3809,Holidays & Travel,4,,
αναγκάσεις,3844,Holidays & Travel,4,,
οι μεγαλώσεις,3912,Holidays & Travel,4,,
οι χαλάσεις,3980,Holidays & Travel,4,,
οι πλησιάσεις,4086,Holidays & Travel,4,,
σηκώσεις,4109,Holidays & Travel,4,,
η απόδραση,4262,Holidays & Travel,4,,
οι αντέξεις,4384,Holidays & Travel,4,,
οι συγχωρέσεις,4401,Holidays & Travel,4,,
οι παλέψεις,4422,Holidays & Travel,4,,
οι προχωρήσεις,4449,Holidays & Travel,4,,
ο προορισμός,4467,Holidays & Travel,4,,
οι πειράξεις,4479,Holidays & Travel,4,,
οι πολεμήσεις,4496,Holidays & Travel,4,,
οι πατήσεις,4560,Holidays & Travel,4,,
το πανδοχείο,4754,Holidays & Travel,4,,
το πρόβες,4796,Holidays & Travel,4,,
οι περπατήσεις,4821,Holidays & Travel,4,,
οι παραδόσεις,4828,Holidays & Travel,4,,
συγκεντρωθώ,4881,Holidays & Travel,4,,
οι απολαύσεις,4884,Holidays & Travel,4,,
παραμείνω / παράμεινα,4890,Holidays & Travel,4,,
παράγω / παρήγαγα,4933,Holidays & Travel,4,,
επισκεφτώ / επισκεφτούσα,4942,Holidays & Travel,4,,
πολυτέλεια,5069,Holidays & Travel,4,,
οι ξαπλώσεις,5090,Holidays & Travel,4,,
ταξιδέψει / ταξίδεψε,5105,Holidays & Travel,4,,
οι αγαπήσεις,5109,Holidays & Travel,4,,
οι διασυνδέσεις,5130,Holidays & Travel,4,,
ξαναπάω / ξαναπήγα,5133,Holidays & Travel,5,,
οι κατηγορήσεις,5158,Holidays & Travel,5,,
οι πτήσεις,5186,Holidays & Travel,5,,
δημιουργήσω / δημιούργησα,5203,Holidays & Travel,5,,
ο εντοπισμός,5230,Holidays & Travel,5,,
η ταξιδιού,5321,Holidays & Travel,5,,
οι πληγώσεις,5328,Holidays & Travel,5,,
οι συγχωρήσεις,5391,Holidays & Travel,5,,
επισκεφτεί,5417,Holidays & Travel,5,,
το μεταφορικό,5441,Holidays & Travel,5,,
οι ευχαριστήσεις,5465,Holidays & Travel,5,,
χαλαρώσω / χαλάρωσα,5477,Holidays & Travel,5,,
αεροπορικός,5521,Holidays & Travel,5,,
οι διασκεδάσεις,5527,Holidays & Travel,5,,
ο κινηματογράφος,5530,Holidays & Travel,5,,
φιλοξενία,5539,Holidays & Travel,5,,
οι βουλώσεις,5557,Holidays & Travel,5,,
μεταφερθεί,5567,Holidays & Travel,5,,
η διαμονή,5581,Holidays & Travel,5,,
οι γαμήσεις,5612,Holidays & Travel,5,,
οι αναγνωρίσεις,5642,Holidays & Travel,5,,
διασκεδάζω / διασκέδασα,5673,Holidays & Travel,5,,
οι επενδύσεις,5696,Holidays & Travel,5,,
οι κλάψεις,5728,Holidays & Travel,5,,
οι κανονίσεις,5769,Holidays & Travel,5,,
ανταποκρίνομαι / ανταποκρίθηκα,5786,Holidays & Travel,5,,
οι κυνηγήσεις,5954,Holidays & Travel,5,,
εξυπηρετήσω / εξυπηρέτησα,5990,Holidays & Travel,5,,
οι μετακομίσεις,6003,Holidays & Travel,5,,
η ασία,6010,Holidays & Travel,5,,
ο εσας,6021,Holidays & Travel,6,,
η κρουαζιέρα,6034,Holidays & Travel,6,,
η αναχώρηση,6118,Holidays & Travel,6,,
ο περιορισμός,6148,Holidays & Travel,6,,
παραδοσιακός,6160,Holidays & Travel,6,,
οι επιβιώσεις,6281,Holidays & Travel,6,,
οι θυμώσεις,6330,Holidays & Travel,6,,
οι συγκεντρωθείς,6337,Holidays & Travel,6,,
οι λατρέψεις,6368,Holidays & Travel,6,,
οι εξαιρέσεις,6377,Holidays & Travel,6,,
οι εκδηλώσεις,6441,Holidays & Travel,6,,
οι επισκευές,6463,Holidays & Travel,6,,
επισκέπτομαι / επισκέφτηκα,6474,Holidays & Travel,6,,
το εξόδους,6545,Holidays & Travel,6,,
εκτεθεί,6547,Holidays & Travel,6,,
επιτρέψεις,6554,Holidays & Travel,6,,
οι συνδέσεις,6557,Holidays & Travel,6,,
οι κάψεις,6570,Holidays & Travel,6,,
οι ξαναγυρίσεις,6581,Holidays & Travel,6,,
η μεταφορέα,6650,Holidays & Travel,6,,
οι καθυστερήσεις,6740,Holidays & Travel,6,,
οι χωρίσεις,6816,Holidays & Travel,6,,
οι σβήσεις,6818,Holidays & Travel,6,,
οι δημιουργήσεις,6838,Holidays & Travel,6,,
οι αποστάσεις,6848,Holidays & Travel,6,,
οι ακουμπήσεις,6960,Holidays & Travel,6,,
οι επιλέγεις,6965,Holidays & Travel,6,,
οι παρακολουθήσεις,7012,Holidays & Travel,6,,
οι προφυλάξεις,7050,Holidays & Travel,6,,
οι παρατηρήσεις,7066,Holidays & Travel,6,,
οι προσκλήσεις,7075,Holidays & Travel,7,,
οι διδάξεις,7081,Holidays & Travel,7,,
οι αυτοκτονήσεις,7111,Holidays & Travel,7,,
οι ξεγελάσεις,7156,Holidays & Travel,7,,
μετακινώ / μετακίνησα,7202,Holidays & Travel,7,,
ο εκβιασμός,7220,Holidays & Travel,7,,
μεταφορικός,7261,Holidays & Travel,7,,
το ταξιδάκι,7304,Holidays & Travel,7,,
προσγειωθεί,7312,Holidays & Travel,7,,
η μετάβαση,7388,Holidays & Travel,7,,
το διασκέδασε,7401,Holidays & Travel,7,,
οι βλάψεις,7424,Holidays & Travel,7,,
οι κουνήσεις,7458,Holidays & Travel,7,,
σχεδον,7486,Holidays & Travel,7,,
οι προδώσεις,7558,Holidays & Travel,7,,
οι γεμίσεις,7561,Holidays & Travel,7,,
καταγραφεί,7568,Holidays & Travel,7,,
οι ακυρώσεις,7587,Holidays & Travel,7,,
οι νοιώσεις,7607,Holidays & Travel,7,,
ξοδέψεις,7750,Holidays & Travel,7,,
οι εμφανίσεις,7773,Holidays & Travel,7,,
οι γλυτώσεις,7793,Holidays & Travel,7,,
οι εκτελέσεις,7810,Holidays & Travel,7,,
η ψεματα,7824,Holidays & Travel,7,,
οι αρπάξεις,7836,Holidays & Travel,7,,
οι συγκεντρώσεις,7843,Holidays & Travel,7,,
οι παρεμβολές,7863,Holidays & Travel,7,,
οι κλειδώσεις,8053,Holidays & Travel,7,,
συμπεριλαμβανόμενος,8148,Holidays & Travel,7,,
κρατείται / κρατήθηκε,8160,Holidays & Travel,7,,
ταξιδέψω / ταξίδεψα,8164,Holidays & Travel,8,,
εξελίσσω / εξελίχτηκα,8188,Holidays & Travel,8,,
οι ξαναμιλήσεις,8214,Holidays & Travel,8,,
οι μετακινήσεις,8229,Holidays & Travel,8,,
η επιβίβαση,8236,Holidays & Travel,8,,
επισκεφθεί,8267,Holidays & Travel,8,,
οι διακρίσεις,8274,Holidays & Travel,8,,
εξυπηρετώ / εξυπηρέτησα,8320,Holidays & Travel,8,,
ενδιαφέρουσες,8333,Holidays & Travel,8,,
οι αφησεις,8345,Holidays & Travel,8,,
το ταξιδι,8389,Holidays & Travel,8,,
οι ομολογήσεις,8401,Holidays & Travel,8,,
οι κεράσεις,8443,Holidays & Travel,8,,
οι ετοιμάσεις,8492,Holidays & Travel,8,,
αεροπορικό,8511,Holidays & Travel,8,,
σημαντικο,8515,Holidays & Travel,8,,
η μετακόμιση,8528,Holidays & Travel,8,,
απασχολημένο,8583,Holidays & Travel,8,,
οι πονέσεις,8599,Holidays & Travel,8,,
οι δέσεις,8606,Holidays & Travel,8,,
οι εντυπωσιάσεις,8666,Holidays & Travel,8,,
οι συμφωνήσεις,8716,Holidays & Travel,8,,
ο κλονισμός,8762,Holidays & Travel,8,,
το ξενοδοχειο,8874,Holidays & Travel,8,,
οι θάψεις,9070,Holidays & Travel,8,,
οι συνοδεύσεις,9085,Holidays & Travel,8,,
υπεροχο,9178,Holidays & Travel,8,,
κατεστραμμένο,9191,Holidays & Travel,8,,
αναπτυχθεί,9385,Holidays & Travel,8,,
οι καπνίσεις,9409,Holidays & Travel,8,,
εξαντληθεί,9441,Holidays & Travel,9,,
προσαρμοστεί,9444,Holidays & Travel,9,,
οι σπρώξεις,9519,Holidays & Travel,9,,
οι χώσεις,9532,Holidays & Travel,9,,
οι διαλύσεις,9622,Holidays & Travel,9,,
οι γεννήσεις,9629,Holidays & Travel,9,,
οι συμπτώσεις,9671,Holidays & Travel,9,,
ο επισκεπτών,9719,Holidays & Travel,9,,
η εξερεύνηση,9780,Holidays & Travel,9,,
περιπου,9781,Holidays & Travel,9,,
το δρομολόγιο,9785,Holidays & Travel,9,,
οι εκπτώσεις,9802,Holidays & Travel,9,,
ο ταξιδιώτης,9828,Holidays & Travel,9,,
οι χτίσεις,9831,Holidays & Travel,9,,
οι στήσεις,9875,Holidays & Travel,9,,
οι ανέσεις,9993,Holidays & Travel,9,,
ο,1,General,1,,
δεν,2,General,1,,
είμαι / ήμουν,3,General,1,,
εγώ,5,General,1,,
με,6,General,1,,
για,7,General,1,,
σου,8,General,1,,
που,9,General,1,,
σε,10,General,1,,
αυτός,11,General,1,,
τι,12,General,1,,
ότι,13,General,1,,
από,14,General,1,,
ναι,16,General,1,,
ένας,17,General,1,,
αν,18,General,1,,
εδώ,20,General,1,,
πρέπει / έπρεπε,21,General,1,,
πως,24,General,1,,
τώρα,25,General,1,,
εντάσσω / ενέταξα,26,General,1,,
κάτι,27,General,1,,
ξέρω / ήξερα,28,General,1,,
έχω / είχα,29,General,1,,
δε,30,General,1,,
μην,31,General,1,,
έτσι,32,General,1,,
εσύ,33,General,1,,
καλά,34,General,1,,
θέλω / θέλησα,35,General,1,,
όταν,36,General,2,,
μπορώ / μπόρεσα,37,General,2,,
μόνο,38,General,2,,
μαζί,39,General,2,,
εκεί,40,General,2,,
σαν,41,General,2,,
όλος,42,General,2,,
τίποτα,43,General,2,,
ευχαριστώ / ευχαρίστησα,44,General,2,,
πώς,45,General,2,,
ή,46,General,2,,
απ,47,General,2,,
κάνω / έκανα,48,General,2,,
ποτέ,50,General,2,,
απλά,51,General,2,,
έλα,52,General,2,,
λοιπόν,53,General,2,,
υπάρχω / υπήρξα,54,General,2,,
μέσα,56,General,2,,
το σπίτι,57,General,2,,
τότε,58,General,2,,
πιο,59,General,2,,
γι,61,General,2,,
πού,62,General,2,,
παρακαλώ,63,General,2,,
ο κύριος,64,General,2,,
νομίζω / νόμισα,65,General,2,,
μετά,66,General,2,,
πριν,67,General,2,,
η γεια,68,General,2,,
λίγο,70,General,3,,
πίσω,71,General,3,,
λέγω / είπα,72,General,3,,
όπως,73,General,3,,
ποιος,76,General,3,,
ο λες,77,General,3,,
άλλος,79,General,3,,
δω / εδέησα,81,General,3,,
πάω / πήγα,82,General,3,,
έξω,83,General,3,,
καλός,84,General,3,,
μέχρι,86,General,3,,
πάνω,87,General,3,,
η ώρα,88,General,3,,
σένα,89,General,3,,
ο χρόνος,90,General,3,,
μένα,91,General,3,,
η φορά,92,General,3,,
ωραία,93,General,3,,
ούτε,94,General,3,,
σωστά,96,General,3,,
κάθε,98,General,3,,
κάτω,100,General,3,,
η μέρα,101,General,3,,
χωρίς,103,General,3,,
μόλις,104,General,3,,
κανένας,105,General,3,,
η μαμά,106,General,3,,
αρέσω / άρεσα,108,General,3,,
πάει / πάε,109,General,3,,
λέει / έπη,111,General,4,,
πόσο,112,General,4,,
συγγνώμη,113,General,4,,
το θεέ,114,General,4,,
φαίνομαι / φάνηκα,115,General,4,,
λυπάμαι / λυπήθηκα,116,General,4,,
γίνομαι / έγινα,117,General,4,,
συμβαίνω / συνέβη,118,General,4,,
το μέρος,119,General,4,,
οι πεις,120,General,4,,
εμένα,122,General,4,,
πολύς,123,General,4,,
όσο,124,General,4,,
το λάθος,126,General,4,,
οχι,127,General,4,,
οπότε,128,General,4,,
εσένα,129,General,4,,
το πρόβλημα,130,General,4,,
απο,131,General,4,,
ως,132,General,4,,
πάλι,133,General,4,,
όλο,135,General,4,,
χρειάζομαι / χρειάσθηκα,136,General,4,,
φίλε,137,General,4,,
βλέπω / είδα,139,General,4,,
δικός,140,General,4,,
ίδιος,142,General,4,,
πάρω / έπαρα,143,General,4,,
γρήγορα,144,General,4,,
πάρει / πάρισε,146,General,4,,
ο μπαμπάς,147,General,5,,
αρκετά,148,General,5,,
η κυρία,149,General,5,,
νέος,152,General,5,,
οτι,154,General,5,,
ήδη,156,General,5,,
η πατέρα,157,General,5,,
ο καιρός,158,General,5,,
προς,159,General,5,,
εκτός,160,General,5,,
το μωρό,161,General,5,,
το βράδυ,162,General,5,,
η συγνώμη,163,General,5,,
βλέπεις,165,General,5,,
η χαρά,166,General,5,,
το όνομα,167,General,5,,
αύριο,168,General,5,,
μόνος,169,General,5,,
πρόκειται / επρόκειτο,170,General,5,,
τελευταίος,171,General,5,,
μεγάλος,173,General,5,,
το δίκιο,176,General,5,,
απόψε,177,General,5,,
το τέλος,178,General,5,,
μακριά,179,General,5,,
αμέσως,180,General,5,,
πότε,181,General,5,,
τί,182,General,5,,
ο τρόπος,184,General,5,,
μήπως,185,General,5,,
ξανά,187,General,6,,
πια,188,General,6,,
κατά,189,General,6,,
το κορίτσι,191,General,6,,
το λεπτό,193,General,6,,
ο τύπος,194,General,6,,
κοντά,195,General,6,,
το θέμα,196,General,6,,
μιλώ / μίλησα,197,General,6,,
το χέρι,198,General,6,,
βρω / έβρασα,199,General,6,,
τέτοιος,200,General,6,,
εννοώ / εννόησα,201,General,6,,
μερικοί,202,General,6,,
πειράζω / πείραξα,203,General,6,,
έρθει / ήρθε,204,General,6,,
το όπλο,209,General,6,,
πέρα,210,General,6,,
αφού,211,General,6,,
η πόρτα,212,General,6,,
ορίστε,214,General,6,,
ελπίζω / ήλπισα,215,General,6,,
το πρωί,216,General,6,,
το μάτι,217,General,6,,
το κακό,220,General,6,,
μπροστά,223,General,6,,
φύγω / έφυγα,224,General,6,,
κάλος,225,General,6,,
οι θυμάσαι,226,General,6,,
το διάολο,227,General,6,,
το αμάξι,228,General,7,,
η ευκαιρία,230,General,7,,
ο λόγος,231,General,7,,
βοηθώ / βοήθησα,232,General,7,,
το κεφάλι,233,General,7,,
η νύχτα,234,General,7,,
ο φύγες,235,General,7,,
ώστε,236,General,7,,
χαίρω / χάρηκα,237,General,7,,
η τέλεια,238,General,7,,
καν,239,General,7,,
το δωμάτιο,241,General,7,,
ο φίλος,242,General,7,,
ελάτε,243,General,7,,
η κόρη,244,General,7,,
όπου,245,General,7,,
αγαπώ / αγάπησα,246,General,7,,
πρώτα,248,General,7,,
η ψέματα,249,General,7,,
ωραίος,250,General,7,,
το αγόρι,252,General,7,,
ο άντρας,254,General,7,,
σοβαρά,255,General,7,,
ενας,256,General,7,,
αλλιώς,257,General,7,,
μικρός,258,General,7,,
τουλάχιστο,259,General,7,,
έρχομαι / ήλθα,260,General,7,,
ο τηλέφωνος,261,General,7,,
δύσκολος,262,General,7,,
ο αυτος,263,General,8,,
αργά,265,General,8,,
σχεδόν,266,General,8,,
το νερό,267,General,8,,
νιώθω / ένιωσα,268,General,8,,
κάπου,269,General,8,,
μεταξύ,270,General,8,,
ο μήνας,271,General,8,,
δώσω / έδωσα,272,General,8,,
χθες,274,General,8,,
αντίο,275,General,8,,
τα αίμα,276,General,8,,
το σχολείο,277,General,8,,
μυαλό,279,General,8,,
καμιά,280,General,8,,
θυμάμαι / θυμήθηκα,281,General,8,,
ποιός,282,General,8,,
ο ρες,283,General,8,,
ήθελες,284,General,8,,
μερικά,285,General,8,,
σύντομα,286,General,8,,
υποθέτω / υπόθεσα,287,General,8,,
πάρα,288,General,8,,
σκατά,289,General,8,,
μιλήσω / μίλησα,290,General,8,,
τρέχω / έτρεξα,291,General,8,,
η πλάκα,293,General,8,,
η φυλακή,294,General,8,,
φύγει / έφυγε,295,General,8,,
νεκρός,297,General,8,,
ποιον,298,General,9,,
οι έρθεις,299,General,9,,
γύρω,300,General,9,,
όσος,302,General,9,,
χάρη,303,General,9,,
η κοπέλα,304,General,9,,
το φαγητό,305,General,9,,
σημαντικός,306,General,9,,
σκοτώνω / σκότωσα,307,General,9,,
η απόδοση,311,General,9,,
το δολάριο,312,General,9,,
η καλημέρα,313,General,9,,
βασικά,314,General,9,,
το αστείο,315,General,9,,
εμπρός,316,General,9,,
φοβάμαι / φοβήθηκα,317,General,9,,
οι γονείς,318,General,9,,
εσάς,319,General,9,,
πεθαίνω / πέθανα,320,General,9,,
έτοιμος,321,General,9,,
το σχέδιο,322,General,9,,
η τύχη,323,General,9,,
το πόδι,324,General,9,,
η αρχή,325,General,9,,
ο θεός,326,General,9,,
ενώ,327,General,9,,
άσχημα,328,General,9,,
έρθω / ήρθα,329,General,9,,
σίγουρη,330,General,9,,
οποίος,332,General,9,,
σωστός,333,General,10,,
όμορφη,335,General,10,,
μοιάζω / έμοιασα,336,General,10,,
περίπου,338,General,10,,
ο κες,340,General,10,,
ο αφεντικός,341,General,10,,
το πάρτι,342,General,10,,
το τζακ,343,General,10,,
η γη,344,General,10,,
μένω / έμεινα,345,General,10,,
φέρω / έφερα,346,General,10,,
ακούω / άκουσα,347,General,10,,
δίνω / έδωσα,348,General,10,,
ο γιος,349,General,10,,
επόμενος,351,General,10,,
περιμένω / περίμενα,352,General,10,,
μισός,353,General,10,,
το σώμα,354,General,10,,
περνώ / πέρασα,355,General,10,,
το βιβλίο,356,General,10,,
βρει / έβρισε,357,General,10,,
το μπράβο,359,General,10,,
καλώς,360,General,10,,
μάθω / έμασα,361,General,10,,
μείνω / έμεινα,364,General,10,,
το καφέ,367,General,10,,
η γειά,368,General,10,,
η σεξ,369,General,10,,
η ταινία,371,General,10,,
το μήνυμα,372,General,10,,
εδω,373,General,11,,
εύκολος,374,General,11,,
μιλάω / μίλησα,375,General,11,,
αξίζω / άξιζα,377,General,11,,
βρίσκω / βρήκα,379,General,11,,
το κρεβάτι,380,General,11,,
σκέφτομαι / σκέφτηκα,381,General,11,,
οτιδήποτε,382,General,11,,
το σαμ,383,General,11,,
η καληνύχτα,384,General,11,,
η κα,385,General,11,,
σκοτώσω / σκότωσα,386,General,11,,
το άλλονς,387,General,11,,
η φίλη,390,General,11,,
βάλω / έβαλα,392,General,11,,
δίπλα,393,General,11,,
το ποτό,394,General,11,,
η σειρά,395,General,11,,
κάπως,396,General,11,,
στ,398,General,11,,
ετσι,400,General,11,,
τα ρούχα,401,General,11,,
δουλεύω / δούλεψα,402,General,11,,
το στοιχείο,403,General,11,,
το τζον,404,General,11,,
ήξερες,405,General,11,,
οι εχεις,406,General,11,,
η λέξη,407,General,11,,
ο γιατρός,408,General,11,,
υπέροχος,409,General,11,,
η φωτιά,410,General,12,,
παλιός,411,General,12,,
η λίγη,412,General,12,,
δες,413,General,12,,
το κομμάτι,414,General,12,,
το σημείο,415,General,12,,
γνωρίζω / γνώρισα,416,General,12,,
γίνω / έγινα,418,General,12,,
οι ερωτήσεις,419,General,12,,
πουθενά,420,General,12,,
υπέροχα,421,General,12,,
η εβδομάδα,422,General,12,,
περίεργος,424,General,12,,
η φωτογραφία,425,General,12,,
ο δρ,426,General,12,,
μάθει / μάσε,428,General,12,,
η επιμέλεια,429,General,12,,
τελειώσει / τελείωσε,431,General,12,,
το δείπνο,432,General,12,,
το κάτσε,433,General,12,,
επάνω,434,General,12,,
το είδος,435,General,12,,
πόσος,438,General,12,,
το σκάφος,439,General,12,,
άρα,440,General,12,,
το μέλλον,441,General,12,,
το μάικλ,442,General,12,,
σκάσε,444,General,12,,
η ημέρα,447,General,12,,
δείξω / έδειξα,448,General,12,,
το άτομο,449,General,13,,
σκέφτεσαι,450,General,13,,
καθώς,451,General,13,,
γυρίζω / γύρισα,452,General,13,,
μουσικός,453,General,13,,
ο θάνατος,454,General,13,,
τα μαλλιά,455,General,13,,
η τιμή,456,General,13,,
είτε,457,General,13,,
τόσος,458,General,13,,
παντού,462,General,13,,
παίρνω / πήρα,463,General,13,,
το πτώμα,465,General,13,,
επιτέλους,467,General,13,,
υπό,468,General,13,,
συνήθως,469,General,13,,
το τμήμα,470,General,13,,
ρωτώ / ερώτησα,471,General,13,,
η θεού,472,General,13,,
τζο,473,General,13,,
ο γάμος,476,General,13,,
η λίστα,477,General,13,,
εναντίον,478,General,13,,
το φως,479,General,13,,
οι δώσεις,480,General,13,,
έτοιμοι,481,General,13,,
το ενδιαφέρον,482,General,13,,
μέσος,483,General,13,,
καλύτερος,484,General,13,,
ο γιατρές,485,General,13,,
το δώρο,486,General,14,,
αλλάζω / άλλαξα,487,General,14,,
το τρελόςς,488,General,14,,
τσάρλι,489,General,14,,
το βάλε,490,General,14,,
λίγος,491,General,14,,
εισαι,492,General,14,,
ο ντετέκτιβ,493,General,14,,
η βδομάδα,494,General,14,,
όντως,495,General,14,,
όμορφος,496,General,14,,
τέλειος,498,General,14,,
τα νόημα,499,General,14,,
ο δεσποινίς,500,General,14,,
στόμα,501,General,14,,
το κου,502,General,14,,
λείπω / έλειψα,504,General,14,,
συγχωρής,505,General,14,,
ο έλεγχος,506,General,14,,
η άκρη,507,General,14,,
η ματιά,508,General,14,,
εν,509,General,14,,
το πλοίο,510,General,14,,
πρώην,511,General,14,,
ο άνδρες,512,General,14,,
παραπάνω,513,General,14,,
τα θύμα,514,General,14,,
τομ,515,General,14,,
σταματώ / σταμάτησα,516,General,14,,
η βάση,519,General,14,,
τίποτε,520,General,15,,
παίζω / έπαιξα,521,General,15,,
βγει,522,General,15,,
το ατύχημα,523,General,15,,
ο αέρας,524,General,15,,
εξαιτίας,525,General,15,,
συχνά,526,General,15,,
βγάλω / έβγαλα,527,General,15,,
το εκατομμύριο,528,General,15,,
η σάρα,529,General,15,,
δείχνω / έδειξα,530,General,15,,
δολοφόνος,532,General,15,,
μικρής,533,General,15,,
τελείως,534,General,15,,
πάντων,535,General,15,,
ρα,536,General,15,,
ανάμεσα,537,General,15,,
ξαφνικά,539,General,15,,
πηγαίνω / πήγα,541,General,15,,
αφορώ / αφόρεσα,543,General,15,,
φεύγω / έφυγα,544,General,15,,
μισώ / μίσησα,545,General,15,,
εγω,546,General,15,,
λόγω,547,General,15,,
η γραμμή,548,General,15,,
φρανκ,550,General,15,,
ο άκουσες,553,General,15,,
ο αδερφός,554,General,15,,
ψηλά,556,General,15,,
η μάνα,557,General,15,,
η σκηνή,558,General,16,,
νωρίςς,559,General,16,,
η τηλεόραση,560,General,16,,
παράξενος,561,General,16,,
ει,562,General,16,,
το τραπέζι,563,General,16,,
το σήμα,564,General,16,,
το τραγούδι,565,General,16,,
η χιλιάδα,566,General,16,,
ορκίζομαι / ορκίστηκα,567,General,16,,
η γιαγιά,568,General,16,,
ο μπαρ,569,General,16,,
ζητώ / ζήτησα,570,General,16,,
το μπάνιο,571,General,16,,
η συγχαρητήρια,572,General,16,,
εκ,573,General,16,,
το θανάτου,574,General,16,,
πρεπει,575,General,16,,
το ύπνο,578,General,16,,
πολυ,580,General,16,,
το κρίμα,581,General,16,,
το κλειδί,582,General,16,,
η μάχη,584,General,16,,
σύμφωνα,585,General,16,,
το μαγαζί,586,General,16,,
αντί,587,General,16,,
πεθάνω / πέθανα,588,General,16,,
ολος,589,General,16,,
τρελό,591,General,16,,
το αεροπλάνο,592,General,16,,
αρκετός,595,General,17,,
ανήκω / ανήκα,596,General,17,,
η δεξιά,598,General,17,,
ο χρονών,599,General,17,,
βάζω / έβαλα,600,General,17,,
λιγάκι,602,General,17,,
χάνω / έχασα,604,General,17,,
η έκπληξη,605,General,17,,
η μαλακία,606,General,17,,
ακούσω / άκουσα,608,General,17,,
η υόρκη,609,General,17,,
το κόσμου,610,General,17,,
το νούμερο,611,General,17,,
ο φόνος,612,General,17,,
γύρνα,613,General,17,,
ζω / έζησα,614,General,17,,
ζητήσω / ζήτησα,616,General,17,,
ειδικά,617,General,17,,
αρχίζω / άρχισα,619,General,17,,
αγαπάω / αγάπησα,621,General,17,,
ψάχνω / έψαξα,624,General,17,,
δώσ,625,General,17,,
το μέτρο,626,General,17,,
η βασιλιά,627,General,17,,
η δις,628,General,17,,
υπέροχη,629,General,17,,
καταλαμβάνω / κατέλαβα,631,General,17,,
η τωρα,634,General,17,,
δυνατά,636,General,17,,
σκεφτώ / σκεφτούσα,637,General,17,,
το κουτί,638,General,18,,
ξέχνα,639,General,18,,
το απόγευμα,640,General,18,,
σήκω,641,General,18,,
το όνειρο,643,General,18,,
ο πρόεδρος,644,General,18,,
σα,646,General,18,,
οι παίζεις,647,General,18,,
εύκολα,648,General,18,,
οι αποδείξεις,649,General,18,,
η τσάντα,650,General,18,,
το γράμμα,651,General,18,,
η βόλτα,652,General,18,,
ναρκωτικός,653,General,18,,
τα χριστούγεννα,654,General,18,,
ο βασιλιάς,655,General,18,,
ο κανόνας,657,General,18,,
μπος,658,General,18,,
το πρωινό,659,General,18,,
γνωρίζεις,660,General,18,,
νωρίς,661,General,18,,
το μάθημα,662,General,18,,
φαντάζομαι / φαντάστηκα,663,General,18,,
ο κώλος,664,General,18,,
ηλίθιος,665,General,18,,
τρελή,668,General,18,,
σιγά,669,General,18,,
εσυ,670,General,18,,
αληθινός,672,General,18,,
το παράθυρο,673,General,18,,
πάντως,675,General,19,,
αναρωτιέμαι / αναρωτήθηκα,676,General,19,,
αλλού,677,General,19,,
η ελπίδα,678,General,19,,
απλός,680,General,19,,
ο πλανήτης,681,General,19,,
ναί,682,General,19,,
λατρεύω / λάτρεψα,686,General,19,,
η θεία,687,General,19,,
απίστευτος,688,General,19,,
η μαξ,691,General,19,,
το κρασί,692,General,19,,
ωχ,693,General,19,,
χτης,694,General,19,,
όποιος,695,General,19,,
το μπεν,697,General,19,,
η ηλικία,698,General,19,,
φτάνω / έφτασα,700,General,19,,
το αδερφό,701,General,19,,
η κάρτα,702,General,19,,
ο άνδρας,703,General,19,,
κρατήσω / κράτησα,706,General,19,,
ποιά,707,General,19,,
η κόλαση,708,General,19,,
πλάτος,709,General,19,,
οι ακούσεις,710,General,19,,
τού,711,General,19,,
το στοίχημα,712,General,19,,
το κάθαρμα,713,General,19,,
ενδιαφέρω / ενδιέφερα,714,General,19,,
το παπούτσι,715,General,20,,
μπω / έμπασα,716,General,20,,
αριστερά,717,General,20,,
κακός,718,General,20,,
η σκύλα,719,General,20,,
το τσάι,720,General,20,,
ξαναδεί / ξανάδεσε,721,General,20,,
ο σκοπός,722,General,20,,
το δωμάτιό,725,General,20,,
ο γλυκός,726,General,20,,
οι ζωές,727,General,20,,
ο αρχηγός,728,General,20,,
εξηγώ / εξηγήθηκα,729,General,20,,
οι διορθώσεις,730,General,20,,
συζητώ / συζήτησα,732,General,20,,
μισή,733,General,20,,
μέσω,734,General,20,,
βγαίνω / βγήκα,735,General,20,,
ανησυχώ / ανησύχησα,736,General,20,,
φτιάξω / έφτιαξα,737,General,20,,
ο αρχηγές,738,General,20,,
ο λαιμός,739,General,20,,
η κάμερα,740,General,20,,
μίλα,741,General,20,,
τα χαρτιά,742,General,20,,
η σφαίρα,743,General,20,,
καλώ / κάλεσα,745,General,20,,
το πάρτυ,746,General,20,,
το βιβλί,747,General,20,,
καθίζω / κάθισα,748,General,20,,
το έτος,749,General,21,,
όποτε,750,General,21,,
πιθανόν,753,General,21,,
ο αριθμός,755,General,21,,
οι σαι,756,General,21,,
χειρότερα,757,General,21,,
σκληρά,758,General,21,,
ο χορός,759,General,21,,
αχ,760,General,21,,
τηλεφωνώ / τηλεφώνησα,761,General,21,,
χάζω / έχασα,762,General,21,,
το φορτηγό,765,General,21,,
κόκκινο,768,General,21,,
ο πόνος,769,General,21,,
το τέρας,772,General,21,,
η βόμβα,773,General,21,,
φοβερός,774,General,21,,
ο αδελφός,775,General,21,,
εύχομαι / ευχήθηκα,776,General,21,,
η διάρκεια,778,General,21,,
η δόξα,779,General,21,,
το σημάδι,780,General,21,,
στείλω / έστειλα,781,General,21,,
ευτυχώς,782,General,21,,
η πράκτορα,783,General,21,,
γιε,784,General,21,,
η αλλαγή,785,General,21,,
η μπύρα,786,General,21,,
η θεραπεία,787,General,21,,
οπως,788,General,21,,
το δευτερόλεπτο,790,General,22,,
πονάω / πόνεσα,791,General,22,,
ο κοινός,792,General,22,,
το κομμάτιο,793,General,22,,
κατι,794,General,22,,
οι απαντήσεις,796,General,22,,
το άλογο,797,General,22,,
βαθιά,798,General,22,,
το ζώο,802,General,22,,
το μαχαίρι,803,General,22,,
τα κλειδιά,804,General,22,,
σοβαρός,805,General,22,,
τα βοήθειά,806,General,22,,
γεμάτο,807,General,22,,
ο κίνδυνος,808,General,22,,
η βασίλισσα,809,General,22,,
το διάστημα,810,General,22,,
το παρίσι,811,General,22,,
ο δικηγόρος,812,General,22,,
πιάνω / έπιασα,813,General,22,,
η κουζίνα,814,General,22,,
το κει,815,General,22,,
ασφαλέςς,816,General,22,,
κάν,817,General,22,,
το τζορτζ,819,General,22,,
προσπαθήσω / προσπάθησα,822,General,22,,
το ζευγάρι,823,General,22,,
μού,824,General,22,,
βγω,825,General,22,,
ήρεμα,828,General,22,,
ο κόλπος,829,General,23,,
ολόκληρος,830,General,23,,
η μύτη,831,General,23,,
βγάζω / έβγαλα,833,General,23,,
έξυπνος,835,General,23,,
πολλή,836,General,23,,
το κλαμπ,838,General,23,,
εκτιμώ / εκτίμησα,840,General,23,,
το ίχνος,841,General,23,,
κρατάω / κράτησα,842,General,23,,
ντάνι,843,General,23,,
το ρέι,844,General,23,,
το μέλος,845,General,23,,
διότι,846,General,23,,
καύς,847,General,23,,
αδερφέ,848,General,23,,
βάζεις,849,General,23,,
η λύση,850,General,23,,
το κρύο,851,General,23,,
το μαύρο,853,General,23,,
ταξί,854,General,23,,
το βήμα,855,General,23,,
ζωντανός,856,General,23,,
η τουαλέτα,857,General,23,,
τζιμ,859,General,23,,
ο σύζυγός,860,General,23,,
το έδαφος,862,General,23,,
φάει / φάγε,863,General,23,,
το χένρι,864,General,23,,
άσχημος,865,General,23,,
ταιριάζω / ταίριαξα,866,General,24,,
το τζέιμς,867,General,24,,
το τεστ,869,General,24,,
αρκώ / άρκεσα,870,General,24,,
δικέ,871,General,24,,
γαμήσου,872,General,24,,
το έργο,874,General,24,,
η άνδρα,875,General,24,,
το δικηγόρο,877,General,24,,
αστυνομικός,878,General,24,,
ο παιχνίδιος,879,General,24,,
αυτη,880,General,24,,
το κοιμηθώ,881,General,24,,
ο σύζυγος,882,General,24,,
επί,883,General,24,,
το σόου,884,General,24,,
η πίεση,885,General,24,,
εξαρτάται / εξαρτήθηκε,886,General,24,,
ο πελάτης,887,General,24,,
ο κυβερνήτης,888,General,24,,
ξεκινώ / ξεκίνησα,889,General,24,,
ελεύθερος,891,General,24,,
εξαφανίζω / εξαφάνισα,892,General,24,,
κιόλας,893,General,24,,
ο στρατιώτης,894,General,24,,
το έγκλημα,895,General,24,,
φάω,897,General,24,,
το τρένο,898,General,24,,
η μαίρη,899,General,24,,
συμφωνώ / συμφώνησα,901,General,24,,
μεγάλε,902,General,25,,
το λι,904,General,25,,
φταίει,906,General,25,,
ο λονδίνος,909,General,25,,
ο τοίχος,911,General,25,,
συνεχίζω / συνέχισα,912,General,25,,
η τρύπα,913,General,25,,
γλυκέ,914,General,25,,
αποκλείω / απόκλεισα,915,General,25,,
καλέσω / κάλεσα,917,General,25,,
υπεύθυνος,918,General,25,,
περνάω / πέρασα,920,General,25,,
τόση,923,General,25,,
γαμημένος,924,General,25,,
παππού,925,General,25,,
η στολή,926,General,25,,
τα φώτα,927,General,25,,
το ράιαν,929,General,25,,
σκεφτής,931,General,25,,
περάσω / πέρασα,933,General,25,,
αλλάξω / άλλαξα,934,General,25,,
το καπέλο,935,General,25,,
πάθει / έπαθε,936,General,25,,
ποιό,937,General,25,,
το λεωφορείο,938,General,25,,
το γεύμα,939,General,25,,
τα πνεύμα,940,General,25,,
εννοούσα,942,General,25,,
ο σεβασμός,943,General,25,,
η λεξ,944,General,25,,
οι βγεις,945,General,26,,
ο θείος,946,General,26,,
προτιμώ / προτίμησα,947,General,26,,
η βραδιά,948,General,26,,
το χρυσό,949,General,26,,
φέρνω / έφερα,950,General,26,,
το κοριτσάκι,952,General,26,,
μακ,954,General,26,,
υπόλοιπος,955,General,26,,
το βάρος,956,General,26,,
η μετάφραση,957,General,26,,
ο κος,960,General,26,,
η κλήση,961,General,26,,
δικιά,962,General,26,,
μπα,963,General,26,,
καλα,964,General,26,,
καινούργιος,965,General,26,,
η πτήση,966,General,26,,
το πάτωμα,967,General,26,,
ρίξω / έριξα,969,General,26,,
ο αίματος,971,General,26,,
το επεισόδιο,973,General,26,,
το λουλούδι,974,General,26,,
το κλαρκ,975,General,26,,
ο στόχος,976,General,26,,
ξύπνα,977,General,26,,
ό,978,General,26,,
ο άρρωστος,979,General,26,,
το μίλιο,980,General,26,,
βοηθάω / βοήθησα,982,General,26,,
το σκυλί,984,General,27,,
το δόντι,986,General,27,,
φταίω / έφταψα,987,General,27,,
ζήσω / έζησα,988,General,27,,
το ρολόι,989,General,27,,
το πίτερς,990,General,27,,
η γωνία,991,General,27,,
φαίνω / φάνηκα,992,General,27,,
η μοίρα,993,General,27,,
καινούριο,994,General,27,,
τω,995,General,27,,
ο έρωτας,996,General,27,,
τελειώσω / τέλειωσα,997,General,27,,
η δίκη,998,General,27,,
σώζω / έσωσα,999,General,27,,
η ζώνη,1001,General,27,,
το χρώμα,1002,General,27,,
σκεφτεί,1003,General,27,,
το φόρεμα,1004,General,27,,
η ηπα,1005,General,27,,
σον,1006,General,27,,
κλείνω / έκλεισα,1007,General,27,,
το σκοτάδι,1008,General,27,,
μαλάκας,1011,General,27,,
το κέιτ,1012,General,27,,
η ακρίβεια,1013,General,27,,
τζέι,1015,General,27,,
ήσυχος,1016,General,27,,
το επίπεδο,1018,General,27,,
ντάνιελ,1019,General,27,,
η λεπτομέρεια,1021,General,28,,
ο ρόλος,1022,General,28,,
το χαρτί,1023,General,28,,
χρειαστής,1024,General,28,,
το μπουκάλι,1025,General,28,,
μπορέσω / μπόρεσα,1027,General,28,,
ενάντια,1028,General,28,,
κοιμάται / κοιμήθηκε,1029,General,28,,
σκληρός,1030,General,28,,
αφήνω / άφησα,1031,General,28,,
οι εξετάσεις,1032,General,28,,
ο εγκλήματος,1034,General,28,,
το τηλεφώνημα,1040,General,28,,
η όνειρα,1041,General,28,,
καθαρά,1042,General,28,,
το σκύλο,1043,General,28,,
το νικ,1046,General,28,,
κατευθείαν,1047,General,28,,
ο μητέρας,1049,General,28,,
ρίτσαρντ,1050,General,28,,
το πουλί,1051,General,28,,
κυρίως,1053,General,28,,
θαυμάσιος,1054,General,28,,
ο κόπος,1055,General,28,,
το κέβιν,1056,General,28,,
τζέικ,1057,General,28,,
γιά,1058,General,28,,
τελειώνω / τέλειωσα,1060,General,28,,
η εφημερίδα,1061,General,28,,
πιθανότατα,1064,General,28,,
το χάρι,1065,General,29,,
μπράιαν,1067,General,29,,
το δαχτυλίδι,1068,General,29,,
μιά,1069,General,29,,
πιάσω / έπιασα,1070,General,29,,
αστεία,1072,General,29,,
το γάμου,1076,General,29,,
γράφω / έγραψα,1077,General,29,,
δύσκολα,1078,General,29,,
η πηγή,1079,General,29,,
το φάντασμα,1080,General,29,,
παίξω / έπαιξα,1081,General,29,,
καρέκλα,1082,General,29,,
μονο,1083,General,29,,
τόνι,1084,General,29,,
γελοίος,1085,General,29,,
η δολοφονία,1086,General,29,,
μαζι,1088,General,29,,
λευκός,1089,General,29,,
χαρούμενος,1091,General,29,,
το πανεπιστήμιο,1092,General,29,,
βρίσκομαι / βρέθηκα,1093,General,29,,
κατ,1094,General,29,,
σώσω / έσωσα,1095,General,29,,
νότιος,1096,General,29,,
το ποτε,1097,General,29,,
γαμώς,1098,General,29,,
ο γάλα,1099,General,29,,
το χτύπημα,1100,General,29,,
ματ,1101,General,29,,
πρόσφατα,1102,General,30,,
πιθανός,1103,General,30,,
τρομερός,1105,General,30,,
δολοφόνο,1106,General,30,,
γνωρίσω / γνώρισα,1107,General,30,,
αδύνατον,1108,General,30,,
το έρικ,1112,General,30,,
τεράστιος,1113,General,30,,
η μνήμη,1114,General,30,,
το σαββατοκύριακο,1116,General,30,,
κερδίζω / κέρδισα,1117,General,30,,
μυρίζω / μύρισα,1118,General,30,,
ο επικεφαλής,1119,General,30,,
το δέρμα,1120,General,30,,
το στήθος,1121,General,30,,
σέξι,1122,General,30,,
τρώει / φάε,1123,General,30,,
η γάτα,1124,General,30,,
ο διευθυντής,1125,General,30,,
κουνήσους,1126,General,30,,
το καλοκαίρι,1127,General,30,,
απαίσιος,1129,General,30,,
το κρέας,1130,General,30,,
τζόνι,1131,General,30,,
απαίσια,1132,General,30,,
πέφτω / έπεσα,1134,General,30,,
το πεδίο,1135,General,30,,
μαύρη,1136,General,30,,
καθαρός,1137,General,30,,
ο σκουπίδιος,1138,General,30,,
οδηγώ / οδήγησα,1139,General,31,,
η κούκλα,1140,General,31,,
η άλογα,1144,General,31,,
το φάρμακο,1145,General,31,,
το βοηθόςς,1146,General,31,,
κουσος,1147,General,31,,
το σκοτ,1148,General,31,,
το ψέμα,1149,General,31,,
η φάση,1150,General,31,,
πριγκίπισσα,1151,General,31,,
παίξεις,1152,General,31,,
το παρόν,1153,General,31,,
χρειαστώ / χρειαστούσα,1154,General,31,,
ο ήρωας,1156,General,31,,
η απόδειξη,1158,General,31,,
το καρλ,1159,General,31,,
εις,1160,General,31,,
εεε,1163,General,31,,
η γεύση,1164,General,31,,
το σημάδιο,1165,General,31,,
ο γέρος,1166,General,31,,
πόση,1168,General,31,,
προτείνω / πρότεινα,1169,General,31,,
σπουδαίος,1170,General,31,,
μάρτιν,1171,General,31,,
η οδός,1172,General,31,,
προτού,1173,General,31,,
ο φιλαράκος,1175,General,31,,
γράψω / έγραψα,1177,General,31,,
έστω,1179,General,31,,
το πήτερς,1181,General,32,,
ο κυριος,1182,General,32,,
το ζητάω,1183,General,32,,
η κηδεία,1184,General,32,,
το μαθήμα,1186,General,32,,
βρε,1187,General,32,,
στραβά,1189,General,32,,
κάνας,1190,General,32,,
η έκρηξη,1193,General,32,,
το θαύμα,1194,General,32,,
το ξύλο,1196,General,32,,
μπαίνω / μπήκα,1199,General,32,,
πιάζω / έπιασα,1200,General,32,,
το διάβολο,1201,General,32,,
άνετα,1203,General,32,,
ο ουρανός,1204,General,32,,
περήφανος,1207,General,32,,
η νίκη,1208,General,32,,
ονομάζω / ονόμασα,1210,General,32,,
φτιάξει / έφτιαξε,1211,General,32,,
ισχύω / ίσχυσα,1212,General,32,,
καινούριος,1214,General,32,,
το τζιν,1215,General,32,,
η παγίδα,1216,General,32,,
έξυπνης,1217,General,32,,
φοράω / φόρεσα,1218,General,32,,
τής,1221,General,32,,
το διάλειμμα,1222,General,32,,
γλύκα,1223,General,32,,
ο φόβος,1227,General,32,,
ο τόπος,1229,General,33,,
αγοράζω / ηγόρασα,1230,General,33,,
η γενέθλια,1231,General,33,,
το τέρμα,1232,General,33,,
παντρευτώ / παντρευτούσα,1233,General,33,,
πλήρης,1234,General,33,,
η αυτα,1235,General,33,,
το τζόι,1236,General,33,,
περίεργα,1237,General,33,,
καταπληκτικός,1239,General,33,,
το φιλί,1241,General,33,,
καταφέρω / κατάφερα,1242,General,33,,
τριγύρω,1243,General,33,,
η κορυφή,1244,General,33,,
το χμ,1245,General,33,,
η ποτά,1246,General,33,,
συ,1247,General,33,,
ζεστός,1249,General,33,,
τόμι,1250,General,33,,
περί,1251,General,33,,
τυχερή,1252,General,33,,
απασχολημένοςς,1253,General,33,,
δωρεάν,1254,General,33,,
το ποτήρι,1255,General,33,,
τιποτα,1256,General,33,,
ξαναδώ / ξανάδεσα,1257,General,33,,
βλάκας,1258,General,33,,
παντρευτεί,1259,General,33,,
το ουίσκι,1260,General,33,,
μπίλς,1261,General,33,,
προηγούμενος,1264,General,34,,
η φήμη,1265,General,34,,
παντρευτείς,1266,General,34,,
ο σκύλος,1268,General,34,,
γεμάτη,1270,General,34,,
το αποτυπώμα,1271,General,34,,
οι μπάτσοι,1272,General,34,,
στείλει / έστειλε,1273,General,34,,
δείξει / έδειξε,1274,General,34,,
η τζέρις,1275,General,34,,
η απόσταση,1276,General,34,,
το χάπιο,1278,General,34,,
αντέχω / άντεξα,1279,General,34,,
το σύμπαν,1280,General,34,,
το βαν,1281,General,34,,
η ντροπή,1282,General,34,,
ο παππούς,1283,General,34,,
ο τόμας,1284,General,34,,
ενοχλώ / ενόχλησα,1285,General,34,,
ιατρικός,1286,General,34,,
η γυαλιά,1287,General,34,,
χτυπάω / χτύπησα,1288,General,34,,
η μετα,1289,General,34,,
φοβερή,1290,General,34,,
ήσυχα,1292,General,34,,
η λοχία,1294,General,34,,
η ληστεία,1295,General,34,,
το τεντ,1296,General,34,,
το παντελόνι,1297,General,34,,
ανοίξω / άνοιξα,1298,General,34,,
βρεθεί,1300,General,35,,
μπάτσος,1303,General,35,,
μοναδικός,1304,General,35,,
φοβάται / φοβήθηκε,1305,General,35,,
ο σερ,1308,General,35,,
η υπομονή,1309,General,35,,
τσακ,1310,General,35,,
ο τύπους,1311,General,35,,
ευγενικός,1312,General,35,,
μεσα,1313,General,35,,
το μπόμπι,1314,General,35,,
η μπελάδα,1315,General,35,,
ελέγξω / έλεγξα,1316,General,35,,
ο ήλιος,1318,General,35,,
το σάββατο,1319,General,35,,
η ζημιά,1320,General,35,,
μοιάζεις,1323,General,35,,
ο φάκελος,1326,General,35,,
εμφανίζω / εμφάνισα,1327,General,35,,
τα κιλά,1328,General,35,,
ο μάρτυρας,1329,General,35,,
η δευτέρα,1331,General,35,,
το ταλέντο,1332,General,35,,
ο τομέας,1333,General,35,,
κοιτάξω / κοίταξα,1334,General,35,,
η αιτία,1336,General,35,,
κανονικά,1337,General,35,,
το πλάσμα,1338,General,35,,
έντι,1340,General,35,,
θυμίζω / θύμισα,1341,General,35,,
ακίνητος,1343,General,36,,
η βία,1345,General,36,,
το κάθριν,1346,General,36,,
τοσο,1347,General,36,,
αγαπητέ,1349,General,36,,
ασθενής,1350,General,36,,
το όριο,1351,General,36,,
η φίλα,1352,General,36,,
το στρατηγέ,1353,General,36,,
επείγων,1354,General,36,,
η αγγλία,1355,General,36,,
φταις,1356,General,36,,
χαζός,1357,General,36,,
μάς,1358,General,36,,
αναφέρω / ανέφερα,1359,General,36,,
οι αρέσεις,1361,General,36,,
το κιμ,1362,General,36,,
η εκπομπή,1363,General,36,,
ανοίγω / άνοιξα,1364,General,36,,
η πέτρα,1365,General,36,,
η μυρωδιά,1367,General,36,,
το λουκ,1368,General,36,,
το τέχνος,1369,General,36,,
το σπαθί,1370,General,36,,
το ψάρι,1371,General,36,,
η μορφή,1372,General,36,,
η βάρκα,1373,General,36,,
ο καθηγητής,1374,General,36,,
δουλέψω / δούλεψα,1375,General,36,,
παντρεμένος,1376,General,36,,
το δείγμα,1377,General,37,,
υπόγειος,1378,General,37,,
νόμιζεςς,1379,General,37,,
η άρχισα,1380,General,37,,
το ασθενοφόρο,1381,General,37,,
γω,1382,General,37,,
απαραίτητος,1383,General,37,,
το πακέτο,1384,General,37,,
το τηλέφωνό,1385,General,37,,
γλυκά,1386,General,37,,
σπάω / έσπασα,1388,General,37,,
το τζέισον,1389,General,37,,
ο ένοχος,1390,General,37,,
πεινάω / πείνασα,1391,General,37,,
όρεξη,1392,General,37,,
η αυλή,1393,General,37,,
εξής,1395,General,37,,
ο όροφος,1396,General,37,,
χάσω / έχασα,1397,General,37,,
πετύχω / επέτυχα,1398,General,37,,
ο δόκτωρ,1399,General,37,,
αποφασίζω / απεφάσισα,1400,General,37,,
ο κήπος,1401,General,37,,
η ευχή,1402,General,37,,
ο πυρ,1404,General,37,,
ο πάγος,1405,General,37,,
ντον,1408,General,37,,
η μωρά,1409,General,37,,
βέβαιος,1410,General,37,,
ασφαλείς,1411,General,37,,
η μηνύματα,1415,General,38,,
προάλλες,1416,General,38,,
η δώρα,1417,General,38,,
διαβάζω / διάβασα,1418,General,38,,
η κυριακή,1422,General,38,,
οι ειδήσεις,1423,General,38,,
τα αυτιά,1424,General,38,,
κόψω / έκοψα,1427,General,38,,
η ζέστη,1428,General,38,,
ώς,1429,General,38,,
κρατώ / κράτησα,1430,General,38,,
χρωστάω / χρώσταγα,1431,General,38,,
το στομάχι,1432,General,38,,
το εισιτήριο,1433,General,38,,
το σάντουιτς,1434,General,38,,
το άρθρο,1435,General,38,,
έγινα,1436,General,38,,
διάολε,1437,General,38,,
το κυνήγι,1438,General,38,,
το παιδιό,1440,General,38,,
ο κάρτερ,1442,General,38,,
η δείξη,1443,General,38,,
το θέατρο,1444,General,38,,
λος,1445,General,38,,
η αυγά,1446,General,38,,
εξω,1448,General,38,,
σύμφωνος,1450,General,38,,
στέλνω / έστειλα,1451,General,38,,
η υγεία,1452,General,38,,
το ρεύμα,1453,General,38,,
φανεί,1454,General,39,,
το φεγγάρι,1456,General,39,,
τρώω / έφαγα,1458,General,39,,
αρχικά,1461,General,39,,
το κάστρο,1462,General,39,,
κάθομαι / έκατσα,1463,General,39,,
ο γνωστός,1464,General,39,,
τζος,1465,General,39,,
συναντώ / συνάντησα,1467,General,39,,
προκαλώ / προκάλεσα,1468,General,39,,
περίμενες,1469,General,39,,
ξεφύγω / ξέφυγα,1470,General,39,,
ανυπομονώ / ανυπομόνησα,1475,General,39,,
το ψωμί,1476,General,39,,
φανταστικός,1477,General,39,,
το σωρό,1478,General,39,,
μετράω / μέτρησα,1480,General,39,,
πιθανώς,1481,General,39,,
αδελφέ,1482,General,39,,
ακομα,1483,General,39,,
το χιλιόμετρο,1484,General,39,,
πίνεις,1486,General,39,,
το μέγεθος,1493,General,39,,
ανοιχτή,1494,General,39,,
ζακ,1495,General,39,,
ο παιδιών,1496,General,39,,
ο πράκτορας,1498,General,39,,
το σμιθ,1499,General,39,,
το μεξικό,1500,General,39,,
το μεγαλειότατε,1501,General,39,,
νοιώθω / ένοιωσα,1502,General,40,,
πέμπτος,1504,General,40,,
η ανάσα,1506,General,40,,
αναλαμβάνω / ανάλαβα,1507,General,40,,
οι βγάζεις,1508,General,40,,
το πράσινο,1509,General,40,,
δοκιμάζω / δοκίμασα,1511,General,40,,
η αγκαλιά,1512,General,40,,
το κοτόπουλο,1513,General,40,,
φορώ / φόρεσα,1515,General,40,,
ειδικός,1518,General,40,,
ηθοποιός,1519,General,40,,
πιω,1520,General,40,,
μεγαλύτερος,1521,General,40,,
πιό,1522,General,40,,
συν,1523,General,40,,
το σημείωμα,1525,General,40,,
το λύκειο,1526,General,40,,
η σπιτιού,1527,General,40,,
άδειος,1528,General,40,,
η σαμπάνια,1529,General,40,,
ύποπτος,1530,General,40,,
η πισίνα,1531,General,40,,
ο χάρτης,1533,General,40,,
μπορεις,1534,General,40,,
η βροχή,1535,General,40,,
το αισθήμα,1536,General,40,,
πλησιάζω / πλησίασα,1538,General,40,,
οι ρωτήσεις,1540,General,40,,
το αστέρι,1541,General,40,,
λέςς,1542,General,41,,
ο νους,1543,General,41,,
ο αιώνας,1544,General,41,,
κρυφά,1545,General,41,,
είν,1546,General,41,,
το τσιγάρο,1547,General,41,,
οι ρίξεις,1549,General,41,,
αθώος,1550,General,41,,
η μάγισσα,1551,General,41,,
η καλιφόρνια,1552,General,41,,
το μούτρο,1553,General,41,,
τρέξε,1554,General,41,,
τα μυαλά,1555,General,41,,
θεώ,1556,General,41,,
το εε,1557,General,41,,
αριστερό,1560,General,41,,
το τραύμα,1561,General,41,,
η πρόβλημά,1562,General,41,,
ο τάφος,1563,General,41,,
καλύτερες,1564,General,41,,
έπειτα,1566,General,41,,
απαντώ / απήντησα,1567,General,41,,
το ημερολόγιο,1568,General,41,,
ο πίνακας,1571,General,41,,
σίγουροι,1573,General,41,,
ο εχθρός,1574,General,41,,
κανονίζω / κανόνισα,1575,General,41,,
αργώ / άργησα,1577,General,41,,
νέας,1578,General,41,,
το τζούλιος,1580,General,41,,
ο στρατηγός,1581,General,42,,
η ωρα,1583,General,42,,
το γουρούνι,1584,General,42,,
οσος,1586,General,42,,
το πορτοφόλι,1587,General,42,,
κλαις,1588,General,42,,
το βλέμμα,1590,General,42,,
το βραβείο,1591,General,42,,
η σελίδα,1592,General,42,,
η μεσάνυχτα,1594,General,42,,
κοιμηθεί,1595,General,42,,
χαζή,1596,General,42,,
ρίξει / έριξε,1597,General,42,,
η γκόμενα,1599,General,42,,
το τατουάζ,1600,General,42,,
η δόση,1601,General,42,,
το στυλ,1602,General,42,,
η βέγκα,1603,General,42,,
πίνω / ήπια,1605,General,42,,
ανοιχτά,1606,General,42,,
ανοιχτός,1607,General,42,,
κινείται / κινήθηκε,1610,General,42,,
οι ζητήσεις,1611,General,42,,
ψάξω / έψαξα,1612,General,42,,
το πλήρωμα,1613,General,42,,
το τόνυ,1616,General,42,,
ο καναπές,1617,General,42,,
πισω,1618,General,42,,
διασκεδαστικός,1619,General,42,,
η επιφάνεια,1620,General,42,,
πετάξω / πέταξα,1621,General,43,,
το φορτηγάκι,1622,General,43,,
το κίνητρο,1623,General,43,,
οι λίρες,1624,General,43,,
η πίτσα,1627,General,43,,
τοτε,1628,General,43,,
τυχεροί,1629,General,43,,
η μεριά,1630,General,43,,
λίο,1631,General,43,,
απλα,1633,General,43,,
οι εξηγήσεις,1635,General,43,,
το ρομπότ,1636,General,43,,
συναρπαστικός,1637,General,43,,
χειρότερη,1638,General,43,,
το μισό,1639,General,43,,
φέτος,1640,General,43,,
λαίδος,1641,General,43,,
λιγο,1642,General,43,,
η ουρά,1643,General,43,,
η σκόνη,1644,General,43,,
θεωρώ / θεώρησα,1645,General,43,,
το τυρί,1647,General,43,,
το γκαράζ,1648,General,43,,
κλειστός,1650,General,43,,
η ποινή,1652,General,43,,
η θέα,1653,General,43,,
προχωρώ / προχώρησα,1654,General,43,,
τζάκσον,1655,General,43,,
το θάρρος,1656,General,43,,
ρωτάω / ερώτησα,1659,General,43,,
ο καρκίνος,1660,General,44,,
το ρίσκο,1661,General,44,,
ακολουθώ / ακολούθησα,1663,General,44,,
ο μαμάς,1664,General,44,,
φάε,1666,General,44,,
προτιμούσα,1668,General,44,,
η υγειά,1669,General,44,,
κανα,1671,General,44,,
η σύμπτωση,1673,General,44,,
το παγωτό,1674,General,44,,
καλέ,1675,General,44,,
το ακου,1676,General,44,,
το αστέριο,1680,General,44,,
θυμάται / θυμήθηκε,1681,General,44,,
κωδικός,1682,General,44,,
αντε,1683,General,44,,
παρακαλω,1684,General,44,,
η καταιγίδα,1687,General,44,,
ανόητος,1691,General,44,,
το ψέμμα,1692,General,44,,
σούπερ,1693,General,44,,
η φασαρία,1694,General,44,,
παρακολουθώ / παρακολούθησα,1695,General,44,,
η εξήγηση,1698,General,44,,
φανταστώ / φανταστούσα,1699,General,44,,
τρέχα,1700,General,44,,
κάρεν,1701,General,44,,
το τζάκι,1702,General,44,,
η ημερομηνία,1703,General,44,,
χανκ,1705,General,44,,
σίγουρος,1709,General,45,,
τέιλορ,1710,General,45,,
πέας,1711,General,45,,
η απώλεια,1712,General,45,,
το έλεος,1714,General,45,,
η μάσκα,1715,General,45,,
το χειρουργείο,1717,General,45,,
το ρόουζ,1719,General,45,,
εκπληκτικός,1720,General,45,,
ο μεσημεριανός,1722,General,45,,
ο ασανσέρ,1723,General,45,,
ύστερα,1724,General,45,,
χιλιάρικα,1725,General,45,,
ο σερίφης,1726,General,45,,
ο ήχος,1727,General,45,,
το κελί,1728,General,45,,
ο κλινικός,1729,General,45,,
ζήτω / έζησα,1730,General,45,,
η σιωπή,1731,General,45,,
πλούσιος,1732,General,45,,
απίθανος,1733,General,45,,
το αρχίδι,1735,General,45,,
τελικός,1736,General,45,,
φησέ,1737,General,45,,
φτιάχνω / έφτιαξα,1738,General,45,,
αφότου,1739,General,45,,
ο θύματος,1740,General,45,,
αμάντα,1741,General,45,,
πάς,1742,General,45,,
ο σταρ,1743,General,45,,
εντυπωσιακός,1744,General,46,,
το λάρι,1745,General,46,,
τες,1746,General,46,,
ευγνώμων,1748,General,46,,
η τιμωρία,1749,General,46,,
νεαρός,1752,General,46,,
ποιανού,1753,General,46,,
το φορτίο,1754,General,46,,
σού,1755,General,46,,
η λούκα,1756,General,46,,
πάτρικ,1757,General,46,,
απίστευτα,1758,General,46,,
το λούι,1760,General,46,,
βάλ,1761,General,46,,
το μεσημέρι,1762,General,46,,
η περίοδος,1763,General,46,,
άδικο,1764,General,46,,
ντέιβ,1765,General,46,,
χίλιος,1766,General,46,,
η φιλενάδα,1767,General,46,,
κάτσω / έκατσα,1768,General,46,,
η κασέτα,1769,General,46,,
το ψυγείο,1773,General,46,,
σενος,1774,General,46,,
το γενέθλιό,1775,General,46,,
χάουαρντ,1776,General,46,,
το σάιμον,1777,General,46,,
ο αλλος,1779,General,46,,
το στηβ,1780,General,46,,
ελεύθερα,1782,General,46,,
μάγκι,1783,General,47,,
σπάζω / έσπασα,1786,General,47,,
η μάρτυρα,1787,General,47,,
κοιτάζω / κοίταξα,1788,General,47,,
ο καθηγητάς,1789,General,47,,
η τελετή,1791,General,47,,
ο ιδιοκτήτης,1792,General,47,,
ψώνια,1795,General,47,,
το έμμα,1799,General,47,,
ο σύμβουλος,1801,General,47,,
βυζιά,1802,General,47,,
το πάθος,1803,General,47,,
μόνας,1804,General,47,,
η νύφη,1805,General,47,,
νέιθαν,1807,General,47,,
αναλάβω / ανάλαβα,1809,General,47,,
ο μαθητής,1810,General,47,,
ελικόπτερο,1811,General,47,,
γκρέις,1812,General,47,,
πέρσι,1813,General,47,,
λίζα,1814,General,47,,
κρύβω / έκρυψα,1815,General,47,,
το δηλητήριο,1816,General,47,,
γουίλιαμ,1817,General,47,,
καλέσει / κάλεσε,1818,General,47,,
συγγραφέας,1819,General,47,,
το κοστούμι,1821,General,47,,
η χάνα,1823,General,47,,
το κόλπ,1824,General,47,,
το άσ,1825,General,47,,
το κανάλι,1828,General,48,,
το αντίγραφο,1829,General,48,,
οι πιεις,1830,General,48,,
η βαλίτσα,1831,General,48,,
η αα,1832,General,48,,
η τραγούδια,1833,General,48,,
ννα,1835,General,48,,
η ενίσχυση,1836,General,48,,
η απάτη,1839,General,48,,
αμήν,1840,General,48,,
φυσικός,1841,General,48,,
ο λαός,1843,General,48,,
χαμηλός,1844,General,48,,
η φαντάσματα,1846,General,48,,
πέρυσι,1847,General,48,,
περασμένος,1848,General,48,,
ο θόρυβος,1849,General,48,,
οι κάρτες,1851,General,48,,
το γκολφ,1852,General,48,,
κοιμάμαι / κοιμήθηκα,1853,General,48,,
η σοκολάτα,1854,General,48,,
οπωσδήποτε,1855,General,48,,
το δολλάριο,1856,General,48,,
κούπερ,1857,General,48,,
ο διοικητής,1858,General,48,,
μισής,1859,General,48,,
το κενό,1860,General,48,,
νεαρής,1861,General,48,,
ο δάσκαλος,1862,General,48,,
το ερώτημα,1863,General,48,,
ντουλάπα,1864,General,49,,
αρχίζεις,1868,General,49,,
ο κλερ,1869,General,49,,
το χαμόγελο,1870,General,49,,
το τζόουνς,1871,General,49,,
παραμένω / παράμεινα,1872,General,49,,
τούρτα,1873,General,49,,
η εννιά,1874,General,49,,
μαντέψω / μάντεψα,1875,General,49,,
ελίζαμπεθ,1876,General,49,,
το ποσό,1878,General,49,,
η νύχια,1880,General,49,,
το τζωνς,1881,General,49,,
ούτως,1882,General,49,,
απασχολώ / απασχόλησα,1883,General,49,,
περιοδικός,1884,General,49,,
το μυστήριο,1885,General,49,,
ο τάιλερ,1886,General,49,,
πετάξει / πέταξε,1887,General,49,,
ικανός,1888,General,49,,
το άγχος,1889,General,49,,
το κουμπί,1890,General,49,,
φρεντς,1891,General,49,,
ο αξιωματικός,1892,General,49,,
τυχαία,1893,General,49,,
ο συγγενέας,1894,General,49,,
εθνικός,1895,General,49,,
λίλι,1896,General,49,,
το σενάριο,1897,General,49,,
τα δάχτυλα,1899,General,49,,
φοβούμαι / φοβήθηκα,1901,General,50,,
πλήρως,1902,General,50,,
ο γύρος,1903,General,50,,
μάρσαλ,1904,General,50,,
ελέγχω / έλεγξα,1905,General,50,,
η χείλη,1906,General,50,,
το φάρμα,1907,General,50,,
η σούπα,1908,General,50,,
ιστορικός,1909,General,50,,
το μηχάνημα,1910,General,50,,
τα φτερά,1911,General,50,,
το βάθος,1912,General,50,,
η λέσχη,1913,General,50,,
άμα,1914,General,50,,
ο ρος,1915,General,50,,
η σκάλα,1916,General,50,,
σπάνια,1918,General,50,,
το φιλαράκι,1920,General,50,,
σκοπεύω / σκόπευσα,1922,General,50,,
η σκιά,1923,General,50,,
ο συνταγματάρχης,1925,General,50,,
το πιάτο,1926,General,50,,
μάγια,1928,General,50,,
ώσπου,1929,General,50,,
το νέιτς,1931,General,50,,
το λούσι,1932,General,50,,
το κουράγιο,1933,General,50,,
η οργή,1934,General,50,,
το τζούλι,1935,General,50,,
το σοκ,1936,General,50,,
η παιδια,1937,General,51,,
ουάσινγκτον,1938,General,51,,
ανά,1939,General,51,,
υπέρ,1940,General,51,,
το μηδέν,1943,General,51,,
σινεμά,1944,General,51,,
το τζάστιν,1945,General,51,,
το τηλέφωνο,1946,General,51,,
κλέψει / έκλεψε,1947,General,51,,
βαριάς,1948,General,51,,
παράνομος,1949,General,51,,
ο τέξας,1951,General,51,,
τρελαθεί,1952,General,51,,
μενος,1953,General,51,,
φωνάξω / εφώναξα,1954,General,51,,
το σεζόν,1955,General,51,,
ο γιός,1956,General,51,,
το γήπεδο,1957,General,51,,
τίνος,1959,General,51,,
η αφρική,1961,General,51,,
το γρήγορο,1962,General,51,,
η φυλή,1964,General,51,,
ο δίσκος,1965,General,51,,
βινς,1966,General,51,,
η ζάχαρη,1967,General,51,,
το στούντιο,1970,General,51,,
η έλλειψη,1971,General,51,,
πρίν,1972,General,51,,
κυνηγάω / κυνήγησα,1973,General,51,,
το γκιμπς,1975,General,51,,
άλλως,1976,General,52,,
πετώ / πέταξα,1977,General,52,,
προφανέςς,1978,General,52,,
πρώτον,1980,General,52,,
ντόνα,1984,General,52,,
ο γείτονας,1985,General,52,,
οδηγήσω / οδήγησα,1986,General,52,,
νιλ,1987,General,52,,
η τροφή,1989,General,52,,
ο κύκλος,1990,General,52,,
χένρυ,1991,General,52,,
η σύλληψη,1992,General,52,,
ντιν,1994,General,52,,
ο παράθυρ,1995,General,52,,
η κίνα,1996,General,52,,
ξόρκι,1997,General,52,,
καυτός,1998,General,52,,
απαιτώ / απαίτησα,2000,General,52,,
κυριολεκτικά,2001,General,52,,
βάρδια,2002,General,52,,
έλειψες,2003,General,52,,
η εγγύηση,2004,General,52,,
λογικά,2005,General,52,,
η πατάτα,2006,General,52,,
η συλλογή,2007,General,52,,
το θυμηθώ,2009,General,52,,
καθαρίζω / καθάρισα,2010,General,52,,
ρθει,2011,General,52,,
η βολή,2012,General,52,,
μισέλ,2013,General,52,,
το χάος,2014,General,53,,
εξαιρετικός,2016,General,53,,
ικετεύω,2017,General,53,,
χαμένος,2018,General,53,,
το περιστατικό,2020,General,53,,
κατα,2021,General,53,,
ο μάρκος,2022,General,53,,
σάς,2023,General,53,,
κλέφτης,2026,General,53,,
οι νύχτες,2028,General,53,,
χτυπήσω / χτύπησα,2029,General,53,,
ενδιαφέρων,2030,General,53,,
το παλάτι,2034,General,53,,
τα γάμα,2036,General,53,,
έμιλι,2037,General,53,,
γιορτάσω / γιόρτασα,2038,General,53,,
λαν,2039,General,53,,
μαγικός,2040,General,53,,
το μπι,2042,General,53,,
η θερμοκρασία,2043,General,53,,
ο εγκέφαλος,2045,General,53,,
η αναπνοή,2046,General,53,,
ξεκινάω / ξεκίνησα,2047,General,53,,
πιει,2048,General,53,,
ντέρεκ,2049,General,53,,
δεχτώ / δεχτούσα,2051,General,53,,
ο θάνατός,2052,General,53,,
ξανακάνω / ξαναέκανα,2053,General,53,,
λίντα,2054,General,53,,
ο πεινάς,2055,General,53,,
η μπλούζα,2056,General,54,,
η έξοδος,2057,General,54,,
ρεμπέκα,2058,General,54,,
αστειεύομαι / αστειεύτηκα,2059,General,54,,
κακιά,2060,General,54,,
η βενζίνη,2061,General,54,,
το καλο,2062,General,54,,
ο δήμαρχος,2066,General,54,,
τρελάς,2067,General,54,,
εννοείται / εννοήθηκε,2069,General,54,,
το πουκάμισο,2070,General,54,,
ο ρυθμός,2071,General,54,,
κουσε,2072,General,54,,
φωνάζω / εφώναξα,2073,General,54,,
ο χρονος,2074,General,54,,
ολίβια,2076,General,54,,
νιώσω / ένιωσα,2077,General,54,,
το ύψος,2078,General,54,,
ρόμπιν,2079,General,54,,
μαύρος,2080,General,54,,
επικίνδυνος,2081,General,54,,
η αιμορραγία,2082,General,54,,
η πουτάνα,2083,General,54,,
ο φόνους,2084,General,54,,
οι σημειώσεις,2087,General,54,,
το μίσος,2088,General,54,,
ο κώδικας,2089,General,54,,
μπεθ,2090,General,54,,
κερδίσω / κέρδισα,2091,General,54,,
το κέισι,2092,General,54,,
η αηδία,2093,General,55,,
η πτώση,2094,General,55,,
παλιά,2095,General,55,,
γουστάρω / γούσταρα,2096,General,55,,
κλαίω / έκλαψα,2098,General,55,,
ο οίκος,2099,General,55,,
κοιτάω / κοίταξα,2100,General,55,,
μπραντς,2101,General,55,,
το στάδιο,2102,General,55,,
η πρόβα,2103,General,55,,
η τέρατα,2106,General,55,,
η αναμονή,2107,General,55,,
ιησός,2108,General,55,,
η καφή,2109,General,55,,
εμπιστευτώ / εμπιστευτούσα,2110,General,55,,
οι χειροπέδες,2111,General,55,,
ο διαγωνισμός,2113,General,55,,
ωραιος,2114,General,55,,
η μήνυση,2116,General,55,,
βαρύς,2117,General,55,,
ο όρος,2118,General,55,,
ελπίσω / ήλπισα,2119,General,55,,
κοστίζω / κόστισα,2121,General,55,,
η υπόσχεση,2123,General,55,,
ο μάγκας,2124,General,55,,
κόψει / έκοψε,2125,General,55,,
η γριά,2126,General,55,,
η αρκούδα,2127,General,55,,
χμμ,2128,General,55,,
κανονίσει / κανόνισε,2129,General,55,,
η προσβολή,2130,General,56,,
το αυτί,2131,General,56,,
το πιστόλι,2132,General,56,,
το πλευρό,2133,General,56,,
το θελει,2135,General,56,,
η χλόη,2137,General,56,,
το κέικ,2138,General,56,,
κόκκινος,2140,General,56,,
το γιό,2141,General,56,,
πάντης,2142,General,56,,
το κεφάλαιο,2143,General,56,,
κάρλος,2144,General,56,,
λαμβάνω / έλαβα,2146,General,56,,
το σαλόνι,2147,General,56,,
η καθρέφτη,2148,General,56,,
φιλ,2149,General,56,,
κανονικός,2150,General,56,,
ο συναγερμός,2151,General,56,,
ψεύτης,2152,General,56,,
η μερα,2154,General,56,,
το γκρεγκ,2155,General,56,,
το βασίλειο,2156,General,56,,
τήν,2157,General,56,,
ο βαθμός,2158,General,56,,
η πληγή,2159,General,56,,
το χώμα,2160,General,56,,
λιζ,2161,General,56,,
φοίβη,2162,General,56,,
το όργανο,2163,General,56,,
απόλυτος,2164,General,56,,
το νεύρο,2165,General,57,,
το σάλι,2167,General,57,,
ο βόμβες,2168,General,57,,
πήγαινες,2170,General,57,,
διάσημος,2171,General,57,,
ο υόρκης,2174,General,57,,
εχθές,2175,General,57,,
το συζύγου,2176,General,57,,
μπράντον,2177,General,57,,
η ζωη,2178,General,57,,
πάσα,2179,General,57,,
το καζίνο,2180,General,57,,
πρώτος,2181,General,57,,
φορέσω / φόρεσα,2184,General,57,,
το κουίν,2185,General,57,,
φροντίσει / φρόντισε,2186,General,57,,
μες,2188,General,57,,
το τούνελ,2189,General,57,,
ξεπεράσει / ξεπέρασε,2191,General,57,,
πουλώ / πούλησα,2192,General,57,,
η άμαξα,2193,General,57,,
το δάχτυλο,2194,General,57,,
τε,2195,General,57,,
ο σεφ,2196,General,57,,
νίκι,2198,General,57,,
το λου,2199,General,57,,
δεχτεί,2201,General,57,,
εννοεί / εννόησε,2202,General,57,,
γέλιος,2204,General,57,,
γρήγορη,2205,General,57,,
καθ,2206,General,58,,
νταμ,2209,General,58,,
πέρνα,2210,General,58,,
μεχρι,2212,General,58,,
πυροβολήσω / πυροβόλησα,2213,General,58,,
όλιβερ,2214,General,58,,
ο χίτλερ,2215,General,58,,
το μπρος,2216,General,58,,
ζωντανά,2217,General,58,,
αστείος,2218,General,58,,
μπέιζμπολ,2219,General,58,,
κλείσω / έκλεισα,2220,General,58,,
το τζέιμι,2221,General,58,,
το αμάξιο,2222,General,58,,
πέςς,2223,General,58,,
επίσημα,2224,General,58,,
η κοιλιά,2225,General,58,,
ο φέρ,2226,General,58,,
μπαρτ,2227,General,58,,
το πλήθος,2228,General,58,,
φράνκι,2229,General,58,,
τρελοί,2230,General,58,,
η δασκάλα,2231,General,58,,
η συνταγή,2232,General,58,,
το μαϊάμι,2233,General,58,,
προστατεύω / προστάτευσα,2234,General,58,,
η ακρόαση,2235,General,58,,
γουίλσον,2236,General,58,,
το υγρό,2240,General,58,,
νοιάζομαι / νοιάσθηκα,2241,General,58,,
μπάρι,2242,General,59,,
ευθεία,2243,General,59,,
επίτηδης,2244,General,59,,
η σάρκα,2245,General,59,,
ο τέταρτος,2246,General,59,,
η κυρά,2247,General,59,,
ο πρίγκιπας,2249,General,59,,
το ανν,2250,General,59,,
η τρίχα,2251,General,59,,
εαν,2252,General,59,,
η μπότα,2253,General,59,,
φρικτός,2255,General,59,,
επαναλαμβάνω / επανέλαβα,2256,General,59,,
η κλοπή,2257,General,59,,
ο βοηθός,2258,General,59,,
κέιτις,2259,General,59,,
το ίδρυμα,2260,General,59,,
το σχολείου,2261,General,59,,
το τρέξτε,2262,General,59,,
φωτός,2263,General,59,,
χιούμορ,2264,General,59,,
η ντένις,2265,General,59,,
το φίδι,2267,General,59,,
συζητήσω / συζήτησα,2268,General,59,,
ο πύργος,2269,General,59,,
ο δαίμονας,2271,General,59,,
τος,2272,General,59,,
προ,2274,General,59,,
κουνηθής,2275,General,59,,
το στίβεν,2276,General,59,,
η γκα,2277,General,60,,
η αδερφή,2278,General,60,,
η σάλτσα,2279,General,60,,
το μήκος,2280,General,60,,
φίλιπ,2281,General,60,,
το γκραντ,2282,General,60,,
γυναικα,2283,General,60,,
υπόψη,2284,General,60,,
η απαγωγή,2285,General,60,,
τα μπισκότα,2286,General,60,,
ελένος,2287,General,60,,
μάρθα,2289,General,60,,
κότσιος,2290,General,60,,
ο εγκληματίας,2291,General,60,,
τζένι,2295,General,60,,
γκόρντον,2296,General,60,,
ο δημοσιογράφος,2297,General,60,,
τα γόνα,2298,General,60,,
η νταντά,2299,General,60,,
πολύτιμος,2300,General,60,,
τζες,2301,General,60,,
η ομιλία,2302,General,60,,
αποτελώ / αποτέλεσα,2303,General,60,,
προέρχομαι / προήρθα,2305,General,60,,
κόουλ,2306,General,60,,
ο δάσκαλες,2307,General,60,,
σύντομος,2309,General,60,,
ξύπνιος,2314,General,60,,
το ραδιόφωνο,2315,General,60,,
η φορα,2317,General,60,,
το υπαστυνόμε,2318,General,61,,
ράσελ,2319,General,61,,
δεύτερος,2320,General,61,,
οι θεοί,2321,General,61,,
αντέξω / άντεξα,2322,General,61,,
χρήσιμος,2323,General,61,,
εύα,2325,General,61,,
χριστός,2326,General,61,,
γεμάτος,2327,General,61,,
η αύξηση,2328,General,61,,
πετυχαίνω / επέτυχα,2329,General,61,,
η κόρα,2330,General,61,,
απαγορεύω / απαγόρεψα,2331,General,61,,
η αδέλφια,2332,General,61,,
ολη,2333,General,61,,
ο πούτσος,2334,General,61,,
η φόρμα,2335,General,61,,
η διαμάντια,2336,General,61,,
υπερβολικός,2337,General,61,,
ο άγνωστος,2339,General,61,,
σπένσερ,2340,General,61,,
ζόι,2343,General,61,,
σκοτωθεί,2344,General,61,,
παιδικός,2345,General,61,,
πιστέψτε,2346,General,61,,
ακριβός,2347,General,61,,
ο χάρπερ,2348,General,61,,
χαλάσει / χάλασε,2349,General,61,,
καταλήγω / κατέληξα,2350,General,61,,
προστατέψω / προστάτεψα,2352,General,61,,
το μαρί,2354,General,62,,
το σχήμα,2355,General,62,,
η τετάρτη,2356,General,62,,
ντρέπεσαι,2360,General,62,,
σκάσει / έσκασε,2361,General,62,,
ο φύλακας,2363,General,62,,
ποιοί,2364,General,62,,
η ακτίνα,2365,General,62,,
τα νούμερα,2367,General,62,,
πλάι,2369,General,62,,
ο βαρετός,2370,General,62,,
μέ,2371,General,62,,
ρίχνω / έριξα,2372,General,62,,
ονομάζομαι / ονομάστηκα,2373,General,62,,
καθαρίσει / καθάρισε,2374,General,62,,
το δόλωμα,2375,General,62,,
εξακολουθώ / εξακολούθησα,2376,General,62,,
το τρώμε,2377,General,62,,
σταματάω / σταμάτησα,2380,General,62,,
η δεκαετία,2381,General,62,,
το έξοδο,2382,General,62,,
η ένδειξη,2383,General,62,,
η όνειρά,2384,General,62,,
ξεχάσω / ξέχασα,2385,General,62,,
ο ωκεανός,2386,General,62,,
το κύμα,2388,General,62,,
το χρέος,2389,General,62,,
ο άγγελος,2391,General,62,,
κλόουνς,2392,General,62,,
έλιοτ,2395,General,62,,
το άλλοθι,2397,General,63,,
η κοσμήματα,2398,General,63,,
τα εσώρουχα,2399,General,63,,
το σάρλοτ,2400,General,63,,
το τηλεφωνήμα,2401,General,63,,
γαλλικά,2402,General,63,,
τηλεφώνησέ,2403,General,63,,
η ντέιβις,2404,General,63,,
μάιλς,2405,General,63,,
ο νος,2406,General,63,,
η σημαία,2407,General,63,,
μαθαίνω / έμαθα,2410,General,63,,
το ασ,2411,General,63,,
περίπλοκος,2413,General,63,,
ευχάριστη,2414,General,63,,
ο θάλαμος,2415,General,63,,
το χάρολντ,2416,General,63,,
ο ιερός,2417,General,63,,
ο κόνορ,2419,General,63,,
η θλίψη,2420,General,63,,
το τοίχους,2421,General,63,,
η λη,2422,General,63,,
ο βίκτορ,2423,General,63,,
γαμάτος,2424,General,63,,
το ζόρι,2427,General,63,,
αντέξει / άντεξε,2428,General,63,,
ο ώμος,2429,General,63,,
ο αστυνόμος,2430,General,63,,
ειχα,2432,General,63,,
λευκή,2435,General,63,,
ο καπετάνιος,2436,General,64,,
η προαγωγή,2437,General,64,,
ο μπαμπάκας,2438,General,64,,
εϊ,2439,General,64,,
το γυμνάσιο,2441,General,64,,
η θυσία,2442,General,64,,
το κρανίο,2445,General,64,,
πουλάω / πούλησα,2446,General,64,,
απίστευτη,2447,General,64,,
αποκαλώ / αποκάλεσα,2448,General,64,,
ο συνταγματάρχας,2449,General,64,,
ο στυλός,2451,General,64,,
ο μάγος,2453,General,64,,
η καλλιτέχνη,2454,General,64,,
η σακούλα,2455,General,64,,
σημερα,2456,General,64,,
μαλακό,2457,General,64,,
χέιλις,2458,General,64,,
το χόρτο,2460,General,64,,
ίσα,2462,General,64,,
το πιάνο,2463,General,64,,
το κάθισμα,2464,General,64,,
η δοκιμή,2465,General,64,,
το μαντάμ,2466,General,64,,
το κολλέγιο,2467,General,64,,
η θεούλη,2468,General,64,,
το χρηματοκιβώτιο,2469,General,64,,
ο εφιάλτης,2470,General,64,,
νόμισα,2471,General,64,,
η κρέμα,2472,General,64,,
το πεπρωμένο,2473,General,65,,
ο επιθεωρητής,2475,General,65,,
ο διάβολος,2476,General,65,,
το υποτίτλο,2477,General,65,,
ο μισθός,2478,General,65,,
το κλουβί,2479,General,65,,
οι ξεφύγεις,2480,General,65,,
η καλη,2481,General,65,,
αμερικός,2483,General,65,,
φτιάχνεις,2484,General,65,,
παρακολουθής,2485,General,65,,
αδύναμοςς,2486,General,65,,
ο χειμώνας,2489,General,65,,
μίλερ,2490,General,65,,
το υπολοχαγέ,2491,General,65,,
σκοτεινός,2492,General,65,,
μόλι,2493,General,65,,
η μπάντα,2494,General,65,,
ο γενναίος,2495,General,65,,
το εμπόδιο,2496,General,65,,
χορέψω / χόρεψα,2498,General,65,,
τρομερά,2501,General,65,,
ξανασυμβεί / ξανασύμβασε,2502,General,65,,
η χορού,2504,General,65,,
ο άσπρος,2507,General,65,,
διάβασες,2508,General,65,,
η δάκρυα,2509,General,65,,
η μανούλα,2511,General,65,,
το γάντι,2512,General,65,,
αγενής,2513,General,65,,
ξανθιά,2514,General,66,,
τρομερής,2516,General,66,,
ο ιός,2517,General,66,,
καθε,2519,General,66,,
ο κατάσκοπος,2520,General,66,,
νευρικός,2521,General,66,,
το πείραμα,2522,General,66,,
ινδία,2525,General,66,,
το ζόμπι,2528,General,66,,
καίω / έκαψα,2529,General,66,,
η ένταση,2530,General,66,,
πέσω / έπεσα,2531,General,66,,
μπαλ,2532,General,66,,
τά,2533,General,66,,
το τίμημα,2535,General,66,,
ο νικητής,2537,General,66,,
λιγότερα,2538,General,66,,
τακτοποιώ / τακτοποίησα,2539,General,66,,
το όνειρό,2540,General,66,,
ο πάτος,2541,General,66,,
ο γερμανός,2542,General,66,,
το κώμα,2543,General,66,,
η βράδια,2544,General,66,,
ηρακλή,2546,General,66,,
σιγουρευτώ / σιγουρευτούσα,2548,General,66,,
περίφημα,2549,General,66,,
δειλός,2550,General,66,,
φρικιό,2551,General,66,,
το σηκωθείτε,2552,General,66,,
κοστίσει / κόστισε,2553,General,66,,
κεντρικός,2554,General,67,,
πιλότος,2555,General,67,,
η πρόποση,2557,General,67,,
το σύμβολο,2558,General,67,,
πέιτζ,2560,General,67,,
το όραμα,2561,General,67,,
ισχυρός,2563,General,67,,
τεχνικός,2565,General,67,,
δεύτερα,2566,General,67,,
ααα,2568,General,67,,
γρήγορος,2569,General,67,,
ανάθεμα,2570,General,67,,
η τσούλα,2571,General,67,,
ο γερουσιαστής,2572,General,67,,
ο ναός,2573,General,67,,
η πίτα,2574,General,67,,
στης,2575,General,67,,
ο ισχύς,2576,General,67,,
η κάλτσα,2577,General,67,,
κλέβω / έκλεψα,2578,General,67,,
λίσα,2579,General,67,,
στέκω / στάθηκα,2580,General,67,,
ο κας,2581,General,67,,
ο τηλεφώνησες,2582,General,67,,
κινδυνεύω / κινδύνεψα,2583,General,67,,
ξεκάθαρος,2584,General,67,,
άν,2586,General,67,,
ρισκάρω / ρισκάρισα,2588,General,67,,
σούπερμαν,2589,General,67,,
τα κουτιά,2591,General,67,,
η τράβις,2592,General,68,,
το κάρι,2593,General,68,,
ο ιερέας,2594,General,68,,
το οδόςς,2595,General,68,,
πρόσεξας,2597,General,68,,
φόρα,2598,General,68,,
χάλι,2599,General,68,,
άβολα,2600,General,68,,
ο γραμματέας,2601,General,68,,
ο όσκαρ,2602,General,68,,
ο διοικητάς,2604,General,68,,
χάρις,2606,General,68,,
το σόφι,2607,General,68,,
ελέγξεις,2608,General,68,,
το γιανγκ,2609,General,68,,
επίσημος,2611,General,68,,
το μπουθ,2612,General,68,,
ρθω / ρθούσα,2613,General,68,,
ο εργάτης,2614,General,68,,
οι διαλέξεις,2615,General,68,,
τίνα,2616,General,68,,
οδηγής,2618,General,68,,
το κέιν,2620,General,68,,
ρόις,2622,General,68,,
το αποτύπωμα,2623,General,68,,
αιώνιος,2625,General,68,,
το πάσο,2626,General,68,,
το διακόπτω,2627,General,68,,
ο τρομοκράτης,2628,General,68,,
γυμνή,2629,General,68,,
προειδοποιώ / προειδοποίησα,2630,General,69,,
λέγομαι / ελέχθη,2631,General,69,,
ντουλάπι,2632,General,69,,
το πυρετό,2633,General,69,,
νομικός,2634,General,69,,
άνταμ,2635,General,69,,
τζέρεμι,2638,General,69,,
πιστός,2639,General,69,,
το ψάρεμα,2640,General,69,,
το συγχώρεσέ,2641,General,69,,
βραδινός,2642,General,69,,
βέρα,2643,General,69,,
ο ύπνος,2644,General,69,,
ο άρχοντας,2647,General,69,,
η είδηση,2648,General,69,,
η απόπειρα,2649,General,69,,
τραβήξει / τράβηξε,2651,General,69,,
μπάρμπαρα,2652,General,69,,
η δύση,2653,General,69,,
το χε,2654,General,69,,
γκόμενος,2655,General,69,,
οφείλω / όφειλα,2657,General,69,,
το πε,2658,General,69,,
το μπο,2659,General,69,,
άλαν,2660,General,69,,
περιέχω / περιείχα,2662,General,69,,
η βλάβη,2664,General,69,,
το θέαμα,2667,General,69,,
καλυτερα,2668,General,69,,
η φάτσα,2669,General,69,,
η τροχιά,2670,General,70,,
το ευρώ,2671,General,70,,
χτυπώ / χτύπησα,2673,General,70,,
φρέσκο,2676,General,70,,
το αέριο,2678,General,70,,
ήπια,2680,General,70,,
ακολουθήσω / ακολούθησα,2682,General,70,,
το πέος,2684,General,70,,
ακριβά,2686,General,70,,
το ντικ,2687,General,70,,
η βιρτζίνια,2689,General,70,,
το μαμα,2690,General,70,,
άστο,2693,General,70,,
στείλτε,2694,General,70,,
το μέτωπο,2695,General,70,,
άντι,2696,General,70,,
καλύπτω / κάλυψα,2697,General,70,,
σωστα,2698,General,70,,
ο γενεθλίων,2700,General,70,,
η αμαρτία,2701,General,70,,
η συμπτώματα,2702,General,70,,
η τραγωδία,2703,General,70,,
ευχάριστος,2705,General,70,,
το μητρώο,2706,General,70,,
η σκανδάλη,2707,General,70,,
παρατώ / παράτησα,2708,General,70,,
ο χόμερ,2709,General,70,,
η λάνα,2710,General,70,,
οι αγγίξεις,2711,General,70,,
μπάσταρδος,2714,General,70,,
η φλόριντα,2716,General,71,,
ο εκρηκτικός,2717,General,71,,
καίγω / έκαψα,2718,General,71,,
ενθουσιασμένος,2719,General,71,,
το ήρωες,2720,General,71,,
το πλεονέκτημα,2721,General,71,,
έξτρα,2723,General,71,,
το άρωμα,2724,General,71,,
ο λοχαγός,2725,General,71,,
η γραβάτα,2726,General,71,,
το κορμί,2727,General,71,,
δια,2728,General,71,,
οι κλέφτες,2729,General,71,,
ο προσευχής,2730,General,71,,
η έκδοση,2731,General,71,,
η ιαπωνία,2732,General,71,,
σπασμένος,2734,General,71,,
ανεβαίνω /  ανέβη,2735,General,71,,
μάθιος,2736,General,71,,
το ζευγάριο,2737,General,71,,
καθημερινά,2739,General,71,,
κεντ,2740,General,71,,
ο φρουρός,2741,General,71,,
βρώμικος,2742,General,71,,
απομείνω / απόμεινα,2745,General,71,,
το καρφί,2746,General,71,,
καριόλη,2747,General,71,,
οι δολοφόνοι,2748,General,71,,
η τζίνις,2751,General,71,,
οι νοιώθεις,2752,General,71,,
το συνέδριο,2753,General,72,,
το χάσιμο,2754,General,72,,
η πινακίδα,2755,General,72,,
ακολουθείςς,2756,General,72,,
έρχεστε,2757,General,72,,
χωρίσει / χώρισε,2758,General,72,,
νικήσω / νίκησα,2759,General,72,,
λίνκολν,2760,General,72,,
εντός,2761,General,72,,
η ξυπνήση,2762,General,72,,
η διαρροή,2763,General,72,,
ο χυμός,2764,General,72,,
αδελφή,2765,General,72,,
οι στολές,2766,General,72,,
το χαλί,2767,General,72,,
το δολαρίο,2769,General,72,,
ακριβή,2770,General,72,,
μαζέψω / μάζεψα,2771,General,72,,
η παιχνιδιού,2772,General,72,,
πόκερ,2773,General,72,,
μάρτι,2774,General,72,,
ξαναδείς,2775,General,72,,
το σαιζόν,2776,General,72,,
φρανσίσκο,2779,General,72,,
σταθερός,2780,General,72,,
φρέντι,2781,General,72,,
τός,2783,General,72,,
η πρόοδος,2784,General,72,,
το χρυσάφι,2785,General,72,,
ο λύκος,2787,General,72,,
το σέιν,2791,General,73,,
ναζί,2794,General,73,,
αθώο,2796,General,73,,
ράιλι,2797,General,73,,
μπρουκ,2798,General,73,,
το κινδύνου,2799,General,73,,
αρχαίος,2800,General,73,,
εργάζομαι / εργάστηκα,2801,General,73,,
τρέισι,2802,General,73,,
πειράξει / πείραξε,2803,General,73,,
χειρότερος,2804,General,73,,
τησ,2805,General,73,,
γεννηθεί,2807,General,73,,
τυχαίνω / έτυχα,2809,General,73,,
ξυπνώ / ξύπνησα,2810,General,73,,
το μέλι,2811,General,73,,
το ποσο,2812,General,73,,
ο λόφος,2813,General,73,,
ο πισινός,2814,General,73,,
κουλ,2815,General,73,,
κανονίσω / κανόνισα,2816,General,73,,
η πόρνα,2817,General,73,,
το χρώματ,2818,General,73,,
το χάπι,2820,General,73,,
επηρεάζω / επηρέασα,2821,General,73,,
βιάζεσαι,2823,General,73,,
η μούρη,2824,General,73,,
η διαθήκη,2825,General,73,,
ο φούρνος,2826,General,73,,
η γενιά,2827,General,73,,
ερλ,2828,General,74,,
ο θυμός,2829,General,74,,
η αισθήση,2830,General,74,,
η κυβερνήτα,2831,General,74,,
όλον,2833,General,74,,
ο φωτιάς,2834,General,74,,
τα φράγκα,2836,General,74,,
ο κυνηγός,2839,General,74,,
βικ,2840,General,74,,
το μασάζ,2841,General,74,,
ο τόνος,2843,General,74,,
κίτρινο,2844,General,74,,
μπρέντα,2845,General,74,,
ο μπελάς,2846,General,74,,
απατεώνας,2848,General,74,,
χάρυ,2850,General,74,,
ο καποιος,2853,General,74,,
αγνοείται / αγνοήθηκε,2854,General,74,,
ψεύτικος,2856,General,74,,
το έμιλυ,2857,General,74,,
το τόμπι,2858,General,74,,
οι πείσεις,2859,General,74,,
χρυσός,2861,General,74,,
τζεν,2862,General,74,,
το φύλλο,2864,General,74,,
το ονομα,2865,General,74,,
το νέλσον,2866,General,74,,
ο άνεμος,2867,General,74,,
σέ,2868,General,74,,
το κατάστρωμα,2870,General,74,,
φιλώ / φίλησα,2873,General,75,,
βρέχω / έβρεξα,2874,General,75,,
το προσώπου,2875,General,75,,
ο αμερικανός,2879,General,75,,
η πτέρυγα,2880,General,75,,
νόρα,2881,General,75,,
η τζίνα,2882,General,75,,
ο βερολίνος,2883,General,75,,
το μουνί,2884,General,75,,
γυναικείος,2888,General,75,,
υπογράφω / υπέγραψα,2889,General,75,,
το δον,2890,General,75,,
μίτσελ,2892,General,75,,
κανενός,2893,General,75,,
η ένεση,2894,General,75,,
το τραίνο,2896,General,75,,
η αγελάδα,2898,General,75,,
θελες,2899,General,75,,
μέλιτος,2901,General,75,,
επ,2902,General,75,,
ρίτα,2903,General,75,,
η χήρα,2904,General,75,,
σέβομαι / σεβάστηκα,2905,General,75,,
η φωλιά,2907,General,75,,
ο τυφλός,2908,General,75,,
η παναγία,2910,General,75,,
το μίλι,2911,General,75,,
ο δεσμός,2912,General,75,,
το χο,2914,General,75,,
η πείνα,2916,General,75,,
συνηθίζω / συνήθισα,2919,General,76,,
λις,2920,General,76,,
ζηλεύω / ζήλεψα,2921,General,76,,
νόρμαν,2922,General,76,,
οξυγόνο,2923,General,76,,
τραβήξω / τράβηξα,2924,General,76,,
γρηγορότερα,2925,General,76,,
φάρσα,2926,General,76,,
η άνοιξη,2928,General,76,,
ο μωρές,2929,General,76,,
η μόδα,2930,General,76,,
χοντρό,2931,General,76,,
σεθς,2934,General,76,,
σημερινός,2935,General,76,,
φιν,2936,General,76,,
η λεφτα,2937,General,76,,
κάμερος,2938,General,76,,
το εμετό,2939,General,76,,
η κρεβατοκάμαρα,2940,General,76,,
αμάν,2941,General,76,,
κυρια,2942,General,76,,
το πονοκέφαλο,2943,General,76,,
κιθάρα,2944,General,76,,
η πετσέτα,2945,General,76,,
το γέλιο,2946,General,76,,
ο ώπας,2947,General,76,,
χάρβεϊ,2949,General,76,,
μάντι,2950,General,76,,
η αλυσίδα,2951,General,76,,
τζένος,2952,General,76,,
η καμπίνα,2953,General,77,,
ο ταγματάρχης,2954,General,77,,
υψηλής,2955,General,77,,
η λάσπη,2957,General,77,,
νόστιμο,2959,General,77,,
κοιτάξει / κοίταξε,2960,General,77,,
ξανακούσει / ξανάκουσε,2962,General,77,,
σαφής,2963,General,77,,
το τσίρκο,2966,General,77,,
η λλη,2967,General,77,,
το καλάθι,2968,General,77,,
το μέισον,2969,General,77,,
λυπηρός,2970,General,77,,
γλυκειά,2971,General,77,,
πολλος,2974,General,77,,
προστατέψει / προστάτεψε,2976,General,77,,
η δαίμονα,2977,General,77,,
το παραμύθι,2978,General,77,,
η βότκα,2979,General,77,,
η μπανιέρα,2980,General,77,,
νεος,2981,General,77,,
ο γούστος,2982,General,77,,
η κακία,2983,General,77,,
πίπα,2984,General,77,,
το λισον,2985,General,77,,
το κουστούμι,2986,General,77,,
το κώλοςς,2987,General,77,,
δωσ,2988,General,77,,
παραδώσω / παράδωσα,2990,General,77,,
το δωματίου,2991,General,77,,
άγριος,2992,General,78,,
υψηλή,2993,General,78,,
κλέι,2994,General,78,,
το σεντ,2995,General,78,,
η ποσότητα,2997,General,78,,
σταθερά,2998,General,78,,
διπλά,2999,General,78,,
το αυγό,3000,General,78,,
ξεκουραστείς,3002,General,78,,
κρύα,3003,General,78,,
φρικάρει / φρίκαρε,3005,General,78,,
το κολιέ,3006,General,78,,
ο πυροβολισμός,3007,General,78,,
κουσες,3008,General,78,,
ευτυχής,3009,General,78,,
ευχαριστημένος,3010,General,78,,
σφιχτά,3011,General,78,,
η άμυνα,3012,General,78,,
ο αρχιφύλακας,3013,General,78,,
η επισκέψη,3015,General,78,,
το σύνολο,3016,General,78,,
στιούαρτ,3017,General,78,,
το κιτ,3018,General,78,,
μπουφάν,3019,General,78,,
λόρα,3023,General,78,,
τζι,3024,General,78,,
πολεμώ / πολέμησα,3026,General,78,,
ενοχλητικός,3028,General,78,,
συλλαμβάνω / συνέλαβα,3029,General,78,,
το όρκο,3030,General,78,,
το άμμο,3031,General,79,,
τρομάζω / τρόμαξα,3032,General,79,,
το αλάτι,3033,General,79,,
το τσιπς,3034,General,79,,
ο κατάλογος,3035,General,79,,
η σαλάτα,3036,General,79,,
γκλόρια,3037,General,79,,
ο δράστης,3038,General,79,,
διαλέξω / διάλεξα,3039,General,79,,
το σχοινί,3040,General,79,,
μακρύς,3041,General,79,,
δυτικός,3043,General,79,,
το άλισον,3044,General,79,,
η σουίτα,3046,General,79,,
το μπλουζάκι,3047,General,79,,
η κότα,3048,General,79,,
το συμπέρασμα,3049,General,79,,
ο προδότης,3050,General,79,,
θυμώσει / θύμωσε,3051,General,79,,
τραβάω / τράβηξα,3052,General,79,,
ο πάιπερ,3055,General,79,,
η τετράγωνα,3056,General,79,,
φροντίσω / φρόντισα,3057,General,79,,
ο πρωτόκολλος,3058,General,79,,
ετοιμάζω / ετοίμασα,3060,General,79,,
το κόκο,3061,General,79,,
θλιβερός,3062,General,79,,
η φυτά,3063,General,79,,
το φιλμ,3064,General,79,,
νικόλ,3065,General,79,,
ο πάγκος,3066,General,80,,
σπάνιος,3067,General,80,,
το φτιάξε,3068,General,80,,
απαντάω / απήντησα,3069,General,80,,
το φρούτο,3070,General,80,,
το γουρούνιο,3071,General,80,,
το τιμόνι,3072,General,80,,
λεω,3073,General,80,,
αναπνέω / ανέπνευσα,3074,General,80,,
χοντρόςς,3075,General,80,,
το ψητό,3076,General,80,,
ο δάνειος,3077,General,80,,
μετρό,3078,General,80,,
το δισεκατομμύριο,3080,General,80,,
το άλμα,3081,General,80,,
η εξαφάνιση,3082,General,80,,
μπίλυ,3084,General,80,,
η οροφή,3086,General,80,,
τα οστά,3088,General,80,,
η συγνωμη,3089,General,80,,
το έντουαρντ,3090,General,80,,
το κάλι,3091,General,80,,
η γαλαξία,3092,General,80,,
η δίωξη,3093,General,80,,
ο σωλήνας,3094,General,80,,
ρουθ,3096,General,80,,
μολις,3097,General,80,,
γκλεν,3098,General,80,,
γουάιτ,3099,General,80,,
ο φέρετρος,3100,General,80,,
ζεστά,3101,General,81,,
ο χριστουγέννων,3102,General,81,,
βρωμάω / βρώμησα,3103,General,81,,
το νεντ,3106,General,81,,
παρθένα,3107,General,81,,
η μετοχή,3108,General,81,,
το κτήνος,3110,General,81,,
το κάπτεν,3111,General,81,,
η ψεύτη,3112,General,81,,
πετάω / πέταξα,3113,General,81,,
ο κινητάς,3114,General,81,,
το δίπλωμα,3115,General,81,,
το παιδς,3116,General,81,,
αρνείται / αρνήθηκε,3117,General,81,,
το γου,3119,General,81,,
το στοπ,3120,General,81,,
λύνω / έλυσα,3123,General,81,,
ανέβει,3124,General,81,,
ντέιμον,3125,General,81,,
βασίζω / βάσισα,3126,General,81,,
ευγενικά,3127,General,81,,
η κόλλα,3128,General,81,,
το καλώδιο,3129,General,81,,
τα υλικά,3130,General,81,,
το συρτάρι,3131,General,81,,
το ξίφος,3132,General,81,,
τακτικός,3134,General,81,,
γρηγορα,3135,General,81,,
αληθεύω / αλήθεψα,3136,General,81,,
η εκτέλεση,3138,General,81,,
το ρίτσι,3139,General,82,,
τα σύννεφα,3140,General,82,,
ο μάνατζερ,3142,General,82,,
άχρηστος,3144,General,82,,
η χοντρή,3145,General,82,,
δίχως,3146,General,82,,
το χεράκι,3147,General,82,,
ο έπιπλος,3148,General,82,,
η εκδοχή,3151,General,82,,
το πορνό,3152,General,82,,
το κεν,3153,General,82,,
καμμιά,3155,General,82,,
αναρωτιέσαι,3158,General,82,,
το σώσε,3159,General,82,,
απάντησέ,3160,General,82,,
συνδέω / σύνδεσα,3161,General,82,,
ταγματάρχα,3163,General,82,,
το ύφος,3164,General,82,,
η ταράτσα,3165,General,82,,
μπλέικ,3166,General,82,,
μέι,3167,General,82,,
υποθέσω / υπόθεσα,3168,General,82,,
μπαμπα,3170,General,82,,
μονάχα,3171,General,82,,
καλ,3172,General,82,,
το σκοινί,3174,General,82,,
ο ηγέτης,3175,General,82,,
φανώ / φανούσα,3176,General,82,,
ο καπνός,3177,General,82,,
η πύλα,3178,General,82,,
βερόνικος,3179,General,83,,
το προβλήμα,3180,General,83,,
το κουδούνι,3181,General,83,,
χέδερ,3183,General,83,,
έϊ,3184,General,83,,
το ακριβως,3185,General,83,,
το χάρισμα,3186,General,83,,
κριστίνς,3187,General,83,,
τζιλ,3191,General,83,,
το μαξιλάρι,3192,General,83,,
γενναία,3193,General,83,,
η χτυπήματα,3194,General,83,,
η στήλη,3196,General,83,,
το πρεσβείο,3197,General,83,,
ο αρχηγείος,3199,General,83,,
άρθουρ,3200,General,83,,
το μμ,3202,General,83,,
το οντισιόν,3203,General,83,,
η ψεύτρα,3204,General,83,,
η διευθύντρια,3205,General,83,,
γερά,3206,General,83,,
η ύπαρξη,3207,General,83,,
κόπανος,3208,General,83,,
η ακοή,3211,General,83,,
το τρόφιμα,3212,General,83,,
τάρα,3214,General,83,,
περιλαμβάνω / περίλαβα,3215,General,83,,
η κοπελιά,3216,General,83,,
το λάδι,3217,General,83,,
το τετράγωνο,3218,General,83,,
σχεδιάζω / σχεδίασα,3219,General,84,,
τοις,3220,General,84,,
η ηρεμία,3221,General,84,,
ο γονιών,3222,General,84,,
το σκυλάκι,3223,General,84,,
αρχικός,3224,General,84,,
ο βαμπίρ,3225,General,84,,
το ποντίκι,3226,General,84,,
ρίκις,3227,General,84,,
τοπικός,3228,General,84,,
στενής,3229,General,84,,
το λόρι,3230,General,84,,
ο ένστικτος,3231,General,84,,
άντζελος,3232,General,84,,
η μπλα,3234,General,84,,
η σαμάνθα,3235,General,84,,
το χονγκ,3236,General,84,,
μακγκί,3237,General,84,,
η φύλακα,3238,General,84,,
επειδη,3239,General,84,,
το διαβατήριο,3241,General,84,,
ο καναδάς,3242,General,84,,
το μπένετ,3244,General,84,,
κόφ,3246,General,84,,
εμενος,3247,General,84,,
οι εφιάλτες,3248,General,84,,
κέρτις,3249,General,84,,
μπάουερ,3250,General,84,,
το μήλο,3251,General,84,,
αρα,3252,General,84,,
το σήκωσέ,3253,General,85,,
το αφησέ,3254,General,85,,
γεμίζω / γέμισα,3255,General,85,,
η τσέπα,3256,General,85,,
η βασίλη,3257,General,85,,
η ηρωίνη,3258,General,85,,
ο θρόνος,3260,General,85,,
πυροβόλησες,3262,General,85,,
η γροθιά,3263,General,85,,
οι πίνακες,3264,General,85,,
η μεταφραση,3267,General,85,,
η πάπια,3268,General,85,,
ο εβραίος,3269,General,85,,
ο άθλιος,3270,General,85,,
μιτς,3271,General,85,,
κινέζικο,3272,General,85,,
θαυμάζω / θαύμασα,3276,General,85,,
η μάχα,3277,General,85,,
ακαδημία,3278,General,85,,
λέσλι,3279,General,85,,
το βίβλο,3281,General,85,,
η μπαταρία,3282,General,85,,
ξένος,3283,General,85,,
το τζάμπο,3284,General,85,,
βανέσα,3285,General,85,,
το άγαλμα,3286,General,85,,
ο έμπορος,3287,General,85,,
σκέτο,3289,General,85,,
μπάφυ,3290,General,85,,
η λάμψη,3291,General,85,,
λέιζερ,3292,General,86,,
η κριστίνα,3293,General,86,,
λίαμ,3294,General,86,,
το μέρι,3295,General,86,,
μετακομίζω / μετακόμισα,3296,General,86,,
το κοριτσιό,3297,General,86,,
το κόουτςς,3298,General,86,,
λεσβία,3300,General,86,,
ξανα,3301,General,86,,
ο λοχίας,3302,General,86,,
ξαναπάρω / ξαναπάρισα,3303,General,86,,
ο ραντάρ,3304,General,86,,
ασχολείται / ασχολήθηκε,3305,General,86,,
μέντιουμ,3306,General,86,,
κεί,3307,General,86,,
η κλειδαριά,3308,General,86,,
ο όρθιος,3309,General,86,,
νόμιμος,3310,General,86,,
η μόλυνση,3311,General,86,,
μέρεντιθ,3312,General,86,,
μόσχα,3313,General,86,,
περαιτέρω,3314,General,86,,
ναόμι,3315,General,86,,
οι ρώσοι,3316,General,86,,
κρίνω / έκρινα,3317,General,86,,
το φυτό,3318,General,86,,
θετικός,3319,General,86,,
δοθεί,3320,General,86,,
όπας,3321,General,86,,
αι,3322,General,86,,
το μπαστούνι,3323,General,87,,
τρόι,3324,General,87,,
το χι,3325,General,87,,
κυνηγώ / κυνήγησα,3326,General,87,,
η ανάπτυξη,3327,General,87,,
ότου,3328,General,87,,
η κουβέρτα,3329,General,87,,
η διακοπή,3330,General,87,,
ο βρικόλακας,3333,General,87,,
το μπόνι,3335,General,87,,
ο αφέντης,3336,General,87,,
το κοκτέιλ,3337,General,87,,
αρνηθώ / αρνηθούσα,3338,General,87,,
πληγώσω / πλήγωσα,3340,General,87,,
ο σταυρός,3341,General,87,,
κατευθύνω / κατηύθυνα,3342,General,87,,
ο παίκτης,3343,General,87,,
κινώ / κίνησα,3344,General,87,,
η σερβιτόρα,3346,General,87,,
το μπέικον,3347,General,87,,
απόρρητος,3348,General,87,,
το έιντζελ,3350,General,87,,
βασικός,3351,General,87,,
το παιδάκι,3353,General,87,,
ο πυρήνας,3354,General,87,,
οι διαφορετικοί,3355,General,87,,
κόβω / έκοψα,3356,General,87,,
οι εκπλήξεις,3357,General,87,,
σταματά,3358,General,87,,
συλλαμβάνεσαι,3359,General,87,,
παντρεύω / πάντρεψα,3360,General,88,,
χωρίζω / χώρισα,3361,General,88,,
το ιατρείο,3362,General,88,,
ακουστεί,3363,General,88,,
το μπουκάλιο,3364,General,88,,
τυχερό,3365,General,88,,
ένοχη,3366,General,88,,
κείνος,3367,General,88,,
η φρουρά,3369,General,88,,
οι πυροβολισμοί,3370,General,88,,
επανορθώσω / επανόρθωσα,3372,General,88,,
η ανακούφιση,3373,General,88,,
το σεντς,3374,General,88,,
το πλυντήριο,3377,General,88,,
αποκτώ / απέκτησα,3378,General,88,,
ο υπολοχαγός,3380,General,88,,
αργήσω / άργησα,3381,General,88,,
το προχωράμε,3382,General,88,,
γουέστ,3384,General,88,,
κάρλα,3386,General,88,,
το σπέρμα,3388,General,88,,
γκριν,3389,General,88,,
ολα,3391,General,88,,
ο νιος,3392,General,88,,
το σχόλιο,3394,General,88,,
το κερί,3395,General,88,,
το βούτυρο,3396,General,88,,
το ποσοστό,3397,General,88,,
το κονγκ,3398,General,88,,
η διαφυγή,3399,General,88,,
δημοφιλής,3400,General,89,,
σηκωθείς,3401,General,89,,
ο πόντος,3402,General,89,,
το μαρτζ,3403,General,89,,
η ευλογία,3404,General,89,,
το ταχυδρομείο,3405,General,89,,
γραμμένος,3406,General,89,,
το γιατρούς,3408,General,89,,
το επάγγελμα,3411,General,89,,
τζέικομπ,3412,General,89,,
δεσποινίδα,3414,General,89,,
το σύνδρομο,3415,General,89,,
γουόλτ,3417,General,89,,
το ντέιλ,3419,General,89,,
υπογράψω / υπόγραψα,3421,General,89,,
ο θεάς,3422,General,89,,
νικώ / νίκησα,3423,General,89,,
το άλμπουμ,3424,General,89,,
παράξενοςς,3427,General,89,,
η μενού,3428,General,89,,
ζωντανούς,3430,General,89,,
καθαρίσω / καθάρισα,3433,General,89,,
η διάρρηξη,3434,General,89,,
η χριστού,3435,General,89,,
το λάστιχο,3436,General,89,,
το σφυρί,3437,General,89,,
άνω,3438,General,89,,
το δολοφόνου,3439,General,89,,
άλις,3440,General,89,,
η τίγρη,3442,General,89,,
το κόλιν,3443,General,90,,
ξαναβλέπω / ξαναείδα,3444,General,90,,
καμια,3445,General,90,,
μέρλιν,3446,General,90,,
ρας,3447,General,90,,
ελάχιστα,3448,General,90,,
προειδοποιήσω / προειδοποίησα,3449,General,90,,
ο θησαυρός,3450,General,90,,
η αγία,3451,General,90,,
η δάχτυλά,3454,General,90,,
το νοσοκομείου,3455,General,90,,
το μπερκ,3456,General,90,,
το χαντ,3457,General,90,,
σερίνα,3458,General,90,,
το διάβασμα,3459,General,90,,
τρέξω / έτρεξα,3460,General,90,,
το στρώμα,3461,General,90,,
το υποβρύχιο,3462,General,90,,
οδόν,3463,General,90,,
η παντελόνια,3465,General,90,,
το ζαν,3466,General,90,,
υγιής,3467,General,90,,
τα πυρομαχικά,3468,General,90,,
το φεστιβάλ,3469,General,90,,
τρέξει / έτρεξε,3471,General,90,,
ο ντριος,3472,General,90,,
μπέκα,3474,General,90,,
το ρέσ,3475,General,90,,
ο πολεμιστής,3477,General,90,,
ξεκαθαρίσω / ξεκαθάρισα,3479,General,90,,
οι πυροβολείς,3480,General,91,,
μπίσοπ,3481,General,91,,
οι εμεις,3482,General,91,,
το μπαμ,3483,General,91,,
βλάκες,3484,General,91,,
τα φιλιά,3486,General,91,,
μονκ,3487,General,91,,
το προσόν,3488,General,91,,
κρεγκ,3489,General,91,,
αρνούμαι / αρνήθηκα,3490,General,91,,
το δοχείο,3491,General,91,,
παρών,3492,General,91,,
βόρειος,3493,General,91,,
παμ,3494,General,91,,
το μπάρμαν,3495,General,91,,
το φιλε,3496,General,91,,
πάλμερ,3497,General,91,,
λέιν,3498,General,91,,
η σάντα,3499,General,91,,
το λλο,3501,General,91,,
πλησιάσει / πλησίασε,3502,General,91,,
η αυτοκράτορα,3505,General,91,,
ο βορράς,3506,General,91,,
η νεκρά,3509,General,91,,
σηκώσω / σήκωσα,3511,General,91,,
η φράση,3512,General,91,,
τρελαίνομαι / τρελάθηκα,3513,General,91,,
η υποσχέση,3514,General,91,,
ο γιαγιάς,3515,General,91,,
το χλμ,3516,General,91,,
χορεύω / χόρεψα,3518,General,92,,
το συμβάν,3519,General,92,,
ασχοληθώ / ασχοληθούσα,3520,General,92,,
έρικα,3522,General,92,,
ο ληστής,3523,General,92,,
ασχολούμαι / ασχολήθηκα,3524,General,92,,
κυκλοφορώ / κυκλοφόρησα,3525,General,92,,
η σκια,3526,General,92,,
το άσυλο,3527,General,92,,
ο θυμάτων,3528,General,92,,
εσενα,3529,General,92,,
τα μαγαζιά,3530,General,92,,
το βιβλίου,3531,General,92,,
γραφτό,3532,General,92,,
στέφανς,3533,General,92,,
τσάρλυ,3534,General,92,,
η λάμπα,3536,General,92,,
ο ενήλικας,3537,General,92,,
η γαλοπούλα,3538,General,92,,
αυριο,3540,General,92,,
το άραγε,3541,General,92,,
οι τύψεις,3542,General,92,,
ο μύθος,3546,General,92,,
το φρουρούς,3551,General,92,,
ίσιος,3552,General,92,,
η υποτροφία,3553,General,92,,
το λιοντάρι,3554,General,92,,
χαριτωμένος,3555,General,92,,
σόνια,3556,General,92,,
ακριβής,3557,General,92,,
το ρύζς,3558,General,93,,
η αποκάλυψη,3559,General,93,,
η μπριζόλα,3560,General,93,,
το τζετ,3561,General,93,,
καταπληκτικά,3562,General,93,,
ο θρύλος,3563,General,93,,
ο ανδρός,3564,General,93,,
το μιράν,3565,General,93,,
μουστάκι,3566,General,93,,
γελάω / γέλασα,3567,General,93,,
κολλάω / κόλλησα,3568,General,93,,
το μπρούκλιν,3569,General,93,,
ο φακός,3570,General,93,,
το χριστουγεννιάτικο,3571,General,93,,
ο κοπέλας,3572,General,93,,
μικρότερο,3573,General,93,,
το στήβεν,3574,General,93,,
χαρεί / χάραξε,3575,General,93,,
μαζέψει / μάζεψε,3576,General,93,,
εγγυώμαι / εγγυήθηκα,3577,General,93,,
η νικίτα,3578,General,93,,
το βαλ,3579,General,93,,
η ασπίδα,3580,General,93,,
τζάνετ,3581,General,93,,
κλέφτη,3583,General,93,,
ο βασίλης,3584,General,93,,
ήσουνα,3588,General,93,,
κατέβω / κάτεβα,3589,General,93,,
ξεφορτωθώ / ξεφορτωθούσα,3590,General,93,,
βάσει,3591,General,93,,
η γκαρσία,3592,General,94,,
φορτηγός,3593,General,94,,
ο δολοφόνους,3594,General,94,,
προσεκτικοί,3596,General,94,,
το μωράκι,3597,General,94,,
το πτυχίο,3599,General,94,,
ο βέλος,3600,General,94,,
το γυαλί,3601,General,94,,
ο φακέλος,3602,General,94,,
παρακάτω,3605,General,94,,
μπλερ,3606,General,94,,
λαχανικός,3607,General,94,,
ο κρίστοφερ,3608,General,94,,
σοβαρολογέας,3610,General,94,,
τα σχέδιά,3611,General,94,,
ηρεμήσω / ηρέμησα,3612,General,94,,
ντίλαν,3613,General,94,,
ο αμερικάνος,3614,General,94,,
μοιραστώ / μοιραστούσα,3615,General,94,,
το πλάνο,3616,General,94,,
απαλά,3617,General,94,,
το χόμπι,3618,General,94,,
ντέινα,3619,General,94,,
η στιγμη,3620,General,94,,
πηδήξω / πήδηξα,3621,General,94,,
ψυχραιμία,3622,General,94,,
το δικο,3623,General,94,,
το θράσος,3624,General,94,,
η λήψη,3626,General,94,,
η διάσωση,3627,General,94,,
διαβεβαιώνω / διαβεβάιωσα,3629,General,95,,
ήθαν,3631,General,95,,
ο αλήτης,3632,General,95,,
γυμνός,3633,General,95,,
το πουαρό,3634,General,95,,
μητερα,3635,General,95,,
διαρκώς,3636,General,95,,
μπέιλι,3637,General,95,,
ομολογήσω / ομολόγησα,3638,General,95,,
η λεπίδα,3639,General,95,,
ντοκ,3640,General,95,,
η χαλαρώση,3641,General,95,,
ντην,3642,General,95,,
θέσω / έθεσα,3643,General,95,,
το κάπνισμα,3644,General,95,,
γουόρεν,3645,General,95,,
το υγείαν,3646,General,95,,
μπόμπυ,3647,General,95,,
δίκαιος,3648,General,95,,
το στμ,3649,General,95,,
διαλέξει / διάλεξε,3653,General,95,,
η άνθρακα,3654,General,95,,
πητ,3656,General,95,,
ου,3657,General,95,,
η μπίρα,3658,General,95,,
το ποίημα,3659,General,95,,
η κούπα,3660,General,95,,
μεγκ,3662,General,95,,
το φασόλιο,3663,General,95,,
φυσικα,3665,General,95,,
το διαμάντι,3666,General,96,,
ποινικός,3667,General,96,,
το διάβολε,3668,General,96,,
το ράδιο,3669,General,96,,
πρωτότυπο,3670,General,96,,
το στέμμας,3671,General,96,,
το μελ,3673,General,96,,
ειδοποιώ / ειδοποίησα,3674,General,96,,
η κύτταρα,3675,General,96,,
μαλλί,3677,General,96,,
επιθυμείς,3678,General,96,,
το συκώτι,3679,General,96,,
η τάση,3682,General,96,,
βέβαιη,3683,General,96,,
τραγουδώ / τραγούδησα,3684,General,96,,
σηκωθώ / σηκωθούσα,3685,General,96,,
το σκάνδαλο,3688,General,96,,
έλθει / ήλθε,3689,General,96,,
το γρασίδι,3690,General,96,,
κίρα,3691,General,96,,
το σετ,3692,General,96,,
η άλφα,3693,General,96,,
η πειράματα,3694,General,96,,
εμποδίζω / εμπόδισα,3695,General,96,,
χόλι,3696,General,96,,
η κλάρα,3699,General,96,,
η συγχώρεση,3700,General,96,,
σουτιέν,3701,General,96,,
η κούρσα,3702,General,96,,
το ξεφορτωθείςς,3703,General,96,,
άγιος,3704,General,97,,
κλέψω / έκλεψα,3705,General,97,,
αντόνιο,3706,General,97,,
το τάγμας,3707,General,97,,
η παίδα,3708,General,97,,
το φίλτρο,3709,General,97,,
οπου,3711,General,97,,
το επιδόρπιο,3712,General,97,,
ανάλογα,3713,General,97,,
το προσευχέ,3714,General,97,,
η ανακάλυψη,3717,General,97,,
ο κορέας,3718,General,97,,
το μπερτ,3719,General,97,,
μπάσταρδοι,3720,General,97,,
χαρώ / χάραξα,3721,General,97,,
το σκουπίδι,3722,General,97,,
η ατάκα,3723,General,97,,
η ροή,3724,General,97,,
το μμε,3726,General,97,,
σέλντον,3728,General,97,,
εγκεφαλικός,3731,General,97,,
το δελτίο,3732,General,97,,
ωωω,3733,General,97,,
η ψιλά,3735,General,97,,
ισόβια,3736,General,97,,
ιδιο,3737,General,97,,
ανέβω,3738,General,97,,
κάρσον,3741,General,97,,
εννοούσες,3743,General,97,,
καμμία,3744,General,97,,
το σεντόνι,3746,General,98,,
καεί,3747,General,98,,
πετύχεις,3748,General,98,,
η υποψία,3749,General,98,,
η βελόνα,3750,General,98,,
η σόδα,3751,General,98,,
πάρις,3753,General,98,,
η τένις,3754,General,98,,
ο σάκος,3756,General,98,,
το άλογό,3757,General,98,,
η σιγουρα,3758,General,98,,
το βούλωσέ,3759,General,98,,
ονειρεύομαι / ονειρεύτηκα,3760,General,98,,
αποτύχει / απότυχε,3761,General,98,,
μικράς,3762,General,98,,
έντονα,3764,General,98,,
εντοπίζω / εντόπισα,3765,General,98,,
ετοιμάζομαι / ετοιμάστηκα,3766,General,98,,
ο αντρας,3769,General,98,,
ο φοιτητής,3770,General,98,,
το γκιλ,3771,General,98,,
το μετάλλιο,3772,General,98,,
τσεκάρω / τσεκάρισα,3773,General,98,,
το σταμα,3776,General,98,,
το μπέρδεμα,3777,General,98,,
ξαναπώ / ξαναέπεσα,3778,General,98,,
εγκαίρως,3779,General,98,,
ήρεμη,3780,General,98,,
το πετάξτε,3781,General,98,,
το φαινόμενο,3782,General,98,,
κάρμεν,3784,General,99,,
ο ιππότης,3785,General,99,,
το κοπάδι,3786,General,99,,
χαλαρά,3787,General,99,,
μπάτμαν,3788,General,99,,
ο κόμης,3789,General,99,,
μίκι,3792,General,99,,
το ρι,3795,General,99,,
οι γνώσεις,3797,General,99,,
μέρφι,3798,General,99,,
παρουσιάζω / παρουσίασα,3799,General,99,,
πιά,3801,General,99,,
ιδού,3803,General,99,,
προχωρήσω / προχώρησα,3804,General,99,,
το χάρισον,3805,General,99,,
το μπλεξίμα,3808,General,99,,
έξυπνα,3811,General,99,,
το βάζο,3812,General,99,,
το μο,3813,General,99,,
το εκατοστό,3814,General,99,,
τέντι,3815,General,99,,
λλωστε,3816,General,99,,
σταθεί,3817,General,99,,
το φίδιο,3818,General,99,,
το ντίξον,3819,General,99,,
ο πατερας,3820,General,99,,
η φράχτη,3821,General,99,,
το κόνι,3822,General,99,,
τσάντλερ,3823,General,99,,
η σφαγή,3824,General,99,,
η σοφίτα,3825,General,100,,
ο θαυμαστής,3826,General,100,,
το άνοιγμα,3827,General,100,,
το όντο,3828,General,100,,
κάτσει / έκατσε,3829,General,100,,
μυαλούς,3831,General,100,,
βικτόρια,3832,General,100,,
η σόις,3833,General,100,,
τηλεφωνής,3834,General,100,,
έντονος,3835,General,100,,
το μαχαίριο,3836,General,100,,
αποκτήσω / απόκτησα,3837,General,100,,
νηλ,3838,General,100,,
ο νίκολας,3839,General,100,,
ο άνθρωπες,3840,General,100,,
ρχοντας,3841,General,100,,
ο ονείρων,3843,General,100,,
το φίλο,3847,General,100,,
το φαΐ,3848,General,100,,
ξεχνάω / ξέχασα,3849,General,100,,
τζούντι,3850,General,100,,
κατουρήσω / κατούρησα,3851,General,100,,
ντένι,3852,General,100,,
το κέφι,3853,General,100,,
η φιλαδέλφεια,3854,General,100,,
εξωγήινος,3855,General,100,,
πυροβολώ / πυροβόλησα,3856,General,100,,
το καποιον,3857,General,100,,
νομιζεις,3858,General,100,,
η υγρά,3860,General,100,,
το σκύλου,3861,General,101,,
πράσινος,3862,General,101,,
ομοσπονδιακός,3863,General,101,,
το τόξο,3864,General,101,,
παλιότερα,3866,General,101,,
το λουίζ,3869,General,101,,
κόνραντς,3870,General,101,,
το δούλευεςς,3871,General,101,,
λέμον,3873,General,101,,
φράνκλιν,3875,General,101,,
αριστερή,3876,General,101,,
ηδη,3878,General,101,,
το επιπέδου,3879,General,101,,
αρσενικός,3880,General,101,,
κερνάω / κέρασα,3881,General,101,,
καλύψω / κάλυψα,3882,General,101,,
ντέξτερ,3883,General,101,,
ο οργανισμός,3887,General,101,,
σηκωθεί,3888,General,101,,
συγχωρώ / συγχώρησα,3889,General,101,,
το σκηνικό,3890,General,101,,
τζέφρι,3891,General,101,,
καποια,3893,General,101,,
όπερα,3896,General,101,,
το περίμετρο,3897,General,101,,
το διαστημόπλοιο,3898,General,101,,
η ενέδρα,3899,General,101,,
γκρι,3901,General,101,,
νόλαν,3902,General,101,,
έκτακτος,3904,General,101,,
γενικός,3906,General,102,,
κρύψω / έκρυψα,3907,General,102,,
μάλκολμ,3908,General,102,,
το τείχος,3909,General,102,,
ο χαμός,3910,General,102,,
η σφραγίδα,3913,General,102,,
πέιτος,3914,General,102,,
το οξύ,3915,General,102,,
ο ένιωσες,3917,General,102,,
το κιθ,3918,General,102,,
αρκετα,3919,General,102,,
ομολογώ / ομολόγησα,3920,General,102,,
το εισόδου,3921,General,102,,
τσέις,3922,General,102,,
βιάζω / βίασα,3923,General,102,,
η συρροή,3924,General,102,,
εγκαταλείπω / εγκατέλειψα,3925,General,102,,
μικ,3926,General,102,,
χολμς,3928,General,102,,
η μπογιά,3929,General,102,,
αντ,3930,General,102,,
γελοίοςς,3932,General,102,,
το κοριτσι,3933,General,102,,
ο ομήρος,3934,General,102,,
δημοτικός,3935,General,102,,
τα μοντέλα,3936,General,102,,
το γουέιντ,3937,General,102,,
το δίδυμο,3938,General,102,,
κλείνεις,3939,General,102,,
κραγιόν,3940,General,102,,
το πουλάκι,3941,General,103,,
το πάγοςς,3942,General,103,,
ο δήμαρχες,3943,General,103,,
κοκαΐνη,3945,General,103,,
ο πεζοναύτης,3946,General,103,,
έλενα,3948,General,103,,
το τρόμου,3949,General,103,,
η μπάλα,3950,General,103,,
φονικός,3951,General,103,,
το γκάμπριελ,3952,General,103,,
το δάχτυλό,3954,General,103,,
μαν,3955,General,103,,
το κτιρίου,3956,General,103,,
στενός,3957,General,103,,
αρραβωνιαστικιά,3958,General,103,,
η καθηγήτρια,3959,General,103,,
το κάρο,3960,General,103,,
υποψήφιος,3961,General,103,,
αποφύγω / απέφυγα,3962,General,103,,
ματια,3963,General,103,,
η τηγανίτη,3964,General,103,,
καθυστερώ / καθυστέρησα,3965,General,103,,
τζόζεφ,3966,General,103,,
κλάος,3967,General,103,,
η σύγκριση,3968,General,103,,
χιούστος,3969,General,103,,
η λιμουζίνα,3971,General,103,,
θυμώνεις,3972,General,103,,
αιμορραγώ / αιμορράγησα,3974,General,103,,
το διαβόλου,3975,General,103,,
κάθι,3976,General,104,,
το μπάτλερς,3977,General,104,,
η αποβάθρα,3978,General,104,,
ο σταγόνας,3981,General,104,,
άγνωστη,3984,General,104,,
το θείου,3985,General,104,,
το ιουλίου,3987,General,104,,
ειδα,3988,General,104,,
βίκτωρ,3989,General,104,,
το κόκαλο,3990,General,104,,
οδήγα,3992,General,104,,
αυτην,3993,General,104,,
το φαρμακείο,3994,General,104,,
το δράμα,3995,General,104,,
λόιντ,3996,General,104,,
το μπολ,3997,General,104,,
το πρόστιμο,3998,General,104,,
παραδεχτής,4001,General,104,,
ο νότος,4002,General,104,,
κατόπιν,4003,General,104,,
απάντησες,4004,General,104,,
γάλλος,4005,General,104,,
τζάκ,4006,General,104,,
ετοιμος,4007,General,104,,
το κήρυγμα,4009,General,104,,
σέπαρντ,4010,General,104,,
καλωσορίζω / καλωσόρισα,4011,General,104,,
σωθεί,4012,General,104,,
η αυστραλία,4013,General,104,,
μπάρνις,4014,General,104,,
το γκράχαμς,4017,General,105,,
σκότι,4018,General,105,,
η φλόγα,4020,General,105,,
το γκρέισον,4021,General,105,,
το σεπτεμβρίου,4022,General,105,,
το τζέρυ,4024,General,105,,
ευχαριστεί / ευχαρίστησε,4025,General,105,,
ξανάρθει / ξανάρθε,4026,General,105,,
ψηλός,4027,General,105,,
η ντουζίνα,4028,General,105,,
η στέλλα,4029,General,105,,
ευαίσθητοςς,4030,General,105,,
αναίσθητος,4031,General,105,,
η τζένη,4032,General,105,,
ο σων,4033,General,105,,
η έναρξη,4034,General,105,,
μεγαλειοτάτος,4035,General,105,,
μίνι,4036,General,105,,
το καπέλ,4037,General,105,,
ο τίτλος,4038,General,105,,
όση,4039,General,105,,
το λάπτοπ,4040,General,105,,
συμβώ / σύμβασα,4041,General,105,,
σαφώς,4042,General,105,,
λανς,4043,General,105,,
το ηρθες,4044,General,105,,
ολοκληρώνω / ολοκλήρωσα,4045,General,105,,
μαρς,4047,General,105,,
καλύτερή,4048,General,105,,
ο σκηνοθέτης,4049,General,105,,
τηλεφωνείς,4050,General,106,,
η βαρετή,4051,General,106,,
το νταϊάν,4052,General,106,,
λύσω / έλυσα,4053,General,106,,
ο ποταμός,4055,General,106,,
δοκιμάστε,4056,General,106,,
προλάβω / πρόλαβα,4057,General,106,,
οι φορες,4058,General,106,,
σάρος,4061,General,106,,
μαύροι,4062,General,106,,
αγγίξω / άγγιξα,4063,General,106,,
φρέιζερ,4064,General,106,,
ο υπότιτλος,4066,General,106,,
το γιονγκ,4069,General,106,,
το έντομο,4071,General,106,,
η μπαλάκια,4073,General,106,,
η κομματάκια,4074,General,106,,
άννι,4076,General,106,,
ο υπαλλήλος,4077,General,106,,
η χαιρετίσματα,4078,General,106,,
η πρέσβη,4079,General,106,,
η ύλη,4080,General,106,,
το τομάρι,4081,General,106,,
φράνκ,4083,General,106,,
έκπληκτος,4084,General,106,,
η ήττα,4085,General,106,,
η χορωδία,4088,General,106,,
τσανγκ,4091,General,106,,
κοιτώ / κοίταξα,4092,General,106,,
ο κλειστής,4093,General,106,,
η έμπνευση,4095,General,107,,
η παρτίδα,4096,General,107,,
λόρδες,4097,General,107,,
το φλιτζάνι,4098,General,107,,
βασιλικός,4101,General,107,,
μελίσα,4103,General,107,,
αρνείσαι,4105,General,107,,
τόμσον,4106,General,107,,
σχετίζω / σχέτισα,4108,General,107,,
το καροτσάκι,4111,General,107,,
ο αυτοκράτορας,4112,General,107,,
ο καιρος,4113,General,107,,
καρτέλ,4114,General,107,,
διώξω / έδιωξα,4115,General,107,,
απογοητεύσω / απογοήτευσα,4117,General,107,,
η μπουνιά,4118,General,107,,
μικρότερη,4119,General,107,,
προσπαθούσεςς,4120,General,107,,
το μικρόφωνο,4121,General,107,,
μπρόντι,4122,General,107,,
η σατανά,4123,General,107,,
βολικός,4124,General,107,,
ξεχνώ / ξέχασα,4125,General,107,,
μιχαήλ,4126,General,107,,
ο χημικός,4127,General,107,,
η βεράντα,4128,General,107,,
κερκ,4129,General,107,,
ο όγκος,4130,General,107,,
ο βιασμός,4131,General,107,,
το ράνταλς,4132,General,107,,
το ψυχοπαθήςς,4133,General,108,,
πολλών,4134,General,108,,
η κρύψη,4137,General,108,,
αφος,4138,General,108,,
άρχοντά,4139,General,108,,
ελκυστικός,4140,General,108,,
φτωχός,4141,General,108,,
ινδιάνος,4142,General,108,,
το χωράφιο,4143,General,108,,
το σαπούνι,4144,General,108,,
φορντ,4145,General,108,,
το μπράντι,4147,General,108,,
ο πειρατής,4148,General,108,,
η καβγά,4150,General,108,,
φυλάω / φύλαξα,4151,General,108,,
το ολόκληροςς,4152,General,108,,
μάντισον,4153,General,108,,
κοντινός,4154,General,108,,
η κουρτίνα,4155,General,108,,
κάσι,4156,General,108,,
οι μπλέξεις,4157,General,108,,
η ονόματά,4159,General,108,,
εξετάζω / εξέταζα,4160,General,108,,
το παράπονο,4161,General,108,,
σονγκ,4163,General,108,,
η ανιψιά,4164,General,108,,
νάτος,4165,General,108,,
χαλάω / χάλασα,4166,General,108,,
κανενα,4167,General,108,,
λάμπω / έλαμψα,4168,General,108,,
ο φονιάς,4169,General,109,,
η γεννήτρια,4170,General,109,,
ο αλεξάντερ,4171,General,109,,
το μαλλον,4175,General,109,,
η δομή,4176,General,109,,
πανέμορφος,4177,General,109,,
σπιτικός,4178,General,109,,
ξεχωριστάς,4179,General,109,,
ο εκτος,4181,General,109,,
βιογραφικός,4182,General,109,,
το σίμσον,4183,General,109,,
ο φαγητός,4184,General,109,,
ήπιος,4185,General,109,,
η εχθρού,4186,General,109,,
ο καρπός,4188,General,109,,
τα λάστιχα,4189,General,109,,
ο επιζώντης,4190,General,109,,
τρελαίνω / τρέλανα,4191,General,109,,
ο γαμπρός,4192,General,109,,
μπαντ,4193,General,109,,
μπελά,4194,General,109,,
το διατάζω,4195,General,109,,
αργοτερα,4197,General,109,,
κάνσας,4198,General,109,,
ο ντάγκλας,4200,General,109,,
το βάιολετ,4201,General,109,,
αναμονής,4202,General,109,,
κρίσιμος,4203,General,109,,
το σούζι,4204,General,109,,
νταϊάνα,4205,General,109,,
η απουσία,4206,General,110,,
ξαναγίνομαι / ξαναέγινα,4207,General,110,,
το κανάλιο,4208,General,110,,
το κρεββάτι,4210,General,110,,
κάμπελ,4211,General,110,,
ο ειδών,4212,General,110,,
σιάτλ,4213,General,110,,
οι αποφύγεις,4214,General,110,,
το πορτοκαλί,4215,General,110,,
μοιράζομαι / μοιράσθηκα,4216,General,110,,
το βραδυ,4217,General,110,,
ο συνάδελφος,4218,General,110,,
διασκεδάζεις,4220,General,110,,
εκπλήσσω / εξέπληξα,4221,General,110,,
ο χαβάης,4222,General,110,,
η θήκη,4223,General,110,,
το πάτσι,4224,General,110,,
γάμησέ,4225,General,110,,
το άκρο,4226,General,110,,
ο ημερών,4229,General,110,,
ο πόρος,4231,General,110,,
άντριος,4232,General,110,,
ντυμένη,4235,General,110,,
περίμενές,4236,General,110,,
ο φλας,4237,General,110,,
το κλίνγκον,4238,General,110,,
το ρενέ,4239,General,110,,
ο οποιος,4240,General,110,,
πηδάω / πήδηξα,4241,General,110,,
ποπ,4242,General,110,,
συναντηθεί,4243,General,111,,
το ράμμα,4246,General,111,,
το απόσπασμα,4247,General,111,,
το φράγμα,4248,General,111,,
η παραμύθια,4249,General,111,,
το γύρισμα,4250,General,111,,
πάθω / έπαθα,4251,General,111,,
το λεπτο,4252,General,111,,
χάντερ,4253,General,111,,
το επέτειο,4254,General,111,,
φυσιολογικόςς,4255,General,111,,
μπέντζαμιν,4257,General,111,,
αρνηθεί,4258,General,111,,
αθλητικός,4259,General,111,,
το βίκυ,4260,General,111,,
σέξυ,4261,General,111,,
θησαυρόςς,4264,General,111,,
ο κάτοικος,4265,General,111,,
διαφωνώ,4266,General,111,,
τζουλςς,4267,General,111,,
η φούστα,4268,General,111,,
ιδανικός,4269,General,111,,
αγ,4270,General,111,,
το σκουλήκι,4271,General,111,,
ο σύννεφος,4272,General,111,,
σηκώνω / σήκωσα,4273,General,111,,
σιμόν,4274,General,111,,
υψηλά,4275,General,111,,
ο αντιπρόεδρος,4276,General,111,,
τρέβορ,4277,General,111,,
ο καταυλισμός,4279,General,112,,
φτηνό,4282,General,112,,
το τηλεγράφημα,4284,General,112,,
το στρες,4285,General,112,,
η μέλισσα,4286,General,112,,
όντρεϊ,4287,General,112,,
το δάφνος,4288,General,112,,
το εξώφυλλο,4289,General,112,,
ο μάγκης,4290,General,112,,
τα τριαντάφυλλα,4292,General,112,,
δικη,4293,General,112,,
το μιγκέλ,4294,General,112,,
η φλέβα,4295,General,112,,
δέλτα,4296,General,112,,
παλέψω / πάλεψα,4297,General,112,,
αφελής,4299,General,112,,
υπο,4300,General,112,,
διδάξω / δίδαξα,4301,General,112,,
ο αντρός,4302,General,112,,
γαμώ / γάμησα,4304,General,112,,
ο αχυρώνας,4305,General,112,,
υψηλό,4306,General,112,,
ο ματς,4308,General,112,,
το χαιρετισμούςς,4309,General,112,,
το ελάφι,4310,General,112,,
σπάσω / έσπασα,4311,General,112,,
κλάψω / έκλαψα,4312,General,112,,
το στοιχήμα,4313,General,112,,
κατεβαίνω / κατέβη,4315,General,112,,
ο ενόρκος,4316,General,112,,
ντόιλς,4317,General,113,,
αδύναμος,4319,General,113,,
μόρις,4320,General,113,,
μακλάουντ,4321,General,113,,
το μπ,4322,General,113,,
το ον,4323,General,113,,
απορώ / απόρησα,4324,General,113,,
ντέιτο,4325,General,113,,
βαριέμαι / βαρέθηκα,4326,General,113,,
λίντσεϊ,4327,General,113,,
το ράφι,4328,General,113,,
γοητευτικός,4329,General,113,,
το στιλ,4330,General,113,,
η ρίζα,4331,General,113,,
μωρής,4332,General,113,,
ξεπληρώσω / ξεπλήρωσα,4333,General,113,,
γυμναστικός,4334,General,113,,
ο χάμπουργκερ,4335,General,113,,
φορέσει / φόρεσε,4336,General,113,,
το καλωσήρθες,4337,General,113,,
ο μονος,4339,General,113,,
ο στόλος,4340,General,113,,
θηλυκός,4341,General,113,,
ο πόλος,4342,General,113,,
η επίπτωση,4343,General,113,,
ο δράκος,4345,General,113,,
τυφλή,4347,General,113,,
ο ψυχίατρος,4348,General,113,,
κλειδωμένος,4350,General,113,,
ο μαρτύρων,4351,General,113,,
ξαπλώνω / εξάπλωσα,4352,General,114,,
τα νώτα,4353,General,114,,
η συνοδεία,4354,General,114,,
το λίπος,4355,General,114,,
το εμπιστέψου,4356,General,114,,
εξοχικός,4358,General,114,,
ο διάολος,4360,General,114,,
μπέβερλι,4362,General,114,,
άντζελα,4363,General,114,,
λούσυ,4364,General,114,,
ικανοποιημένος,4366,General,114,,
οι φαί,4367,General,114,,
η διάγνωση,4368,General,114,,
έλι,4369,General,114,,
το μεθόδους,4371,General,114,,
σενιόρ,4372,General,114,,
βοστώνη,4373,General,114,,
το ένστικτό,4374,General,114,,
ελάχιστος,4375,General,114,,
παρακολουθούσα,4376,General,114,,
το χωράφι,4377,General,114,,
δεκτός,4378,General,114,,
η χάρα,4379,General,114,,
το σπιτάκι,4380,General,114,,
η έκπτωση,4381,General,114,,
γενναίο,4382,General,114,,
το λυκείου,4383,General,114,,
το σφάλμα,4385,General,114,,
τα κουμπιά,4386,General,114,,
διαθέσιμος,4387,General,114,,
το πιλότο,4388,General,115,,
το γκάμπι,4389,General,115,,
κάλυψε,4390,General,115,,
η μάζα,4391,General,115,,
το όμηρο,4394,General,115,,
πρωτος,4395,General,115,,
η λύπη,4396,General,115,,
η μήλα,4398,General,115,,
η γωνιά,4399,General,115,,
το αναπνεύσω,4400,General,115,,
φθινόπωρο,4404,General,115,,
η χορεύτρια,4405,General,115,,
οι καλλιτέχνες,4406,General,115,,
ευαίσθητος,4408,General,115,,
συνέλθει / σύνελθε,4409,General,115,,
η καραμπίνα,4411,General,115,,
αναγκαίος,4412,General,115,,
η αγοριού,4413,General,115,,
φιλικός,4414,General,115,,
το βίβιαν,4415,General,115,,
μενταγιόν,4416,General,115,,
η ακτινοβολία,4418,General,115,,
φτωχή,4419,General,115,,
απέχω / απείχα,4420,General,115,,
η δίαιτα,4421,General,115,,
φανερός,4423,General,115,,
άσχετα,4424,General,115,,
τζέην,4425,General,115,,
το προνόμιο,4426,General,115,,
οι πιείς,4428,General,115,,
ο κοριτσιών,4429,General,116,,
ντέμπι,4430,General,116,,
κοντα,4431,General,116,,
ρεξ,4434,General,116,,
τρελός,4435,General,116,,
σκάζω / έσκασα,4436,General,116,,
το χόλιγουντ,4437,General,116,,
το ταβάνι,4439,General,116,,
η μαριχουάνα,4441,General,116,,
η όψη,4442,General,116,,
μαθευτεί,4443,General,116,,
μπένι,4444,General,116,,
το καράβι,4445,General,116,,
καλύτερός,4446,General,116,,
το κέιλεμπς,4447,General,116,,
το ντώσον,4448,General,116,,
το μπερνς,4450,General,116,,
αντρέ,4452,General,116,,
το κρίστι,4453,General,116,,
ελαφρά,4455,General,116,,
γλιτώνω / γλίτωσα,4456,General,116,,
η πάπα,4457,General,116,,
ζωολογικός,4458,General,116,,
καημένος,4460,General,116,,
βρεθείς,4461,General,116,,
το τοίχοςς,4462,General,116,,
το εβραίους,4463,General,116,,
παλεύω / πάλεψα,4464,General,116,,
ο υπαστυνόμος,4468,General,116,,
το παλικάρι,4469,General,116,,
θέτω / έθεσα,4470,General,117,,
το αγαπημένε,4471,General,117,,
το ντινόζο,4472,General,117,,
το κόψιμο,4476,General,117,,
η ναυτία,4477,General,117,,
το κελάρι,4478,General,117,,
παντρεύεσαι,4480,General,117,,
το μωρο,4484,General,117,,
η δεξίωση,4485,General,117,,
καλαμπόκι,4486,General,117,,
τσι,4487,General,117,,
η ουλή,4488,General,117,,
το αντίδοτο,4490,General,117,,
κάψει / έκαψε,4491,General,117,,
το δέξου,4492,General,117,,
το λένι,4493,General,117,,
ο φάκελός,4494,General,117,,
η αρχίδις,4495,General,117,,
το μοτίβο,4497,General,117,,
το κόσμους,4499,General,117,,
ο διευθυντάς,4500,General,117,,
σταθώ / σταθούσα,4501,General,117,,
η ειρωνεία,4502,General,117,,
εξι,4507,General,117,,
απασχολημένοι,4508,General,117,,
σπέσιαλ,4509,General,117,,
ο χέσες,4510,General,117,,
ελατε,4511,General,117,,
η ατυχήματα,4512,General,117,,
η κλίμακα,4513,General,117,,
άχρηστη,4514,General,118,,
το βενζινάδικο,4515,General,118,,
ο πωλητής,4516,General,118,,
το ρούμπι,4517,General,118,,
το βούλωσ,4518,General,118,,
μπέι,4519,General,118,,
οζ,4522,General,118,,
το πρότυπο,4523,General,118,,
το σιν,4524,General,118,,
το οράμα,4525,General,118,,
βολεύω / βόλεψα,4527,General,118,,
οι κυνηγοί,4528,General,118,,
τάνια,4529,General,118,,
μποντ,4530,General,118,,
αριζόνα,4531,General,118,,
το ξυπνάω,4532,General,118,,
μόνιμος,4533,General,118,,
ο τραυματίας,4534,General,118,,
καλού,4535,General,118,,
το όφελος,4536,General,118,,
το άστρο,4537,General,118,,
το περιθώριο,4538,General,118,,
αγαπάτε,4539,General,118,,
ηνωμένος,4540,General,118,,
η τσίχλα,4541,General,118,,
το τόπου,4542,General,118,,
το τόμυ,4543,General,118,,
η φιγούρα,4544,General,118,,
χρυσού,4546,General,118,,
αυθεντικός,4547,General,118,,
το μπαλκόνι,4548,General,119,,
η σωτηρία,4549,General,119,,
το κοινό,4550,General,119,,
παραείμαι / παραήμουν,4551,General,119,,
ο εξάμηνος,4552,General,119,,
έντονο,4553,General,119,,
η ακτίνη,4554,General,119,,
ο ιστός,4555,General,119,,
η μπούρδα,4557,General,119,,
το κούρεμα,4559,General,119,,
επιλέξει / επέλεξε,4561,General,119,,
το σάντρο,4562,General,119,,
το βαλεντίνου,4563,General,119,,
εμπλέκω / έμπλεξα,4564,General,119,,
νυφικός,4565,General,119,,
μπρίτζετ,4566,General,119,,
συνήθιζα,4567,General,119,,
διαβεβαιώ / διαβεβαιούσα,4568,General,119,,
μήν,4569,General,119,,
ομάρ,4570,General,119,,
οι βαθμοί,4571,General,119,,
πιέζω / πίεσα,4572,General,119,,
λίνα,4573,General,119,,
αξιωματικοί,4574,General,119,,
κοπεί / κόπασε,4575,General,119,,
νυχτερινή,4576,General,119,,
το μακαρόνι,4577,General,119,,
το τσαντ,4578,General,119,,
η αλεπού,4580,General,119,,
φρέσκα,4581,General,119,,
φτιαγμένοςς,4582,General,120,,
ρίο,4583,General,120,,
η καρχαρία,4585,General,120,,
οι φωνάξεις,4586,General,120,,
ννις,4587,General,120,,
συνοδεύσω / συνόδευσα,4588,General,120,,
το τελοςς,4589,General,120,,
η βιτρίνα,4590,General,120,,
ανεχτώ / ανεχτούσα,4591,General,120,,
ντέβον,4593,General,120,,
η σάσα,4594,General,120,,
εγκαταλείψω / εγκατέλειψα,4596,General,120,,
αγγίζω / άγγιξα,4597,General,120,,
ο τουρίστης,4598,General,120,,
ο αεροσκάφος,4599,General,120,,
σχολικός,4600,General,120,,
τα σκαλιά,4601,General,120,,
ηρεμα,4602,General,120,,
το ρόπαλο,4603,General,120,,
οι συνεντεύξεις,4604,General,120,,
η σελήνη,4605,General,120,,
ξεφεύγω / ξέφευγα,4606,General,120,,
εγκληματία,4608,General,120,,
μέλανι,4609,General,120,,
αμεσως,4610,General,120,,
μακρια,4611,General,120,,
μπόιντ,4612,General,120,,
χωράω / χώρεσα,4613,General,120,,
τελευταίας,4614,General,120,,
ο μέταλλος,4615,General,120,,
η δημητριακά,4617,General,121,,
φτηνά,4618,General,121,,
το γκάζι,4619,General,121,,
το δρομο,4620,General,121,,
πρωινή,4621,General,121,,
το νάιλς,4624,General,121,,
τυφλά,4625,General,121,,
ίζαμπελ,4626,General,121,,
το καιροίς,4627,General,121,,
ίθαν,4628,General,121,,
φοβίζω / φόβισα,4630,General,121,,
η τεκίλα,4631,General,121,,
η χημεία,4632,General,121,,
ανήσυχος,4633,General,121,,
το κάντι,4634,General,121,,
η τραπέζια,4635,General,121,,
εντοπίσω / εντόπισα,4636,General,121,,
μετρώ / μέτρησα,4637,General,121,,
το χολ,4639,General,121,,
το διαμερίσμα,4641,General,121,,
εξηγείται / εξηγήθηκε,4642,General,121,,
το γείτοναςς,4643,General,121,,
το ξεκίνημα,4644,General,121,,
το νεκρούς,4645,General,121,,
χόλυγουντ,4646,General,121,,
η διόρθωση,4647,General,121,,
μπρούνο,4648,General,121,,
το θέλημα,4649,General,121,,
η ξαδέρφη,4650,General,121,,
η καρύδια,4652,General,121,,
λονδίνου,4653,General,122,,
ο δούκας,4654,General,122,,
το τζάμι,4655,General,122,,
το σω,4656,General,122,,
η μήτρα,4657,General,122,,
το μαρτίνι,4658,General,122,,
η χαρα,4659,General,122,,
φτωχοί,4660,General,122,,
το ντύσου,4662,General,122,,
κλεμμένος,4665,General,122,,
το φτερό,4666,General,122,,
ρίξ,4667,General,122,,
το ντόνοβαν,4668,General,122,,
ο νοσοκόμες,4669,General,122,,
ο ποδιών,4671,General,122,,
το κλίμα,4672,General,122,,
τυχόν,4674,General,122,,
το μπάρμπεκιου,4675,General,122,,
λόλα,4676,General,122,,
η κούνα,4677,General,122,,
παραδοθεί,4678,General,122,,
η ρόμπα,4679,General,122,,
μπροστα,4680,General,122,,
ξαναπεί / ξαναέπεσε,4683,General,122,,
παραιτώ / παραίτησα,4684,General,122,,
θυμίσω / θύμισα,4685,General,122,,
οι νόμοι,4686,General,122,,
το καθάρισμα,4688,General,122,,
η γρίπη,4689,General,122,,
το βαρέλι,4690,General,122,,
ο μπέργκερ,4691,General,123,,
ρόμπι,4693,General,123,,
λαμπρό,4695,General,123,,
το πυροτεχνήμα,4697,General,123,,
λλα,4699,General,123,,
ο κύπελλος,4700,General,123,,
η σπουδή,4703,General,123,,
ελαφρύς,4706,General,123,,
απίθανη,4708,General,123,,
το κουνέλι,4709,General,123,,
ανώτερος,4712,General,123,,
η μαμάκα,4715,General,123,,
η εγγόνια,4716,General,123,,
καταλήξω / κατέληξα,4717,General,123,,
παλιόφιλε,4718,General,123,,
η μαθήτρια,4719,General,123,,
μπόνος,4720,General,123,,
το κτήμα,4721,General,123,,
το υποτιτλο,4722,General,123,,
τηλεφωνικός,4723,General,123,,
μονρό,4724,General,123,,
ο πειρασμός,4725,General,123,,
το καπνίζω,4726,General,123,,
το υπνάκο,4728,General,123,,
ο πνεύματος,4729,General,123,,
χώσω / έχωσα,4730,General,123,,
η λαβή,4731,General,123,,
πάρτη,4733,General,123,,
στήν,4735,General,123,,
η πανοπλία,4736,General,123,,
ο οξυγόνους,4737,General,124,,
ο παπάς,4738,General,124,,
διδάσκω / δίδαξα,4739,General,124,,
ενώπιον,4740,General,124,,
το μακιγιάζ,4741,General,124,,
θανατικός,4743,General,124,,
κλασικός,4744,General,124,,
απεγνωσμένα,4745,General,124,,
γιορτάζω / γιόρτασα,4746,General,124,,
διευθύνω / διεύθυνα,4747,General,124,,
η ορλεάνη,4748,General,124,,
κουνώ / κούνησα,4751,General,124,,
βρώμα,4752,General,124,,
τάι,4753,General,124,,
απολογηθώ / απολογηθούσα,4756,General,124,,
η καραμέλα,4757,General,124,,
ραούλ,4758,General,124,,
ευγενής,4759,General,124,,
το κάλβινς,4760,General,124,,
το σέρι,4762,General,124,,
η ορχήστρα,4763,General,124,,
το ηλίου,4764,General,124,,
η σκρόφα,4765,General,124,,
η ελβετία,4768,General,124,,
μπέρνι,4769,General,124,,
παλιοί,4771,General,124,,
η γιόγκα,4772,General,124,,
θετικά,4773,General,124,,
το παπάςς,4774,General,124,,
το σάλιβαν,4775,General,124,,
ο χεριός,4776,General,125,,
δηλώνω / δήλωσα,4778,General,125,,
κουβαλάω / κουβάλησα,4779,General,125,,
το άμπι,4780,General,125,,
το δωματιο,4781,General,125,,
τρομάξω / τρόμαξα,4782,General,125,,
υποστεί,4783,General,125,,
άκρως,4785,General,125,,
μοναχικός,4786,General,125,,
το χόκεϊ,4787,General,125,,
ιερή,4789,General,125,,
το χερι,4791,General,125,,
ενημερώνω / ενημέρωσα,4793,General,125,,
επι,4794,General,125,,
το λεπτάκι,4795,General,125,,
η δία,4797,General,125,,
πληγώνω / πλήγωσα,4798,General,125,,
τζου,4799,General,125,,
το μαγιό,4801,General,125,,
το παμπ,4802,General,125,,
το πουκάμισό,4803,General,125,,
το ψαλίδι,4804,General,125,,
ουρλιάζω / ούρλιαξα,4806,General,125,,
το μελάνι,4809,General,125,,
κάποιας,4810,General,125,,
η ατυχία,4811,General,125,,
το ιουνίου,4813,General,125,,
διαρκώ / διήρκεσα,4814,General,125,,
οι αλυσίδες,4815,General,125,,
μυστήριος,4816,General,125,,
το ψευδώνυμο,4817,General,126,,
πολύπλοκος,4819,General,126,,
η θυρίδα,4820,General,126,,
ο υποτιτλισμός,4822,General,126,,
μελίν,4824,General,126,,
χάνομαι / χάθηκα,4825,General,126,,
ο σκλάβος,4826,General,126,,
ο ανιψιός,4827,General,126,,
λιώμα,4831,General,126,,
τελοσπάντων,4832,General,126,,
πιθανά,4833,General,126,,
το ρέτζι,4835,General,126,,
ο κινδύνους,4836,General,126,,
το δράκο,4837,General,126,,
ο διπλανός,4838,General,126,,
το φορέμα,4841,General,126,,
βούλωστος,4842,General,126,,
τελευταια,4843,General,126,,
περπατάω / περπάτησα,4844,General,126,,
η δίνη,4845,General,126,,
οπαδός,4846,General,126,,
το κολλητέ,4847,General,126,,
το εμπόρευμα,4852,General,126,,
ο ιάπωνας,4853,General,126,,
μποξ,4855,General,126,,
ο λογος,4856,General,126,,
αυστηρά,4858,General,126,,
η εγκυμοσύνη,4859,General,126,,
τζε,4861,General,126,,
προσθέσω / προσέθεσα,4862,General,126,,
το άλμπερτ,4863,General,127,,
μπροστινό,4864,General,127,,
το ξεφορτώσο,4865,General,127,,
χοιρινό,4866,General,127,,
κρυφή,4867,General,127,,
το υπόπτους,4868,General,127,,
το γόνατο,4869,General,127,,
το πετρελαίου,4870,General,127,,
οι παραδώσεις,4871,General,127,,
το θηρίο,4872,General,127,,
χειροτερεύω / χειροτέρεψα,4873,General,127,,
επιβεβαιώνω / επιβεβάιωσα,4874,General,127,,
η παρηγοριά,4875,General,127,,
η μύγα,4878,General,127,,
φαξ,4879,General,127,,
μικρο,4880,General,127,,
η νυχτα,4882,General,127,,
το αδίκημα,4883,General,127,,
χουάν,4885,General,127,,
η δεκανέα,4886,General,127,,
η λφα,4887,General,127,,
τζουνγκ,4888,General,127,,
η γέννηση,4892,General,127,,
μεγαλο,4893,General,127,,
η περούκα,4895,General,127,,
η αράχνη,4896,General,127,,
ρόμαν,4897,General,127,,
η κραυγή,4898,General,127,,
το ύπνου,4899,General,127,,
ο πνεύμονας,4900,General,127,,
γυρνάω / γύρισα,4901,General,128,,
τρομάξει / τρόμαξε,4902,General,128,,
τα σαββατοκύριακα,4903,General,128,,
οι μετρήσεις,4905,General,128,,
δύσκολοςς,4906,General,128,,
η πυρκαγιά,4907,General,128,,
ο καίσαρας,4909,General,128,,
τίμιος,4911,General,128,,
απαγάγει / απήγαγε,4912,General,128,,
το ινστιτούτο,4913,General,128,,
η θύματά,4915,General,128,,
ρόμπερτς,4916,General,128,,
η μικρούλα,4917,General,128,,
ουράνιος,4918,General,128,,
ατσάλι,4920,General,128,,
η περιπολία,4921,General,128,,
μαγειρεύω / μαγείρεψα,4922,General,128,,
το λεμόνι,4923,General,128,,
φωτογραφικός,4924,General,128,,
νερο,4925,General,128,,
η μπανάνα,4927,General,128,,
ο αγρότης,4928,General,128,,
ο θησαυροφυλάκιος,4929,General,128,,
κινέζος,4931,General,128,,
η προφητεία,4934,General,128,,
γουόρφ,4935,General,128,,
ο εγκέφαλός,4936,General,128,,
το πρωι,4937,General,128,,
η γατούλα,4939,General,128,,
τζέημς,4941,General,128,,
το ήχους,4944,General,129,,
μικρούλη,4945,General,129,,
ο συνοδός,4946,General,129,,
αποκλειστικός,4947,General,129,,
συμμετέχω / συμμετείχα,4948,General,129,,
ο κουβάς,4949,General,129,,
αποδειχθεί,4950,General,129,,
η νεκροψία,4951,General,129,,
πρόσφατος,4952,General,129,,
υποσχεθεί,4953,General,129,,
η στήθη,4954,General,129,,
μαζεύω / μάζεψα,4955,General,129,,
χειρουργικός,4956,General,129,,
ο ντάλας,4960,General,129,,
η γέννα,4961,General,129,,
υπόγεια,4962,General,129,,
ανίκανος,4963,General,129,,
δείξ,4964,General,129,,
νεράιδα,4965,General,129,,
ήλθες,4966,General,129,,
νόας,4967,General,129,,
το κρυώνω,4968,General,129,,
μπυ,4969,General,129,,
έγκυο,4970,General,129,,
σμήναρχε,4971,General,129,,
ο πελατής,4972,General,129,,
άνετος,4973,General,129,,
η αποτυπώματά,4974,General,129,,
η κλάματα,4975,General,129,,
ο κιβώτιος,4977,General,129,,
πι,4978,General,130,,
σίντι,4979,General,130,,
χοσέ,4980,General,130,,
η κούβα,4981,General,130,,
ηθελες,4982,General,130,,
το γιλέκο,4983,General,130,,
το εξυπνάκι,4984,General,130,,
υπενθυμίζω / υπενθύμισα,4985,General,130,,
ντανιέλ,4986,General,130,,
το μπρι,4987,General,130,,
δα,4988,General,130,,
τούτος,4989,General,130,,
ο επιστάτης,4990,General,130,,
ο νούμερός,4991,General,130,,
άσχετο,4992,General,130,,
το ύφασμα,4993,General,130,,
ο οίκτος,4995,General,130,,
τσακίσου,4996,General,130,,
ναρκωτικό,4997,General,130,,
θύμωσες,4999,General,130,,
το μανιτάριο,5000,General,130,,
ημός,5001,General,130,,
διακόψω / διέκοψα,5002,General,130,,
η κωμωδία,5003,General,130,,
το κανόνι,5004,General,130,,
σάιρος,5005,General,130,,
το ανώτατο,5006,General,130,,
κένεντι,5007,General,130,,
περπατήσω / περπάτησα,5008,General,130,,
μόλυ,5009,General,130,,
η διακόπτη,5010,General,131,,
το μπισκότο,5011,General,131,,
το κιλό,5012,General,131,,
μετακόμισα,5014,General,131,,
όλ,5015,General,131,,
η χελώνα,5016,General,131,,
ο αντάρτης,5017,General,131,,
το μυθιστόρημα,5018,General,131,,
η εγγονή,5019,General,131,,
γουάτσον,5020,General,131,,
μάρβιν,5021,General,131,,
ανώτερη,5022,General,131,,
σαλ,5028,General,131,,
το μπεκ,5029,General,131,,
συμφωνήσω,5030,General,131,,
το έμφραγμας,5031,General,131,,
η σκούπα,5032,General,131,,
κουφός,5033,General,131,,
υποπλοίαρχε,5034,General,131,,
γουλφ,5035,General,131,,
το ατόμου,5036,General,131,,
πέρι,5037,General,131,,
μεθαύριο,5039,General,131,,
όρθια,5041,General,131,,
ο φωτογράφος,5043,General,131,,
η όραση,5044,General,131,,
στέφανι,5045,General,131,,
ελέι,5047,General,131,,
η αδερφούλα,5048,General,131,,
το μεγέθος,5049,General,131,,
αμφιβάλω / αμφέβαλα,5050,General,132,,
απογοητευμένος,5052,General,132,,
τα αβγά,5053,General,132,,
ο κέννυς,5055,General,132,,
η διμοιρία,5056,General,132,,
υποσχεθώ / υποσχεθούσα,5058,General,132,,
το κάρμα,5059,General,132,,
δυσάρεστο,5060,General,132,,
το σινιάλο,5061,General,132,,
πείσω / έπεισα,5062,General,132,,
ο εθελοντής,5063,General,132,,
ρη,5065,General,132,,
άδικα,5066,General,132,,
ο γουλιάς,5067,General,132,,
το κύκλωμα,5068,General,132,,
το κουτάβι,5070,General,132,,
ευχάριστα,5071,General,132,,
βραζιλία,5072,General,132,,
η κεφαλιού,5073,General,132,,
η βοστόνη,5074,General,132,,
πάμπλο,5077,General,132,,
σκάω / έσκαψα,5079,General,132,,
η μάθημά,5081,General,132,,
το ρούμι,5082,General,132,,
διώχνω / έδιωξα,5083,General,132,,
το αναψυκτικό,5084,General,132,,
ικανοί,5085,General,132,,
η κοστούμια,5086,General,132,,
η έπαυλη,5087,General,132,,
η ρουτίνα,5088,General,132,,
η κόλα,5089,General,133,,
σαρπ,5091,General,133,,
βίαιος,5092,General,133,,
ο υπουργές,5093,General,133,,
ο σφυγμός,5094,General,133,,
το κλείσιμο,5095,General,133,,
η καιρού,5096,General,133,,
το βασανιστήριο,5097,General,133,,
το παράσιτο,5098,General,133,,
τζόνυ,5099,General,133,,
η τέχνα,5101,General,133,,
αποφύγει / απέφυγε,5102,General,133,,
λογισμικός,5103,General,133,,
η μέτρηση,5104,General,133,,
ο τροχαίος,5106,General,133,,
ανδρομέδα,5107,General,133,,
μπίνγκο,5108,General,133,,
οι δόσεις,5110,General,133,,
ωφελώ / ωφέλησα,5111,General,133,,
το κείμενο,5112,General,133,,
ο διάλεξος,5113,General,133,,
αυξάνω / αύξησα,5114,General,133,,
η τζάνις,5115,General,133,,
η καλύψη,5116,General,133,,
η πορτα,5118,General,133,,
ο ισχύος,5119,General,133,,
το καπάκι,5120,General,133,,
βίαια,5122,General,133,,
το σαγόνι,5123,General,133,,
το μούσκεμα,5124,General,133,,
στείλ,5125,General,134,,
ξεφορτωθεί,5128,General,134,,
απότομα,5129,General,134,,
αγνή,5131,General,134,,
αποκαλύψω / απεκάλυψα,5134,General,134,,
ο πληρώματος,5135,General,134,,
ο πυρετός,5136,General,134,,
ο ανέκδοτος,5137,General,134,,
μπαρνς,5138,General,134,,
το οκτωβρίου,5139,General,134,,
το συνοδό,5140,General,134,,
η αντρα,5141,General,134,,
οι ηθοποιοί,5142,General,134,,
το καημένε,5144,General,134,,
το σεν,5145,General,134,,
πρόθυμη,5146,General,134,,
ο λουκάνικος,5148,General,134,,
η κούνια,5150,General,134,,
ντρου,5151,General,134,,
ο ερευνής,5152,General,134,,
το κάταγμα,5153,General,134,,
μπέικερ,5154,General,134,,
τσα,5155,General,134,,
η μαλλία,5156,General,134,,
το δορυφόρο,5159,General,134,,
το κλάμα,5160,General,134,,
η γραφή,5162,General,134,,
επιφυλακός,5163,General,134,,
χώριο,5164,General,134,,
ορός,5166,General,134,,
η ξενάγηση,5168,General,135,,
η φάλαινα,5169,General,135,,
το πούρο,5170,General,135,,
το τζονγκ,5171,General,135,,
το αυτόγραφο,5172,General,135,,
το ταλέν,5173,General,135,,
ο βόγιατζερ,5174,General,135,,
πατώ / πάτησα,5175,General,135,,
ευθείαν,5176,General,135,,
γερουσιαστά,5177,General,135,,
κρυφτεί,5178,General,135,,
η ελέφαντα,5180,General,135,,
γαμημένοι,5181,General,135,,
το θανάτους,5182,General,135,,
η έλξη,5183,General,135,,
η ρολόγια,5184,General,135,,
το παρατσούκλι,5185,General,135,,
τυπικός,5187,General,135,,
το λονγκ,5188,General,135,,
τζόσουας,5189,General,135,,
προτιμούσες,5190,General,135,,
περίπλοκης,5191,General,135,,
βίαιο,5192,General,135,,
γλυκιέ,5193,General,135,,
η γαρίδα,5194,General,135,,
το πανηγύρι,5195,General,135,,
το κόκκαλο,5196,General,135,,
η σκουλαρίκια,5198,General,135,,
το δούκαςς,5199,General,135,,
το ραμόν,5201,General,135,,
χάμιλτο,5202,General,136,,
η τραγουδίστρια,5204,General,136,,
διαλέγεις,5205,General,136,,
η φησα,5206,General,136,,
ακουσες,5207,General,136,,
αγαπήσω / αγάπησα,5208,General,136,,
καλος,5209,General,136,,
το σπρέι,5210,General,136,,
ειδικοί,5211,General,136,,
τζέμο,5213,General,136,,
έμενος,5214,General,136,,
το νι,5215,General,136,,
το μάρκετ,5216,General,136,,
προφυλακτικός,5217,General,136,,
κολοράντο,5219,General,136,,
η πάνα,5220,General,136,,
το αρκουδάκι,5221,General,136,,
θανατηφόρος,5222,General,136,,
το έβανς,5223,General,136,,
ο πάπας,5224,General,136,,
λέισι,5225,General,136,,
λήγω / έληξα,5226,General,136,,
ο χαμπάριος,5227,General,136,,
ο τίγρης,5228,General,136,,
τρελαθώ,5229,General,136,,
γενναιόδωρος,5231,General,136,,
μαντεύω / μάντευσα,5232,General,136,,
τοστ,5233,General,136,,
το ναύαρχε,5235,General,136,,
παλιος,5236,General,136,,
το δικιο,5237,General,137,,
ντροπιαστικός,5238,General,137,,
το πο,5239,General,137,,
χανς,5240,General,137,,
μάριο,5241,General,137,,
χαζά,5242,General,137,,
το κομπλιμέντο,5243,General,137,,
το κλικ,5244,General,137,,
ο αστραπής,5245,General,137,,
μαγειρέψω / μαγείρεψα,5249,General,137,,
ανάβω / άναψα,5250,General,137,,
διαλύζω / διέλυσα,5251,General,137,,
ο γονιός,5252,General,137,,
η δωρεά,5254,General,137,,
η ύψη,5255,General,137,,
η υπολείμματα,5256,General,137,,
ο πουτάνας,5257,General,137,,
λούθορ,5258,General,137,,
το στάχτος,5259,General,137,,
μόνιμα,5260,General,137,,
προλαμβάνω / πρόλαβα,5262,General,137,,
σέβεσαι,5263,General,137,,
το σαμουράι,5264,General,137,,
η μορφίνη,5265,General,137,,
μέγιστη,5267,General,137,,
εντατικός,5268,General,137,,
το εδάφους,5269,General,137,,
το λουκάνικο,5270,General,137,,
τα περιστατικά,5271,General,137,,
το άγγιγμα,5272,General,137,,
λιγότερη,5273,General,138,,
το ντογκ,5274,General,138,,
η άφιξη,5275,General,138,,
ο αράπης,5276,General,138,,
το πλαίσιο,5277,General,138,,
η πρεμιέρα,5278,General,138,,
το κρουζ,5279,General,138,,
ο ρώσος,5281,General,138,,
το βαγόνι,5282,General,138,,
το τακ,5283,General,138,,
πλύνω / έπλυνα,5284,General,138,,
σοφός,5285,General,138,,
ο κολλητός,5286,General,138,,
ο κανονισμός,5287,General,138,,
ασήμι,5289,General,138,,
τα πακέτα,5291,General,138,,
το αγρόκτημα,5292,General,138,,
μακρινός,5293,General,138,,
τα φάρμακά,5294,General,138,,
ομοφυλόφιλος,5295,General,138,,
το φι,5296,General,138,,
χθές,5297,General,138,,
ο κούκλος,5299,General,138,,
η μεταμόσχευση,5300,General,138,,
γκάι,5301,General,138,,
σκόπιμα,5303,General,138,,
γουόλ,5304,General,138,,
η σύμβολα,5305,General,138,,
το παζλ,5306,General,138,,
άστος,5307,General,138,,
αρνητικά,5308,General,139,,
το τζέηκ,5309,General,139,,
γουίνστο,5311,General,139,,
η σπα,5313,General,139,,
ο τεχνός,5314,General,139,,
λυθεί,5315,General,139,,
το άρι,5316,General,139,,
παγώνω / πάγωσα,5317,General,139,,
το αυγούστου,5318,General,139,,
το ιζαμπέλ,5319,General,139,,
λοιπός,5320,General,139,,
ο σύνδεσμος,5322,General,139,,
η αγέλη,5324,General,139,,
γνωριστώ / γνωριστούσα,5325,General,139,,
προετοιμασμένος,5327,General,139,,
έλβις,5330,General,139,,
αννα,5331,General,139,,
το βιολί,5332,General,139,,
κέλερς,5333,General,139,,
αγορι,5334,General,139,,
το ντόνατς,5337,General,139,,
το ντουάιτ,5338,General,139,,
το περλ,5339,General,139,,
μπέκι,5340,General,139,,
διασκεδάζως,5341,General,139,,
περα,5342,General,139,,
κύριέ,5343,General,139,,
κουραστεί,5344,General,139,,
το αντίπαλο,5347,General,139,,
το ληστήςς,5348,General,139,,
ο μάγειρας,5349,General,140,,
το πόνου,5350,General,140,,
λιβ,5351,General,140,,
ο εαυτος,5352,General,140,,
ευπρόσδεκτος,5353,General,140,,
η αγγελία,5354,General,140,,
τρελάνω / τρέλανα,5355,General,140,,
κρύβομαι / κρύφτηκα,5356,General,140,,
φον,5358,General,140,,
κουνιέται / κουνήθηκε,5360,General,140,,
η ιππότη,5361,General,140,,
η κορη,5362,General,140,,
η μαρίσα,5364,General,140,,
μαγνητικός,5365,General,140,,
το πυραύλους,5368,General,140,,
ανα,5369,General,140,,
ψηλής,5370,General,140,,
η σωματίδια,5372,General,140,,
αβραάμ,5373,General,140,,
γούνα,5374,General,140,,
ιδια,5375,General,140,,
τα καρφιά,5376,General,140,,
ο βασιλιάδης,5377,General,140,,
ο βράχιος,5378,General,140,,
ντυθώ / ντυθούσα,5379,General,140,,
ανώμαλος,5380,General,140,,
η εξομολόγηση,5381,General,140,,
ουν,5382,General,140,,
ο ουόλτερ,5383,General,140,,
ο γκάνγκστερ,5384,General,140,,
ο πλούτης,5385,General,141,,
η άκρα,5386,General,141,,
το νιάτο,5387,General,141,,
το πύραυλο,5388,General,141,,
ο πιέρ,5389,General,141,,
το κλίβελαντ,5394,General,141,,
το πρακτορείο,5395,General,141,,
το μωβ,5396,General,141,,
τετοιο,5398,General,141,,
ο θείας,5399,General,141,,
ο γεγονότων,5400,General,141,,
βεβαια,5402,General,141,,
η κεφαλή,5403,General,141,,
γερός,5404,General,141,,
αργός,5405,General,141,,
κρυμμένος,5406,General,141,,
η περιστάση,5407,General,141,,
κινηθεί,5408,General,141,,
ο ποιητής,5409,General,141,,
πρόθυμος,5410,General,141,,
αρραβωνιαστικός,5412,General,141,,
ξωτικός,5413,General,141,,
ρετζίνα,5414,General,141,,
η εύσημα,5415,General,141,,
το απριλίου,5418,General,141,,
σούκι,5420,General,141,,
η βελτίωση,5421,General,141,,
η καπνού,5422,General,141,,
το οπλο,5424,General,141,,
το ργησες,5425,General,141,,
απαλό,5426,General,142,,
πρέστον,5427,General,142,,
η σανίδα,5428,General,142,,
ο συντρίμμιος,5429,General,142,,
το λεωφορείου,5430,General,142,,
οι άνθρωποί,5431,General,142,,
θλιβερής,5432,General,142,,
πόσον,5433,General,142,,
το ντόνατ,5434,General,142,,
η ιδρώτα,5435,General,142,,
η πεταλούδα,5436,General,142,,
προδώσει / πρόδωσε,5437,General,142,,
ο καρχαρίας,5438,General,142,,
κακος,5439,General,142,,
οι εννοεις,5440,General,142,,
το αγαπητό,5442,General,142,,
ο λάκκος,5445,General,142,,
το ούρο,5446,General,142,,
η βίλα,5447,General,142,,
βαθιός,5448,General,142,,
ο ολομόναχος,5449,General,142,,
το δέσιμο,5451,General,142,,
χοντράς,5452,General,142,,
τζέφερσονς,5454,General,142,,
ο πλοίαρχος,5455,General,142,,
βίαιη,5456,General,142,,
συνολικά,5457,General,142,,
στριτς,5459,General,142,,
οι εκρήξεις,5461,General,142,,
το σούσι,5462,General,142,,
σόλο,5463,General,143,,
άνευ,5466,General,143,,
η φρένα,5468,General,143,,
εκπληκτικά,5469,General,143,,
η κάπα,5470,General,143,,
το λιοντάριο,5471,General,143,,
το μαντήλι,5472,General,143,,
ο σπονδυλικής,5473,General,143,,
το λο,5474,General,143,,
ο πανικός,5475,General,143,,
μανιακός,5476,General,143,,
παραγγείλω / παρήγγειλα,5479,General,143,,
η δηλητηρίαση,5480,General,143,,
σπάικ,5481,General,143,,
έριν,5482,General,143,,
ο άσπρ,5483,General,143,,
ο συγγραφής,5484,General,143,,
ο τροπος,5485,General,143,,
χωριστά,5486,General,143,,
το μαρτίου,5487,General,143,,
το άχρηστο,5488,General,143,,
η αεροπορία,5489,General,143,,
το εμβόλιο,5490,General,143,,
το τρίο,5492,General,143,,
παθαίνω / έπαθα,5493,General,143,,
ξεκουραστώ / ξεκουραστούσα,5494,General,143,,
νιώσε,5495,General,143,,
πιέσω / πίεσα,5496,General,143,,
σιγουρος,5497,General,143,,
ο ψυχολόγος,5498,General,143,,
μπλοκάρω / μπλοκάρισα,5499,General,144,,
ηλιακός,5501,General,144,,
δικαστικός,5502,General,144,,
φέρομαι / φέρθηκα,5504,General,144,,
η χαρτοφύλακα,5505,General,144,,
η βάθη,5506,General,144,,
κάψω / έκαψα,5508,General,144,,
η ίνα,5509,General,144,,
απαντήσω / απήντησα,5510,General,144,,
το στάνλεϊ,5512,General,144,,
εξελιχθεί,5514,General,144,,
η ρόδα,5515,General,144,,
ο χάκερ,5516,General,144,,
το κιντ,5517,General,144,,
το ντάνιελς,5518,General,144,,
χρωστώ / χρώσταγα,5522,General,144,,
εξαρχής,5523,General,144,,
ο τρόμος,5524,General,144,,
το βον,5525,General,144,,
βαρετά,5526,General,144,,
φονιά,5528,General,144,,
ο χειρουργός,5529,General,144,,
έλις,5531,General,144,,
η υγρασία,5532,General,144,,
το νοεμβρίου,5533,General,144,,
πυροσβεστικός,5534,General,144,,
αποψινός,5535,General,144,,
ηρεμιστικός,5537,General,144,,
έξοχα,5538,General,144,,
το άγγελο,5540,General,144,,
σβήσω / έσβησα,5543,General,145,,
η ελεγα,5544,General,145,,
το γυρίσματο,5545,General,145,,
το πορτ,5547,General,145,,
κινέζικος,5548,General,145,,
τόκιο,5549,General,145,,
ο κάδος,5550,General,145,,
χοτ,5551,General,145,,
η φρίκη,5552,General,145,,
ο νίκος,5553,General,145,,
αντίστροφος,5555,General,145,,
φτιαχτεί,5556,General,145,,
γεμίσω / γέμισα,5558,General,145,,
σκεφτόμουνα,5559,General,145,,
λουίς,5560,General,145,,
προχθές,5561,General,145,,
ενος,5563,General,145,,
μοντάνας,5565,General,145,,
πας,5566,General,145,,
το σνακ,5568,General,145,,
μερικος,5569,General,145,,
η ώθηση,5570,General,145,,
ο βρετανός,5571,General,145,,
τα συστατικά,5572,General,145,,
ο πεντάγωνος,5573,General,145,,
το πατατάκι,5574,General,145,,
νάτο,5575,General,145,,
ο φρικιός,5576,General,145,,
η σκούρα,5577,General,145,,
απορρίπτω / απέρριψα,5578,General,145,,
η χειροβομβίδα,5579,General,146,,
το στέλεχος,5580,General,146,,
το λέξι,5582,General,146,,
μείον,5584,General,146,,
η απογείωση,5585,General,146,,
απέξω,5586,General,146,,
απομένω / απόμεινα,5589,General,146,,
φρικτά,5591,General,146,,
τα σπίρτα,5592,General,146,,
μοιράζω / μοίρασα,5593,General,146,,
ο εκπρόσωπος,5594,General,146,,
λε,5595,General,146,,
λείψω / έλειψα,5596,General,146,,
εμφανιστείς,5597,General,146,,
άξιος,5598,General,146,,
τινάξω / τίναξα,5600,General,146,,
το σιρόπι,5601,General,146,,
σκέπτω / σκέφτηκα,5602,General,146,,
ο ειδήσεων,5603,General,146,,
το σκάρλετ,5608,General,146,,
η συγγνωμη,5609,General,146,,
το ριτς,5610,General,146,,
ομορφη,5613,General,146,,
η πρίγκηπα,5614,General,146,,
τσεν,5616,General,146,,
η τρις,5617,General,146,,
το γεράκι,5618,General,146,,
γαμήσει / γάμησε,5619,General,146,,
η επιση,5620,General,146,,
το ζίβο,5621,General,146,,
το ζελέ,5622,General,147,,
το διψάω,5623,General,147,,
η βρωμιά,5624,General,147,,
ανάψει / άναψε,5625,General,147,,
το χαρτ,5626,General,147,,
μπάρτον,5627,General,147,,
ιδίως,5628,General,147,,
η σταγόνα,5630,General,147,,
ντέμπρος,5632,General,147,,
ντισον,5633,General,147,,
το κατούρημα,5634,General,147,,
οι αδελφοί,5636,General,147,,
νηφάλιος,5637,General,147,,
ανάψω / άναψα,5638,General,147,,
ο ευγνώμονος,5639,General,147,,
κά,5640,General,147,,
αίγυπτο,5641,General,147,,
ο δαχτυλίδιος,5643,General,147,,
μπλέξω / έμπλεξα,5644,General,147,,
κένζι,5645,General,147,,
το μιούζικαλ,5646,General,147,,
το φύλο,5647,General,147,,
το ερωτήμα,5649,General,147,,
η καθίκια,5650,General,147,,
σιωπηλόςς,5651,General,147,,
η κατσίκα,5652,General,147,,
τάιμς,5653,General,147,,
το μπάζο,5655,General,147,,
παρατήσω / παράτησα,5657,General,147,,
τα κοτόπουλα,5658,General,147,,
οι συλλήψεις,5659,General,148,,
γαμπρό,5660,General,148,,
το φτυάρι,5661,General,148,,
η λεμονάδα,5662,General,148,,
υποδεικνύω / υπέδειξα,5663,General,148,,
ποιές,5665,General,148,,
προηγείται / προηγήθηκε,5666,General,148,,
δροσερός,5667,General,148,,
διαλέγω / διάλεξα,5669,General,148,,
τζόνας,5671,General,148,,
το σύνθημα,5672,General,148,,
υπερήφανος,5674,General,148,,
ο παίχτης,5676,General,148,,
το ψάξιμο,5677,General,148,,
η ταμπέλα,5679,General,148,,
ο έφευγες,5680,General,148,,
βαθειά,5681,General,148,,
οι μύες,5682,General,148,,
η ρτις,5683,General,148,,
συνάντησέ,5684,General,148,,
η μπέλα,5685,General,148,,
ακομος,5686,General,148,,
ο οστής,5688,General,148,,
τζόγο,5689,General,148,,
τιδήποτε,5690,General,148,,
η βικτώρια,5691,General,148,,
το φυγω,5693,General,148,,
το ντριαν,5694,General,148,,
η σκάις,5695,General,148,,
δαγκώσει / δάγκωσε,5697,General,148,,
η μαρτυρία,5698,General,149,,
η ολομόναχη,5700,General,149,,
ο τουαλέτας,5701,General,149,,
ο στάβλος,5702,General,149,,
το δίχτυ,5703,General,149,,
διαστημικός,5704,General,149,,
το σολ,5705,General,149,,
το πεδίου,5706,General,149,,
το επίθετο,5708,General,149,,
χέιζ,5709,General,149,,
ο όρκος,5710,General,149,,
αρπάξει / άρπαξε,5711,General,149,,
το υπνοδωμάτιο,5712,General,149,,
ο προνόμιος,5713,General,149,,
η μαρμελάδα,5714,General,149,,
ελαφριάς,5715,General,149,,
διακριτικά,5716,General,149,,
το τσίλι,5717,General,149,,
επειγόντως,5719,General,149,,
η θύελλα,5720,General,149,,
άσπρη,5721,General,149,,
έιβερι,5722,General,149,,
ο σκύλους,5723,General,149,,
αφοσιωμένος,5724,General,149,,
ο σπόρος,5725,General,149,,
ο κρέιμερ,5726,General,149,,
κακώς,5727,General,149,,
η ποικιλία,5730,General,149,,
η παρενέργεια,5731,General,149,,
το εξόδου,5733,General,149,,
το ντακ,5734,General,150,,
άρη,5735,General,150,,
οδυνηρός,5736,General,150,,
ο σερβιτόρος,5737,General,150,,
το κόπανε,5738,General,150,,
ο βίβλος,5739,General,150,,
ο μπερ,5740,General,150,,
αφροδίτης,5742,General,150,,
ο καθαριστήριος,5743,General,150,,
η συγχώρα,5744,General,150,,
καμίλ,5745,General,150,,
το μπιπ,5746,General,150,,
σανγκ,5748,General,150,,
η λαρύγγις,5750,General,150,,
ο μαχητής,5751,General,150,,
η δίψα,5753,General,150,,
το ράγκμπι,5758,General,150,,
μπράϊαν,5759,General,150,,
απελπίζω,5760,General,150,,
το ντάριλ,5762,General,150,,
το άμπυ,5763,General,150,,
ο μώλωπος,5765,General,150,,
ανέκαθεν,5766,General,150,,
το εγκαίνι,5770,General,150,,
ομαδικός,5771,General,150,,
το αμαξι,5773,General,150,,
το σακίδιο,5774,General,150,,
το ναςς,5776,General,150,,
αυτοκινητιστικός,5777,General,150,,
συνεχής,5778,General,150,,
καλυτερο,5779,General,151,,
το σκότους,5781,General,151,,
βρεθώ / βρεθούσα,5782,General,151,,
οι κολλητοί,5784,General,151,,
η μάρκα,5785,General,151,,
το οίκου,5787,General,151,,
χέρμαν,5789,General,151,,
υγιέςς,5792,General,151,,
το κουνγκ,5793,General,151,,
η λεκάνη,5794,General,151,,
ο συνεργαστέας,5795,General,151,,
μεσαίος,5796,General,151,,
λία,5797,General,151,,
η αποτοξίνωση,5798,General,151,,
φύρερς,5800,General,151,,
χειρίζω / χειρίστηκα,5801,General,151,,
τα δεσμά,5802,General,151,,
απεχθάνομαι / απεχθανόμουν,5803,General,151,,
κρυφτώ / κρυφτούσα,5805,General,151,,
ντέιζι,5808,General,151,,
χαλκ,5811,General,151,,
φίλιπς,5812,General,151,,
ο εποχός,5813,General,151,,
υπολογίζω / υπολόγισα,5814,General,151,,
ο αετός,5815,General,151,,
ο ζήλιας,5816,General,151,,
ελεν,5817,General,151,,
ο θάμνος,5820,General,151,,
παλέψει / πάλεψε,5821,General,151,,
το προβάδισμα,5822,General,151,,
το ιερουσαλήμ,5823,General,152,,
το κατοικίδιο,5824,General,152,,
η ακολουθία,5825,General,152,,
η ομελέτα,5828,General,152,,
απύς,5829,General,152,,
η απογοητεύση,5830,General,152,,
πάουελς,5832,General,152,,
κρυμμένη,5833,General,152,,
το πακ,5835,General,152,,
τάνερ,5836,General,152,,
τραγουδάω / τραγούδησα,5837,General,152,,
η ηλίθια,5838,General,152,,
το γαμήλιο,5840,General,152,,
ετοιμαστώ / ετοιμαστούσα,5841,General,152,,
πήδηξες,5842,General,152,,
λατινικός,5843,General,152,,
η έφηβη,5844,General,152,,
καθιστώ / κατάστησα,5845,General,152,,
χαμογελάει / χαμογέλαγε,5847,General,152,,
το φιλάκι,5848,General,152,,
κέιτλιν,5849,General,152,,
το ντάρεν,5851,General,152,,
δειλοί,5854,General,152,,
ρόκι,5856,General,152,,
η διακόσμηση,5857,General,152,,
η κλίση,5858,General,152,,
γενναιόδωρη,5859,General,152,,
το μελανιές,5860,General,152,,
το κεκάκι,5861,General,152,,
το τανκ,5862,General,152,,
ο δέρματος,5863,General,153,,
αόρατο,5865,General,153,,
το ρητό,5867,General,153,,
το κολάρο,5868,General,153,,
βρετανικός,5869,General,153,,
το κόμικ,5871,General,153,,
ο ζωγράφος,5872,General,153,,
η πείρα,5873,General,153,,
αλλόκοτος,5875,General,153,,
το διαζυγίου,5876,General,153,,
το κατώφλι,5877,General,153,,
η κλωτσιά,5878,General,153,,
η πάρτα,5879,General,153,,
το συνάδελφο,5881,General,153,,
κοντεύω / κόντεψα,5882,General,153,,
υγιή,5884,General,153,,
η μελωδία,5885,General,153,,
η διαβατήρια,5886,General,153,,
η απώλειά,5887,General,153,,
αυστηρής,5888,General,153,,
η εγκαύματα,5889,General,153,,
παλιάς,5890,General,153,,
η πλήρωμά,5891,General,153,,
η σπαθιά,5892,General,153,,
το κουλουράκι,5893,General,153,,
το τρελλόςς,5894,General,153,,
το φορτ,5897,General,153,,
το μπάρμπι,5898,General,153,,
γούντς,5900,General,153,,
η μαμάδα,5901,General,153,,
το χείλος,5902,General,154,,
αξονικός,5904,General,154,,
η διάνα,5905,General,154,,
το μανίκι,5906,General,154,,
ο κρησφύγετος,5909,General,154,,
ο πληθυσμός,5910,General,154,,
έλθω / ήλθα,5911,General,154,,
συμβουλεύω / συμβούλεψα,5913,General,154,,
λέικ,5915,General,154,,
η ομπρέλα,5916,General,154,,
λαθραίο,5917,General,154,,
ειρωνικός,5918,General,154,,
ντομ,5919,General,154,,
κατεβάζω / κατέβασα,5920,General,154,,
επομένη,5921,General,154,,
το πόρτλαντ,5922,General,154,,
ο εγκλημάτων,5923,General,154,,
ο πρωτας,5924,General,154,,
ο συντρόφος,5925,General,154,,
η ασπιρίνη,5927,General,154,,
ξεκουραστεί,5928,General,154,,
η παύση,5929,General,154,,
η φοιτήτρια,5932,General,154,,
η έφεση,5933,General,154,,
ξαφνικός,5934,General,154,,
η ετικέτα,5935,General,154,,
ο πατεράδης,5936,General,154,,
λούθερ,5937,General,154,,
νταμς,5938,General,154,,
τα πάσχα,5939,General,154,,
ο έκρηξης,5941,General,155,,
υπηρετώ / υπηρέτησα,5942,General,155,,
η καμπάνα,5943,General,155,,
το πορτοκάλι,5944,General,155,,
ειρηνικός,5945,General,155,,
αλλ,5947,General,155,,
κατέχω / κατείχα,5948,General,155,,
φέι,5951,General,155,,
το μπλου,5952,General,155,,
καθυστερήσω / καθυστέρησα,5953,General,155,,
το ερείπιο,5955,General,155,,
αλλιως,5956,General,155,,
γενετικός,5957,General,155,,
ο ες,5958,General,155,,
η μάντρα,5959,General,155,,
ο δημάρχος,5960,General,155,,
επιζώ / επέζησα,5961,General,155,,
ρόμπινσον,5962,General,155,,
το κλιφ,5963,General,155,,
το πρόβατο,5964,General,155,,
σουνγκ,5965,General,155,,
η κρούση,5967,General,155,,
ο μυς,5968,General,155,,
πέραν,5969,General,155,,
βλάψω / έβλαψα,5970,General,155,,
μέγας,5971,General,155,,
άριστα,5972,General,155,,
φρανσουά,5973,General,155,,
ασημένιο,5974,General,155,,
η νόρμα,5975,General,155,,
ο πρέσβης,5976,General,156,,
λάιονελ,5977,General,156,,
η διάσειση,5978,General,156,,
πισώπλατος,5981,General,156,,
η γόνατά,5982,General,156,,
υπόστεγο,5983,General,156,,
αστρικός,5984,General,156,,
το πάιλοτ,5986,General,156,,
το σφηνάκι,5987,General,156,,
σέντραλ,5988,General,156,,
ο εγγονός,5989,General,156,,
ερευνώ / ερεύνησα,5991,General,156,,
οι διαστάσεις,5992,General,156,,
το χάμοντ,5993,General,156,,
άβολος,5994,General,156,,
η καμαριέρα,5995,General,156,,
βασανίζω / βασάνισα,5997,General,156,,
η ξηρά,5998,General,156,,
τα νεφρά,5999,General,156,,
το σύρμα,6002,General,156,,
η μείωση,6004,General,156,,
η κουκούλα,6005,General,156,,
διαλυθεί,6006,General,156,,
χολτ,6007,General,156,,
η επανάληψη,6008,General,156,,
περισσοτερο,6009,General,156,,
παρότι,6011,General,156,,
ταες,6012,General,156,,
τζό,6013,General,156,,
ξαπλωμένος,6014,General,156,,
ο οστός,6015,General,157,,
τρέμω / έτρεμα,6017,General,157,,
η σκατα,6018,General,157,,
πανεύκολος,6019,General,157,,
το μούσι,6020,General,157,,
ανοικτός,6022,General,157,,
ενεργός,6023,General,157,,
γάμησες,6024,General,157,,
ο γειτονιάς,6025,General,157,,
ο πύραυλος,6026,General,157,,
το πμ,6027,General,157,,
αποσυρθεί,6028,General,157,,
ο ωρών,6029,General,157,,
πόουπ,6030,General,157,,
μόγια,6031,General,157,,
ντόπιος,6032,General,157,,
το θεμα,6033,General,157,,
οι απαγωγείς,6035,General,157,,
ζαμπόν,6036,General,157,,
το πλοιο,6038,General,157,,
το αδάμ,6039,General,157,,
η καταδίωξη,6040,General,157,,
η σκα,6041,General,157,,
το κέρατό,6043,General,157,,
το κρακ,6044,General,157,,
η πουτίγκα,6046,General,157,,
εξαφανιστώ / εξαφανιστούσα,6047,General,157,,
έφηβος,6048,General,157,,
το διαγώνισμα,6049,General,157,,
πω / έπεσα,6050,General,157,,
αϊνστάιν,6051,General,158,,
οι πιέσεις,6053,General,158,,
πειράξω / πείραξα,6054,General,158,,
το ρεζίλι,6055,General,158,,
η παλιομαλάκα,6056,General,158,,
το τελοσ,6057,General,158,,
διορθώσει / διόρθωσε,6058,General,158,,
το μποργκ,6059,General,158,,
αποκαλυφθεί,6061,General,158,,
το μαΐου,6063,General,158,,
χαρίζω / χάρισα,6065,General,158,,
όλι,6067,General,158,,
μέιλ,6069,General,158,,
η σκωτία,6070,General,158,,
το σπάσιμο,6071,General,158,,
οι βάρκες,6072,General,158,,
τα βασίλισσά,6073,General,158,,
το μνήμα,6074,General,158,,
εξαφανιστής,6075,General,158,,
βανς,6076,General,158,,
φρέντερικ,6077,General,158,,
εφικτός,6078,General,158,,
τρομακτικό,6079,General,158,,
το δωράκι,6080,General,158,,
ο ασθενός,6081,General,158,,
θάψω / έθαψα,6082,General,158,,
η τομή,6083,General,158,,
ο ναύαρχος,6084,General,158,,
πολύτιμα,6085,General,158,,
η ομαδα,6086,General,158,,
βέβαιο,6088,General,159,,
ο σεισμός,6089,General,159,,
η παραστάση,6090,General,159,,
τσέλσι,6092,General,159,,
ανησυχητικός,6093,General,159,,
το ερικ,6094,General,159,,
το δεχτείτε,6095,General,159,,
τσο,6096,General,159,,
συγκινητικός,6097,General,159,,
ο διαστήματος,6099,General,159,,
σάλυ,6102,General,159,,
ειδάλλως,6103,General,159,,
η βελόνη,6104,General,159,,
παλαβός,6105,General,159,,
κλείστο,6106,General,159,,
πικάρντ,6107,General,159,,
το γυμνασίου,6108,General,159,,
προκύπτω / προέκυψα,6109,General,159,,
το ταίρι,6110,General,159,,
το λείο,6111,General,159,,
η αντλία,6112,General,159,,
οι έλθεις,6113,General,159,,
το τρεντ,6115,General,159,,
πιστευεις,6116,General,159,,
η πλύση,6117,General,159,,
το πηγαίντε,6119,General,159,,
έγκαιρα,6121,General,159,,
η άνεση,6122,General,159,,
ο φιλος,6124,General,159,,
ντυθείςς,6125,General,159,,
νυχτερινός,6126,General,160,,
το τζούντιθ,6127,General,160,,
η φόρμουλα,6128,General,160,,
η ευκαιρια,6130,General,160,,
ντοκιμαντέρ,6131,General,160,,
χθεσινός,6132,General,160,,
ο ευγενέας,6133,General,160,,
το κουτάλι,6135,General,160,,
η μάπα,6138,General,160,,
η τυφώνα,6139,General,160,,
ο αρραβώνας,6140,General,160,,
ελαφρώς,6144,General,160,,
ο άρτσερ,6145,General,160,,
μπριγκς,6146,General,160,,
τα ρίσκα,6150,General,160,,
οι σώζεις,6151,General,160,,
το σεμινάριο,6152,General,160,,
φροστ,6153,General,160,,
ο τακούνος,6154,General,160,,
το τσέκαρε,6156,General,160,,
τόρες,6157,General,160,,
το ταρζάνς,6158,General,160,,
το λύκους,6159,General,160,,
τζεντάι,6161,General,160,,
η ορφανά,6163,General,160,,
η σπίθα,6164,General,160,,
ο τυπος,6167,General,160,,
φιτζ,6168,General,160,,
προβλέψει / πρόβλεψε,6169,General,160,,
ο συγκάτοικος,6171,General,160,,
αναγκάζω / ανάγκασα,6172,General,161,,
το σμόκιν,6174,General,161,,
δέσω / έδεσα,6175,General,161,,
φριχτός,6177,General,161,,
ανόητα,6178,General,161,,
κρόφορντ,6180,General,161,,
το θραύσμα,6181,General,161,,
σέπερντ,6182,General,161,,
σάνον,6183,General,161,,
ο πρίγκηπας,6185,General,161,,
η σκουληκότρυπα,6186,General,161,,
το περιστέρι,6189,General,161,,
το εμπορίου,6190,General,161,,
θάψει / έθαψε,6192,General,161,,
αλίκη,6195,General,161,,
ο τραγουδιστής,6196,General,161,,
μετατρέψει / μετάτρεψε,6197,General,161,,
ο φυλλάδιος,6198,General,161,,
το προάστιο,6199,General,161,,
το αλόγου,6200,General,161,,
σερβίρω / σερβίρισα,6201,General,161,,
μαντάρας,6202,General,161,,
μαρσέλ,6203,General,161,,
πεπεισμένος,6204,General,161,,
ζητήσετε,6207,General,161,,
αποδυτήρια,6208,General,161,,
ο σάμερ,6209,General,161,,
χειρός,6210,General,161,,
είσθε,6212,General,161,,
πολωνία,6213,General,161,,
η ορμόνα,6214,General,162,,
το τζόν,6215,General,162,,
φλόρικ,6216,General,162,,
το αλεξίπτωτο,6217,General,162,,
το μπένσον,6218,General,162,,
η βενετία,6219,General,162,,
σσσς,6220,General,162,,
το ρόσκο,6221,General,162,,
επιβεβαιώσω / επιβεβάιωσα,6222,General,162,,
έντγκαρ,6223,General,162,,
μέιν,6225,General,162,,
χέκτορς,6226,General,162,,
ο μαρτύριος,6227,General,162,,
νίντζας,6228,General,162,,
τύχω / έτυχα,6229,General,162,,
η καλόγρια,6230,General,162,,
το μπαλόνι,6231,General,162,,
το μεγαλείο,6232,General,162,,
το σάι,6234,General,162,,
το σκοτωθώ,6235,General,162,,
το πυροβόλο,6236,General,162,,
ψυχρός,6237,General,162,,
το πρωτοσέλιδο,6238,General,162,,
συνιστώ / συνέστησα,6239,General,162,,
το φρένο,6240,General,162,,
η αφίσα,6241,General,162,,
ο ελέφαντης,6242,General,162,,
αγγέλος,6243,General,162,,
βλάπτω / έβλαψα,6244,General,162,,
το κάρυ,6245,General,162,,
μελετώ / μελέτησα,6246,General,163,,
οι ενέσεις,6249,General,163,,
ο χειραψίας,6250,General,163,,
η ραδιενέργεια,6251,General,163,,
ο κεραυνός,6252,General,163,,
άψογα,6253,General,163,,
τραυματιστεί,6254,General,163,,
ο χωρισμός,6255,General,163,,
το κάλεσμα,6256,General,163,,
το καθίσμα,6257,General,163,,
αδρεναλίνος,6258,General,163,,
το ψυχολόγο,6259,General,163,,
το ισαάκ,6260,General,163,,
δυσάρεστη,6261,General,163,,
πεθαμένος,6262,General,163,,
το μάρεϊ,6263,General,163,,
εμας,6264,General,163,,
ο πλούτος,6265,General,163,,
τζουντς,6266,General,163,,
το μπλοκ,6267,General,163,,
ο σύμβουλες,6268,General,163,,
ο ξάδερφος,6270,General,163,,
η ζωγραφιά,6271,General,163,,
ο οδοντίατρος,6273,General,163,,
ο ερευνητής,6274,General,163,,
ο κρος,6275,General,163,,
η δούκισσα,6276,General,163,,
το φυλλάδιο,6277,General,163,,
το τσιμέντο,6280,General,163,,
αποτελείται / αποτελέστηκε,6282,General,163,,
φυγάς,6283,General,164,,
το σίμονς,6284,General,164,,
τζίμμυ,6285,General,164,,
το τζάρεντ,6286,General,164,,
ουίλιαμ,6288,General,164,,
ο τριαντάφυλλος,6289,General,164,,
ο παλμός,6291,General,164,,
το ζάριο,6292,General,164,,
το τζην,6294,General,164,,
κάρτμαν,6295,General,164,,
οι σοκολάτες,6296,General,164,,
η τηλεφωνούσα,6298,General,164,,
το ντενίζ,6299,General,164,,
ο οργάνας,6300,General,164,,
έιριν,6301,General,164,,
εκλιπαρώ / εκλιπάρησα,6302,General,164,,
το φλιν,6303,General,164,,
μερικα,6305,General,164,,
ντιτρόιτ,6306,General,164,,
απολαύσω / απόλαυσα,6307,General,164,,
ο θεατής,6309,General,164,,
γουόρντ,6310,General,164,,
ο πάολος,6311,General,164,,
ρομπέρτο,6312,General,164,,
μαργαρίτα,6313,General,164,,
επανέλθει / επανήλθε,6314,General,164,,
το αχούρι,6316,General,164,,
πόλα,6318,General,164,,
εμπλακεί,6319,General,164,,
καυγάδης,6320,General,164,,
ακουστικός,6322,General,165,,
ο βουτιάς,6324,General,165,,
το έβελιν,6325,General,165,,
το πορνείο,6326,General,165,,
ο ντεντέκτιβ,6327,General,165,,
η μικρη,6328,General,165,,
η πούρα,6329,General,165,,
τζέρσεϊ,6331,General,165,,
το γούσ,6333,General,165,,
η γύρα,6334,General,165,,
το κλάμπ,6336,General,165,,
μιλς,6339,General,165,,
ο κουμπάρος,6340,General,165,,
η ξαδέλφη,6341,General,165,,
εκφράζω / εξέφρασα,6342,General,165,,
το ζωγράφισε,6343,General,165,,
οι ρωμαίοι,6344,General,165,,
ο πυραύλων,6345,General,165,,
το νάιτ,6346,General,165,,
βρώμικοςς,6347,General,165,,
η αρένα,6348,General,165,,
ο μπάστερ,6349,General,165,,
μαγειρικός,6350,General,165,,
το σκίτσο,6351,General,165,,
κοντός,6352,General,165,,
υψηλοτάτος,6353,General,165,,
τυπικά,6355,General,165,,
ο δασών,6357,General,165,,
διαφεύγω / διέφυγα,6358,General,165,,
ο νεκρές,6359,General,165,,
το σπάιντερμαν,6361,General,166,,
το μέρει,6363,General,166,,
φυλαχτό,6364,General,166,,
υποψιάζομαι / υποψιάσθηκα,6365,General,166,,
το οο,6366,General,166,,
καλών,6367,General,166,,
το κλίντον,6369,General,166,,
δώστου,6370,General,166,,
πιαστεί,6371,General,166,,
ντουκ,6372,General,166,,
το εδάφος,6374,General,166,,
η ανεπάρκεια,6375,General,166,,
ντόρις,6376,General,166,,
ένοπλη,6378,General,166,,
ο μπάνιος,6379,General,166,,
ο πομπός,6381,General,166,,
ο ατυχήματος,6382,General,166,,
αλλεργικός,6383,General,166,,
το κάγκελο,6384,General,166,,
δυναμίτη,6385,General,166,,
κουτσομπολιά,6386,General,166,,
οι τρομάξεις,6387,General,166,,
το περιστέριο,6388,General,166,,
ξόρκια,6389,General,166,,
το κονιάκ,6390,General,166,,
το στέκι,6391,General,166,,
το σβέρκο,6392,General,166,,
ο γεννημένος,6393,General,166,,
η κέρα,6394,General,166,,
το σάντσεζ,6395,General,166,,
σύλβια,6396,General,167,,
το κάμελοτ,6397,General,167,,
η νεροχύτη,6398,General,167,,
ο έστερ,6399,General,167,,
το κέτσαπ,6400,General,167,,
η φαγούρα,6401,General,167,,
ο στίχος,6402,General,167,,
η συλλυπητήρια,6404,General,167,,
μοντέρνος,6405,General,167,,
το παζάρι,6406,General,167,,
ντονι,6407,General,167,,
το σάντερς,6408,General,167,,
μανουέλ,6409,General,167,,
η γκρίνια,6411,General,167,,
επίμονα,6412,General,167,,
η πρίζα,6414,General,167,,
αποφεύγω / απέφυγα,6415,General,167,,
το καουμπόι,6416,General,167,,
το μπαλόνιο,6417,General,167,,
μπικίνι,6418,General,167,,
το μνημείο,6419,General,167,,
προσεχε,6420,General,167,,
χωρίσω / χώρισα,6421,General,167,,
ο κακόμοιρος,6422,General,167,,
στίβι,6423,General,167,,
το κρεμμύδι,6424,General,167,,
το αγαθό,6425,General,167,,
ο χειρούργος,6426,General,167,,
ο κλέφτρ,6427,General,167,,
καριόλα,6428,General,167,,
ολόκληρα,6429,General,168,,
μπλουμ,6430,General,168,,
το ρεσεψιόν,6431,General,168,,
κανενας,6433,General,168,,
αλκοολικός,6434,General,168,,
λιώσει / έλιωσε,6437,General,168,,
ξεμείνω / ξέμεινα,6438,General,168,,
το δικηγόρου,6439,General,168,,
το φόβου,6442,General,168,,
τίς,6443,General,168,,
γέιλ,6444,General,168,,
λιούις,6445,General,168,,
παίξτε,6446,General,168,,
το πηδάλιο,6447,General,168,,
ελάχιστη,6448,General,168,,
χιούγκο,6449,General,168,,
η μαθήματά,6450,General,168,,
η ηχογράφηση,6452,General,168,,
το ατάκες,6453,General,168,,
το απόθεμα,6455,General,168,,
διαθέτω / διάθεσα,6457,General,168,,
ο διαδρόμος,6459,General,168,,
το γκαζόν,6460,General,168,,
η φιλάρα,6461,General,168,,
κόμικς,6462,General,168,,
κομμένος,6464,General,168,,
το κιβώτι,6465,General,168,,
ο καρ,6466,General,168,,
χότζινς,6467,General,168,,
ο σκουπιδιών,6468,General,168,,
η άμμος,6469,General,169,,
η κίτρινη,6470,General,169,,
ξύλινο,6471,General,169,,
το λόρδο,6472,General,169,,
πάψει / έπαψε,6473,General,169,,
το ξέσπασμα,6475,General,169,,
η μπουκιά,6476,General,169,,
τα αφτιά,6477,General,169,,
σώματός,6478,General,169,,
το αεροπλάνου,6479,General,169,,
το κόσμημα,6481,General,169,,
ακούγω / άκουσα,6482,General,169,,
καπου,6483,General,169,,
το κάλυμμα,6484,General,169,,
το μπόμπ,6485,General,169,,
ο φαρμάκων,6486,General,169,,
το τιμήν,6487,General,169,,
το τέρενς,6488,General,169,,
το αρον,6489,General,169,,
το άκατο,6490,General,169,,
το φορείο,6491,General,169,,
καλημερα,6492,General,169,,
εντυπωσιάστηκα,6494,General,169,,
ο φερμουάρ,6495,General,169,,
γραφτεί,6496,General,169,,
το βάσανο,6497,General,169,,
τέτοιοι,6498,General,169,,
πνευμόνια,6500,General,169,,
αντικαταστώ / αντικατέστησα,6502,General,169,,
ο ταχυδρόμος,6503,General,169,,
το παυσίπονο,6504,General,170,,
η φτώχεια,6505,General,170,,
το σάλιο,6506,General,170,,
αφαιρέσω / αφαίρεσα,6507,General,170,,
τόμπυ,6508,General,170,,
το παιδίο,6511,General,170,,
εκδικηθεί,6512,General,170,,
ο παππούδης,6514,General,170,,
το μεθύσι,6515,General,170,,
η σειρήνα,6516,General,170,,
επιλέξω / επέλεξα,6517,General,170,,
το λεκ,6518,General,170,,
μπερδευτεί,6519,General,170,,
ρέω / έρρευσα,6520,General,170,,
το βράδι,6521,General,170,,
το γατάκι,6522,General,170,,
εμπιστευτεί,6524,General,170,,
το βίκι,6525,General,170,,
ο όμηρος,6527,General,170,,
το γλέντι,6528,General,170,,
το μικρόβιο,6530,General,170,,
το επίκεντρο,6531,General,170,,
χαζοί,6532,General,170,,
υψηλός,6533,General,170,,
η κορώνα,6534,General,170,,
ο μος,6535,General,170,,
το νατ,6536,General,170,,
θορν,6537,General,170,,
ο εκδότης,6538,General,170,,
σηκώνεσαι,6539,General,170,,
υπεράνω,6540,General,171,,
το γαμωτο,6541,General,171,,
ζυγίζω / ζύγισα,6542,General,171,,
το βασιλείου,6543,General,171,,
η σέξ,6544,General,171,,
το ιανουαρίου,6546,General,171,,
η καρφίτσα,6548,General,171,,
ενθουσιασμένοι,6549,General,171,,
ο νοσοκομειος,6550,General,171,,
μικρότερος,6551,General,171,,
το μαξιλάριο,6552,General,171,,
αξιωματικέ,6553,General,171,,
σινγκ,6555,General,171,,
ο θεος,6556,General,171,,
το άντερσον,6558,General,171,,
ο σκύλες,6559,General,171,,
ο καυσίμων,6560,General,171,,
μητρικός,6561,General,171,,
άστεγος,6562,General,171,,
η σαχλαμάρα,6563,General,171,,
αναμενόμενος,6564,General,171,,
τζίμ,6565,General,171,,
η παρθενιά,6566,General,171,,
το μπαζ,6567,General,171,,
ηξερος,6568,General,171,,
καταθέτω / κατάθεσα,6569,General,171,,
το ρόλους,6571,General,171,,
το φώς,6572,General,171,,
ζωγραφικός,6573,General,171,,
ο αγοραστής,6574,General,171,,
έναντι,6575,General,172,,
κομψό,6576,General,172,,
μέριλιν,6577,General,172,,
ο προσέλαβες,6578,General,172,,
ρούμπεν,6579,General,172,,
ο ρουτίνας,6580,General,172,,
λλος,6582,General,172,,
ο χιλιοστών,6586,General,172,,
εκεινη,6587,General,172,,
καστανά,6588,General,172,,
λίντιος,6590,General,172,,
το βαρέλιο,6591,General,172,,
το μιλάνο,6592,General,172,,
μαδρίτη,6593,General,172,,
κοκκινομάλλα,6594,General,172,,
μίνα,6595,General,172,,
παθαίνεις,6596,General,172,,
το τσούρμο,6597,General,172,,
το σχολειο,6598,General,172,,
αναρωτιέται / αναρωτήθηκε,6600,General,172,,
η μαϊμούδα,6601,General,172,,
το ημερολόγιό,6602,General,172,,
το μάγουλο,6603,General,172,,
η μνηστή,6605,General,172,,
ταύρος,6606,General,172,,
η τσίτα,6607,General,172,,
γκρέτσεν,6608,General,172,,
ξάδερφός,6609,General,172,,
ο εργένης,6610,General,172,,
γλυκούλης,6611,General,172,,
το θάλαμοςς,6612,General,173,,
σκίνερ,6613,General,173,,
αιμορραγής,6614,General,173,,
οτί,6615,General,173,,
το διάλλειμα,6616,General,173,,
το πανί,6617,General,173,,
ανώφελος,6618,General,173,,
το δέμα,6619,General,173,,
το φιστίκι,6620,General,173,,
κλάψει / έκλαψε,6622,General,173,,
ακοησ,6623,General,173,,
η αράχνα,6625,General,173,,
η χούφτα,6626,General,173,,
το σοκάκι,6627,General,173,,
όρθιοι,6628,General,173,,
το μπαλάκι,6629,General,173,,
η μυρμήγκια,6630,General,173,,
ντερσον,6631,General,173,,
το μπέιμπι,6632,General,173,,
η ποδιά,6633,General,173,,
φόρμαν,6634,General,173,,
μετατραπεί,6635,General,173,,
μαζορέτα,6636,General,173,,
η σκεπή,6637,General,173,,
ο αρραβώνων,6638,General,173,,
η λλαξα,6640,General,173,,
δολοφόνε,6641,General,173,,
η ακτινογραφία,6642,General,173,,
το ποδι,6643,General,173,,
χτίζω / έχτισα,6644,General,173,,
το τροχό,6646,General,174,,
πυροβόλησέ,6647,General,174,,
ο αρουραίος,6648,General,174,,
νιούμαν,6651,General,174,,
μαλώνω / μάλωσα,6653,General,174,,
το σώου,6654,General,174,,
η καταπακτή,6655,General,174,,
αργόςς,6657,General,174,,
η επέτειος,6658,General,174,,
κλώντια,6660,General,174,,
τιλ,6662,General,174,,
η σέβη,6664,General,174,,
δήθεν,6665,General,174,,
το τικ,6666,General,174,,
ο αγωγός,6667,General,174,,
γυρεύω / γύρεψα,6669,General,174,,
το αποθέμα,6670,General,174,,
σοφό,6672,General,174,,
θεατρικός,6673,General,174,,
γαμάς,6674,General,174,,
το μοσχάρι,6675,General,174,,
το ρίτσμοντ,6676,General,174,,
παρασκήνια,6677,General,174,,
το τρίγωνο,6680,General,174,,
το μπράτσο,6681,General,174,,
η κουτάβια,6682,General,174,,
το γκέιτς,6683,General,174,,
το μυαλο,6684,General,174,,
φυσάει,6685,General,174,,
το βότανο,6686,General,174,,
ο πυροσβέστης,6687,General,175,,
δαγκώνω / δάγκωσα,6688,General,175,,
το πονοκέφαλοςς,6689,General,175,,
το μπάρετ,6690,General,175,,
ανεπίσημα,6691,General,175,,
το αντέλ,6692,General,175,,
η φυλακη,6693,General,175,,
καθυστερημένος,6694,General,175,,
το κέρμα,6695,General,175,,
η γειτόνισσα,6696,General,175,,
η απόρριψη,6697,General,175,,
η πένα,6698,General,175,,
το απομεινάριο,6699,General,175,,
ιωσήφ,6700,General,175,,
το γένι,6701,General,175,,
μάταια,6702,General,175,,
παραπέρα,6703,General,175,,
τόμμυ,6704,General,175,,
ο τηλεφωνος,6705,General,175,,
το ρήγμα,6706,General,175,,
χαζέ,6707,General,175,,
το φεβρουαρίου,6709,General,175,,
χάριετ,6710,General,175,,
περιορίζω / περιόρισα,6711,General,175,,
το τζούλιετ,6712,General,175,,
το λουρί,6713,General,175,,
το καρότσι,6714,General,175,,
το παλικάριο,6715,General,175,,
βαλτιμόρης,6716,General,175,,
αμ,6717,General,175,,
ετοιμάσω / ετοίμασα,6718,General,176,,
η πρωτοχρονιά,6719,General,176,,
διάσημοι,6720,General,176,,
εξιτήριος,6721,General,176,,
το σωματείο,6722,General,176,,
το πέγκι,6723,General,176,,
φέιζερ,6725,General,176,,
πρεζόνις,6726,General,176,,
ο κληρονόμος,6728,General,176,,
η αδελφούλα,6729,General,176,,
το μεσιέ,6730,General,176,,
ο εθελοντός,6731,General,176,,
οι βιταμίνες,6732,General,176,,
συντομα,6733,General,176,,
ο ενόρκων,6734,General,176,,
το γιαούρτι,6735,General,176,,
κοροϊδεύω / κοροΐδεψα,6736,General,176,,
αγοράσω / ηγόρασα,6739,General,176,,
ράικερς,6742,General,176,,
όμορφε,6744,General,176,,
η αμερικανίδα,6745,General,176,,
η αεράκις,6746,General,176,,
η κολλητή,6747,General,176,,
διατηρώ / διατήρησα,6748,General,176,,
το ντονγκ,6749,General,176,,
το κουπς,6750,General,176,,
χαλαρόςς,6751,General,176,,
ο τζίντζερ,6752,General,176,,
το λορέντζο,6753,General,176,,
η φεγγαριού,6754,General,176,,
φτηνή,6755,General,177,,
σάουθ,6757,General,177,,
η βαλβίδα,6758,General,177,,
ο ρωμαίος,6759,General,177,,
ο κανόνισες,6761,General,177,,
το κιν,6762,General,177,,
φιλικά,6763,General,177,,
το πλέγμα,6764,General,177,,
το καρύδι,6766,General,177,,
η όχθη,6767,General,177,,
η φυγή,6768,General,177,,
ασχημα,6769,General,177,,
ξαναγυρίσω / ξαναγύρισα,6770,General,177,,
το εργαστηρίου,6771,General,177,,
η αντιδραστήρα,6772,General,177,,
χαιρετώ / χαιρέτησα,6773,General,177,,
φωτεινό,6774,General,177,,
το σόνι,6775,General,177,,
ο ορίων,6776,General,177,,
διοικητικός,6777,General,177,,
επικρατώ / επεκράτησα,6778,General,177,,
συγχαίρω / συγχάρηκα,6780,General,177,,
η μαριονέτα,6781,General,177,,
το ταύρο,6782,General,177,,
γκέιμπ,6784,General,177,,
αποχαιρετήσω / αποχαιρέτησα,6785,General,177,,
το πλύσιμο,6788,General,177,,
μακρά,6790,General,177,,
το κυρίους,6792,General,177,,
το χείλιο,6795,General,177,,
αντίκες,6797,General,178,,
εκπλαγής,6798,General,178,,
μπέν,6799,General,178,,
ατλαντίδα,6801,General,178,,
το σπρίνγκφιλντ,6802,General,178,,
τελειωμένος,6803,General,178,,
ο σχεδίων,6804,General,178,,
το τζακούζι,6805,General,178,,
ζεστασιά,6806,General,178,,
ο λεπτών,6807,General,178,,
ειλικρινός,6808,General,178,,
οικείος,6809,General,178,,
το κάψιμο,6810,General,178,,
λίον,6811,General,178,,
κενής,6812,General,178,,
άντονι,6815,General,178,,
φάργκο,6819,General,178,,
ο σατανάς,6820,General,178,,
πατρός,6821,General,178,,
εσώρουχο,6824,General,178,,
ο μαγισσών,6827,General,178,,
κατηγορείται / κατηγορήθηκε,6828,General,178,,
διαλύσω / διέλυσα,6829,General,178,,
η μαγείρισσα,6832,General,178,,
πολύτιμοςς,6833,General,178,,
το τοκ,6834,General,178,,
το πανσέληνο,6835,General,178,,
το διάδρομοςς,6836,General,178,,
το κολ,6837,General,178,,
η κατάμουτρα,6839,General,178,,
λιγότερες,6840,General,179,,
κάρλι,6841,General,179,,
νόστιμα,6842,General,179,,
ντάργκο,6844,General,179,,
φραν,6845,General,179,,
γκόθαμ,6846,General,179,,
η ισοπαλία,6847,General,179,,
χαλαρώσει / χαλάρωσε,6849,General,179,,
το τζέντλεμαν,6850,General,179,,
πλάγια,6851,General,179,,
το λεξικό,6853,General,179,,
το κλάρκ,6854,General,179,,
τηλεφωνικά,6855,General,179,,
το αερίο,6856,General,179,,
ο σωτήρας,6857,General,179,,
το καντίν,6858,General,179,,
μιζέρια,6859,General,179,,
ανατινάζω / ανατίναξα,6860,General,179,,
σέριλς,6861,General,179,,
ο εισβολέας,6862,General,179,,
ανακοινώσω / ανακοίνωσα,6864,General,179,,
το πριόνι,6865,General,179,,
το σουζάνς,6866,General,179,,
ο χορευτής,6867,General,179,,
σκίζω / έσκισα,6868,General,179,,
το ψυχρώ,6871,General,179,,
λιτλ,6872,General,179,,
το ποιήμα,6873,General,179,,
αναθεματίζω / αναθεμάτισα,6874,General,179,,
μπρόντγουεϊ,6875,General,179,,
το δράκους,6877,General,180,,
γιορκ,6878,General,180,,
τέντυ,6880,General,180,,
η ασταμάτητα,6881,General,180,,
ο σωματοφύλακας,6882,General,180,,
εμπρος,6883,General,180,,
η παλίρροια,6884,General,180,,
η γή,6886,General,180,,
νεότερο,6887,General,180,,
ο ορόφος,6888,General,180,,
ειπωθεί,6889,General,180,,
η πρωινά,6890,General,180,,
η έκπληκτη,6891,General,180,,
ακραίος,6892,General,180,,
σβήνω / έσβησα,6893,General,180,,
μάταιο,6894,General,180,,
όμορφοις,6896,General,180,,
ο μάρτυς,6897,General,180,,
το χωλ,6898,General,180,,
το σκόρδο,6899,General,180,,
πνιγεί,6901,General,180,,
τρώγω / έφαγα,6902,General,180,,
το ρούχο,6903,General,180,,
σοφή,6904,General,180,,
το φαγητο,6905,General,180,,
το στάνφορντ,6906,General,180,,
γλιτώσω / γλίτωσα,6907,General,180,,
η κλωστή,6908,General,180,,
στέρλινγκ,6909,General,180,,
ξεχαστεί,6911,General,180,,
οκέι,6912,General,181,,
μοντγκόμερι,6913,General,181,,
οι προβλέψεις,6915,General,181,,
το μείγμα,6916,General,181,,
αφαιρεθεί,6917,General,181,,
αναζητώ / αναζήτησα,6918,General,181,,
οντως,6919,General,181,,
σίντυ,6921,General,181,,
αντιπλοίαρχε,6922,General,181,,
πραγματοποιώ / πραγματοποίησα,6923,General,181,,
κρατηθώ / κρατηθούσα,6924,General,181,,
το σημειωματάριο,6925,General,181,,
το λαχείο,6926,General,181,,
λίλα,6929,General,181,,
μπράις,6931,General,181,,
μέγιστος,6932,General,181,,
το κάσιντι,6933,General,181,,
μπλέκεις,6934,General,181,,
ο βόμβας,6935,General,181,,
η πυροσβέστη,6936,General,181,,
ο άνεργος,6937,General,181,,
πρός,6938,General,181,,
το πατώμα,6940,General,181,,
ακούγομαι / ακούσθηκα,6941,General,181,,
το τρόπαιο,6942,General,181,,
η ταλαντούχα,6943,General,181,,
αμοιβαίος,6944,General,181,,
σκούρο,6945,General,181,,
το μπαούλο,6947,General,181,,
το νήμα,6948,General,181,,
διαβεβαιώσω / διαβεβάιωσα,6949,General,182,,
κουνηθώ / κουνηθούσα,6951,General,182,,
το καθρέφτηςς,6953,General,182,,
ο συμβιβασμός,6954,General,182,,
πάψεις,6955,General,182,,
ο πλωτάρχης,6956,General,182,,
γιγάντιος,6957,General,182,,
ο πρύτανης,6958,General,182,,
το χρονοδιάγραμμα,6959,General,182,,
ανεβάζω / ανέβασα,6961,General,182,,
αθάνατος,6962,General,182,,
θανάσιμος,6963,General,182,,
η χρέωση,6964,General,182,,
αξιόπιστοςς,6966,General,182,,
η φυλάκιση,6968,General,182,,
συνήγορε,6969,General,182,,
σέι,6970,General,182,,
αποτρέπω / απέτρεψα,6971,General,182,,
η αλλεργία,6972,General,182,,
οι οργανώσεις,6974,General,182,,
κυριακός,6975,General,182,,
το σίμπσον,6976,General,182,,
μπιλιάρδο,6977,General,182,,
μικροσκοπικός,6978,General,182,,
η θησαυρού,6979,General,182,,
καθυστερείςς,6980,General,182,,
περιττό,6981,General,182,,
η ημερα,6983,General,182,,
το λίτρο,6984,General,182,,
το κέρασμα,6985,General,182,,
αναψυκτικός,6986,General,183,,
τυχερός,6987,General,183,,
νίξον,6990,General,183,,
το ραφαέλ,6991,General,183,,
αντουάν,6992,General,183,,
ζι,6993,General,183,,
μή,6994,General,183,,
κοπανώ / κοπάνησα,6995,General,183,,
μάριαν,6996,General,183,,
ταλαντούχος,6997,General,183,,
παγκοσμίως,6999,General,183,,
χάρμπορ,7001,General,183,,
τριγυρνάω / τριγύρισα,7002,General,183,,
τίποτ,7003,General,183,,
τηλεοπτικός,7004,General,183,,
η πελάτισσα,7005,General,183,,
ο αστυφύλακας,7006,General,183,,
η χημειοθεραπεία,7007,General,183,,
ξεκόλλα,7008,General,183,,
μπόρις,7009,General,183,,
η θέρμανση,7010,General,183,,
η γράμματά,7011,General,183,,
κλισέ,7014,General,183,,
φανταχτερός,7017,General,183,,
περιγράφω / περιέγραψα,7018,General,183,,
ράιτ,7019,General,183,,
το παρτενέρς,7021,General,183,,
προδώσω / πρόδωσα,7022,General,183,,
συγκάτοικός,7023,General,183,,
αύτό,7024,General,183,,
τών,7025,General,184,,
το γιουτζίν,7026,General,184,,
η αλλεργική,7027,General,184,,
μάρτος,7028,General,184,,
το παράθυρό,7029,General,184,,
το αριστούργημα,7030,General,184,,
ντρέπομαι / ντράπηκα,7031,General,184,,
παρκάρω / πάρκαρα,7032,General,184,,
το μαγείρεμα,7033,General,184,,
τσάρλς,7034,General,184,,
η απόκρια,7035,General,184,,
αγνοώ / αγνόησα,7036,General,184,,
βαθύτερα,7037,General,184,,
κλάρενς,7038,General,184,,
σύνθια,7040,General,184,,
το καρκίνου,7041,General,184,,
ντάντε,7042,General,184,,
ο ρούχων,7043,General,184,,
το ποτάκι,7044,General,184,,
παρεξηγέας,7045,General,184,,
το διάγραμμα,7046,General,184,,
μοιραίος,7047,General,184,,
η κόμισσα,7048,General,184,,
τρανς,7049,General,184,,
η αντοχή,7051,General,184,,
ξεριζώσω / ξερίζωσα,7052,General,184,,
το έθιμο,7053,General,184,,
ξεσπάζω / ξέσπασα,7054,General,184,,
μάλκομ,7055,General,184,,
το γονίδιο,7056,General,184,,
ανοικτά,7057,General,185,,
πολλαπύς,7058,General,185,,
ο γονέος,7059,General,185,,
αφρικός,7060,General,185,,
ο συστατικός,7061,General,185,,
το νυστέρι,7062,General,185,,
γυμνέςς,7064,General,185,,
η νάρκη,7065,General,185,,
σάν,7068,General,185,,
το φινάλε,7070,General,185,,
ο αρχιτέκτονας,7072,General,185,,
τρελαίνεσαι,7074,General,185,,
σίρλεϊ,7076,General,185,,
λάρα,7077,General,185,,
ο αγγελιοφόρος,7078,General,185,,
ξεχωρίζω / ξεχώρισα,7079,General,185,,
το γείτονές,7080,General,185,,
τα τούβλα,7082,General,185,,
το σχημα,7084,General,185,,
έφταιγος,7085,General,185,,
το κουνέλιο,7088,General,185,,
ο συνήγορος,7090,General,185,,
κλέιτον,7091,General,185,,
οι σύζυγοι,7093,General,185,,
γαμήσι,7094,General,185,,
το ανώνυμο,7095,General,185,,
ο τυφώνας,7097,General,185,,
το χίλαρι,7098,General,185,,
σεργκέι,7099,General,185,,
διαλύω / διέλυσα,7100,General,185,,
ο ερασιτέχνας,7101,General,186,,
ο σύμμαχος,7102,General,186,,
τολμώ / τόλμησα,7103,General,186,,
ανατινάξω / ανατίναξα,7104,General,186,,
το βρακί,7106,General,186,,
βελτιώνω / βελτίωσα,7109,General,186,,
κάρλτον,7110,General,186,,
λίλιαν,7112,General,186,,
η τέσα,7113,General,186,,
το πηγούνι,7115,General,186,,
σικ,7116,General,186,,
το ρόλαντ,7117,General,186,,
το μονοπάτιο,7119,General,186,,
τα πανιά,7120,General,186,,
το ρόσι,7121,General,186,,
το κένταλς,7123,General,186,,
τακτικά,7124,General,186,,
ο φονιάδης,7125,General,186,,
ο στρατιωτής,7126,General,186,,
ο βιαστής,7127,General,186,,
δέσει / έδεσε,7128,General,186,,
τζόντι,7129,General,186,,
εχτές,7130,General,186,,
ο τραυματισμός,7131,General,186,,
το πάρτον,7133,General,186,,
ετήσιος,7134,General,186,,
επικεντρώνω / επικέντρωσα,7135,General,186,,
αλά,7136,General,186,,
η καληνυχτα,7137,General,186,,
δράσω / έδρασα,7138,General,186,,
γενετικά,7139,General,187,,
η ξημερώματα,7140,General,187,,
η τυχη,7141,General,187,,
ο πουλιών,7144,General,187,,
σημαντικοί,7145,General,187,,
το σκουλαρίκι,7147,General,187,,
έλεγξες,7148,General,187,,
η μερίδα,7149,General,187,,
η ηρωίδα,7150,General,187,,
πανέξυπνος,7152,General,187,,
σεούλ,7153,General,187,,
το τάμι,7154,General,187,,
βρωμερός,7155,General,187,,
φρόνιμα,7157,General,187,,
το γκολντ,7158,General,187,,
η δωροδοκία,7159,General,187,,
η εφεύρεση,7160,General,187,,
ο κομμουνιστής,7161,General,187,,
η μητρια,7162,General,187,,
ο γάτας,7163,General,187,,
το γκρέγκορι,7164,General,187,,
δημοφιλέςς,7165,General,187,,
το σάιτ,7166,General,187,,
χειροτερέψει / χειροτέρεψε,7167,General,187,,
βαταρ,7169,General,187,,
επαναφέρω / επανέφερα,7170,General,187,,
η πριγκήπισσα,7172,General,187,,
το εφόδιο,7173,General,187,,
το κατάγμα,7174,General,187,,
αρχάς,7175,General,187,,
η παναγιά,7176,General,188,,
το υπολοχαγό,7178,General,188,,
η πνεύμονα,7180,General,188,,
πολεμάω / πολέμησα,7183,General,188,,
το μπρεντ,7184,General,188,,
η επιπλοκή,7185,General,188,,
τρέι,7186,General,188,,
ποντάρω / πόνταρα,7187,General,188,,
επιλέγω / επέλεξα,7188,General,188,,
απλως,7189,General,188,,
ντίσκο,7190,General,188,,
μπανκς,7191,General,188,,
μίλτος,7192,General,188,,
βιολογικός,7193,General,188,,
η επίβλεψη,7195,General,188,,
το αμα,7196,General,188,,
εκπέμπω / εξέπεμψα,7198,General,188,,
οι ψευδαισθήσεις,7199,General,188,,
το γκονγκ,7200,General,188,,
ντίλον,7201,General,188,,
η επιγραφή,7203,General,188,,
το ντου,7204,General,188,,
αφαιρώ / αφαίρεσα,7205,General,188,,
σφιχτός,7207,General,188,,
γλυτώνω / γλύτωσα,7208,General,188,,
το φυστικοβούτυρο,7209,General,188,,
ο βάτραχος,7210,General,188,,
παραδεχτεί,7212,General,188,,
αντιβιοτικός,7213,General,188,,
η μεση,7214,General,188,,
το τερκ,7215,General,189,,
ο φρύδιος,7216,General,189,,
το δάγκωμα,7217,General,189,,
ποτάμιος,7218,General,189,,
ταβέρνα,7219,General,189,,
κυλάω / κύλησα,7221,General,189,,
ο καλωδιακός,7222,General,189,,
η εφηβεία,7223,General,189,,
το καναπέςς,7224,General,189,,
το νάιτζελ,7225,General,189,,
στάρμπακ,7226,General,189,,
τζαμάλ,7227,General,189,,
προκαλέσω / προκάλεσα,7228,General,189,,
κλειδώσω / κλείδωσα,7229,General,189,,
η κοιτώνα,7231,General,189,,
το λόρελ,7233,General,189,,
το μιλίο,7234,General,189,,
ο προβλήματος,7235,General,189,,
ατζέντη,7236,General,189,,
εμφανιστώ / εμφανιστούσα,7237,General,189,,
ο λαγός,7239,General,189,,
το γιοτ,7240,General,189,,
ντύνεσαι,7241,General,189,,
η τζοάνα,7242,General,189,,
ουλντ,7243,General,189,,
ντόμινικ,7244,General,189,,
το ζώου,7245,General,189,,
αναγκαστώ / αναγκαστούσα,7246,General,189,,
το ντζι,7247,General,189,,
γυμνοί,7248,General,189,,
ο τας,7249,General,190,,
προφήτης,7250,General,190,,
τρίτος,7251,General,190,,
η σύνθεση,7252,General,190,,
το ντόροθι,7253,General,190,,
πάσχω / έπαθα,7254,General,190,,
η εστία,7255,General,190,,
ζαχαρωτά,7256,General,190,,
ο ψυχοπαθής,7258,General,190,,
το τηλεφωνητήςς,7259,General,190,,
το οίκον,7260,General,190,,
το βιβλιοπωλείο,7262,General,190,,
το αίτιο,7263,General,190,,
η σύλληψή,7264,General,190,,
τάε,7265,General,190,,
συστηθώ / συστηθούσα,7266,General,190,,
ανακρίνω / ανάκρινα,7268,General,190,,
το διαβατήριό,7270,General,190,,
γυμνάς,7271,General,190,,
γυρίσω / γύρισα,7272,General,190,,
ο μπαμπας,7273,General,190,,
ισχυροί,7274,General,190,,
νταξ,7275,General,190,,
μά,7276,General,190,,
το κρύσταλλο,7277,General,190,,
η τορπίλα,7279,General,190,,
αγενέςς,7280,General,190,,
το πέπλο,7282,General,190,,
κρίκετς,7283,General,190,,
το κλάιβ,7284,General,190,,
ο χριστιανός,7285,General,191,,
το πιπ,7286,General,191,,
μέλλοντος,7289,General,191,,
το οπλοστάσιο,7290,General,191,,
ο υποτιτλος,7291,General,191,,
η οδοντόβουρτσα,7292,General,191,,
συγκρίνω / σύγκρινα,7294,General,191,,
ο κακοποιός,7296,General,191,,
το αρνί,7297,General,191,,
λφρεντ,7298,General,191,,
ο αιδεσιμότατος,7299,General,191,,
το σέλμπι,7300,General,191,,
στάνταρ,7301,General,191,,
το παρτυ,7302,General,191,,
ιντερπόλ,7305,General,191,,
το τρομοκράτος,7306,General,191,,
φθάνω / έφθασα,7309,General,191,,
τέιτ,7310,General,191,,
χαθείς,7313,General,191,,
τελεια,7314,General,191,,
ο χορτοφάγος,7315,General,191,,
το σαμπουάν,7317,General,191,,
ιωάννη,7318,General,191,,
θυμώσω / θύμωσα,7320,General,191,,
το ποδιούς,7321,General,191,,
κουραστικός,7322,General,191,,
πλαστικά,7323,General,191,,
έσω / ήσα,7324,General,191,,
συγκεντρωμένος,7326,General,191,,
το μουλάρι,7327,General,191,,
σοβαρα,7329,General,192,,
ο αιχμαλώτος,7330,General,192,,
δεδομένης,7332,General,192,,
το ξαδέρφιο,7333,General,192,,
ατυχής,7334,General,192,,
αναφερθεί,7336,General,192,,
νεότερος,7337,General,192,,
το άσλεϊ,7338,General,192,,
βασιστώ / βασιστούσα,7339,General,192,,
η νατάσα,7342,General,192,,
το τούβοκ,7343,General,192,,
πολυάσχολος,7344,General,192,,
η εγρήγορση,7345,General,192,,
το θεμέλιο,7346,General,192,,
το καφέδεςς,7349,General,192,,
μιαν,7350,General,192,,
περι,7351,General,192,,
το τουσ,7353,General,192,,
μπρουκς,7354,General,192,,
τζερόμ,7355,General,192,,
η αύρα,7356,General,192,,
τζένσεν,7357,General,192,,
ο συμμαθητής,7359,General,192,,
το τούβλο,7360,General,192,,
άνι,7362,General,192,,
δυσκολος,7364,General,192,,
το οηε,7365,General,192,,
πιλότοι,7366,General,192,,
η σίλβια,7367,General,192,,
η κωλαράκις,7369,General,192,,
φλερτάρεις,7370,General,193,,
αύγουστος,7371,General,193,,
το κογιότ,7372,General,193,,
σκέτος,7373,General,193,,
το νηπιαγωγείο,7374,General,193,,
καρφώσω / κάρφωσα,7378,General,193,,
το εξπρέςς,7379,General,193,,
φόρεσα,7381,General,193,,
η στεροειδή,7382,General,193,,
το μέρντοκ,7383,General,193,,
το ακίνητο,7384,General,193,,
η επιστήμονα,7385,General,193,,
ηλεκτροσόκς,7389,General,193,,
ο ιταλός,7390,General,193,,
ο δορυφόρος,7391,General,193,,
το τζεντ,7392,General,193,,
το μάμα,7393,General,193,,
προβληματίζω / προβλημάτισα,7394,General,193,,
το σλεϊ,7395,General,193,,
το γραμμάριο,7396,General,193,,
ο σκύλων,7397,General,193,,
οι τρέμεις,7398,General,193,,
η αμύνη,7399,General,193,,
εξαπλωθεί,7400,General,193,,
η γρατζουνιά,7402,General,193,,
το ντουλαπάκι,7403,General,193,,
το λανγκ,7404,General,193,,
τα πελάτισσά,7406,General,193,,
το παπάριο,7407,General,193,,
το μαραφέτι,7408,General,193,,
ενίοτε,7410,General,194,,
το έμα,7411,General,194,,
ξοδέψω / ξόδεψα,7412,General,194,,
υποψήφια,7413,General,194,,
σταλώ / στάλαξα,7414,General,194,,
η ψείρα,7415,General,194,,
το ακροατήριο,7416,General,194,,
όριά,7418,General,194,,
ξανθά,7419,General,194,,
η χωρα,7420,General,194,,
εβραία,7421,General,194,,
αϊ,7422,General,194,,
γκαλάκτικα,7423,General,194,,
η παλάμη,7425,General,194,,
διπλάσιας,7426,General,194,,
ανήσυχη,7427,General,194,,
ο μοναχός,7428,General,194,,
το κατατρόμαξε,7429,General,194,,
αλαν,7430,General,194,,
η σοδειά,7431,General,194,,
η χερία,7432,General,194,,
ιούνιο,7433,General,194,,
ο εγωισμός,7434,General,194,,
ο ανταλλακτικός,7435,General,194,,
η ντροπαλή,7436,General,194,,
το ήμισυ,7437,General,194,,
η κεραία,7438,General,194,,
κομπ,7439,General,194,,
ιούς,7440,General,194,,
το σαρλότ,7441,General,194,,
ο βανίλιος,7442,General,195,,
το κρασιό,7443,General,195,,
εντωμεταξύ,7444,General,195,,
δολοφονηθεί,7445,General,195,,
ο ναύτης,7446,General,195,,
παλιό,7448,General,195,,
χυθεί,7449,General,195,,
σκάνω / έσκασα,7450,General,195,,
το κομματάκι,7452,General,195,,
εξαπλώνω / εξάπλωσα,7453,General,195,,
ο παπουτσιών,7454,General,195,,
τζοάς,7455,General,195,,
τα χάννα,7456,General,195,,
η φόνισσα,7457,General,195,,
αρρωστώ / αρρώστησα,7460,General,195,,
ορκίζω / όρκισα,7461,General,195,,
όρεγκον,7462,General,195,,
ο χερ,7463,General,195,,
στάντον,7464,General,195,,
ο συμμάχος,7465,General,195,,
νώε,7466,General,195,,
εγγυηθώ / εγγυηθούσα,7468,General,195,,
απόρρητη,7469,General,195,,
τα όρμα,7470,General,195,,
προσθέτω / προσέθεσα,7473,General,195,,
η ράφια,7474,General,195,,
ο έλληνας,7475,General,195,,
γουόρνηρ,7476,General,195,,
ο γαλάζιος,7477,General,195,,
η μαγαζιού,7478,General,195,,
αρπάξω / άρπαξα,7480,General,196,,
αόρατη,7482,General,196,,
το πιρούνι,7483,General,196,,
το κυνηγό,7484,General,196,,
η κάψουλα,7487,General,196,,
κλασσικός,7489,General,196,,
ζηλιάρης,7490,General,196,,
το ξυράφι,7491,General,196,,
εξομολογηθώ / εξομολογηθούσα,7492,General,196,,
το κλαίς,7493,General,196,,
η ενήλικη,7494,General,196,,
τσακώνω / τσάκωσα,7495,General,196,,
ανάρμοστος,7496,General,196,,
ξερος,7497,General,196,,
φερ,7498,General,196,,
το πιόνι,7499,General,196,,
γκρέτα,7500,General,196,,
μισος,7501,General,196,,
ότο,7502,General,196,,
το ντάν,7503,General,196,,
ο ρολός,7504,General,196,,
η μπαμπάδα,7505,General,196,,
εγκαταλελειμμένος,7506,General,196,,
ο κοντέινερ,7507,General,196,,
η μπουγάδα,7508,General,196,,
η ιδιοκτήτρια,7510,General,196,,
ζωγραφίσω,7511,General,196,,
επιτυχημένος,7513,General,196,,
το ελάττωμα,7514,General,196,,
τα σχοινιά,7515,General,196,,
ντουέιν,7516,General,197,,
αργείς,7517,General,197,,
περασμένα,7518,General,197,,
χακ,7519,General,197,,
θάνατον,7520,General,197,,
το μαργαριτάρι,7522,General,197,,
φούλερ,7523,General,197,,
αισιόδοξος,7525,General,197,,
πληγωθείς,7526,General,197,,
φουλ,7527,General,197,,
ο πέρας,7528,General,197,,
η υιού,7530,General,197,,
το εχασε,7534,General,197,,
έπαθλο,7535,General,197,,
η στελέχη,7536,General,197,,
μέντα,7537,General,197,,
απόδειξής,7538,General,197,,
τραγουδήσω / τραγούδησα,7539,General,197,,
ο σάιλας,7540,General,197,,
ξάδελφος,7541,General,197,,
ενεργώ / ενέργησα,7542,General,197,,
η πεθερά,7543,General,197,,
συνδέσω / σύνδεσα,7544,General,197,,
φθηνό,7545,General,197,,
το φλερτ,7546,General,197,,
οι πιτζάμες,7547,General,197,,
πιθανών,7549,General,197,,
ο αναπληρωτής,7550,General,197,,
ενω,7551,General,197,,
ο φόνων,7552,General,197,,
το μπέρμπον,7553,General,198,,
το άντζι,7554,General,198,,
η λωρίδα,7555,General,198,,
βιαστώ / βιαστούσα,7556,General,198,,
ο επίσκοπος,7557,General,198,,
το ξημέρωμα,7559,General,198,,
το προσευχηθώς,7560,General,198,,
ευάλωτος,7563,General,198,,
το έρανο,7564,General,198,,
μπερδεύω / μπέρδεψα,7565,General,198,,
ντρες,7566,General,198,,
η κίτρινα,7567,General,198,,
κουπόνια,7569,General,198,,
το τσου,7570,General,198,,
καυτάς,7573,General,198,,
τσακίσω / τσάκισα,7574,General,198,,
βοηθοί,7575,General,198,,
κορυφαίος,7576,General,198,,
το πόνι,7578,General,198,,
δικος,7579,General,198,,
τα καρότα,7580,General,198,,
φρέσκιος,7582,General,198,,
κολλήσω / κόλλησα,7583,General,198,,
χουκ,7584,General,198,,
ντίκι,7585,General,198,,
αποδεκτός,7586,General,198,,
το σπίρτο,7588,General,198,,
αιχμάλωτος,7589,General,198,,
η μύτα,7590,General,198,,
έπινος,7591,General,198,,
η αίρεση,7592,General,199,,
ζωγραφίζω / ζωγράφισα,7594,General,199,,
η χαρη,7595,General,199,,
το κέρατο,7596,General,199,,
το χαμόγελό,7597,General,199,,
αναπτύσσω / ανάπτυξα,7598,General,199,,
ανάγκασες,7599,General,199,,
γκριμ,7602,General,199,,
το μπουφέ,7603,General,199,,
η σιωπηλή,7604,General,199,,
ντύνομαι / ντύθηκα,7605,General,199,,
αδειάσω / άδειασα,7606,General,199,,
η θόλος,7608,General,199,,
το επίδομα,7610,General,199,,
η ζακέτα,7611,General,199,,
το παϊδάκι,7612,General,199,,
η μηνύματά,7614,General,199,,
απομακρυνθεί,7615,General,199,,
τζέησον,7616,General,199,,
το κουπί,7617,General,199,,
φτος,7618,General,199,,
η ανάρρωση,7619,General,199,,
εφεδρικός,7620,General,199,,
σταδιακά,7621,General,199,,
η ενάμιση,7622,General,199,,
το χέρμπερτ,7623,General,199,,
προλαβαίνω / πρόλαβα,7624,General,199,,
το ντύσιμο,7625,General,199,,
νικολάι,7626,General,199,,
θεάτρος,7628,General,199,,
ανακοινώνω / ανακοίνωσα,7630,General,200,,
οι αναλύσεις,7631,General,200,,
το κοράκι,7632,General,200,,
το τρυπάνι,7633,General,200,,
χομπς,7634,General,200,,
αποδειχτεί,7635,General,200,,
φίλησέ,7636,General,200,,
ουπς,7637,General,200,,
η νυχτερίδα,7638,General,200,,
η κρέα,7639,General,200,,
τα κλαδιά,7640,General,200,,
κουβεντιάσω / κουβέντιασα,7641,General,200,,
ο κύρος,7642,General,200,,
ομορφος,7644,General,200,,
η στάδια,7645,General,200,,
κάρβουνο,7646,General,200,,
το λαζάνι,7647,General,200,,
πονώ / πόνεσα,7648,General,200,,
άλλά,7649,General,200,,
το απόβλητο,7650,General,200,,
οι τίγρεις,7651,General,200,,
το τζέθρο,7652,General,200,,
το λαγουδάκι,7653,General,200,,
τζόσεφ,7654,General,200,,
ελισάβετ,7656,General,200,,
παραδοθώ / παραδοθούσα,7657,General,200,,
η κολομβία,7658,General,200,,
συνοδέψω / συνόδεψα,7659,General,200,,
το τεταρτημόριο,7662,General,200,,
το καφες,7663,General,200,,
ραλ,7665,General,201,,
ορκίσου,7667,General,201,,
το κακούργημα,7668,General,201,,
οι αποκαλύψεις,7670,General,201,,
δολοφόνησες,7671,General,201,,
το μπουρδέλο,7672,General,201,,
μαύρης,7673,General,201,,
το σύμπτωμα,7674,General,201,,
γλύκας,7676,General,201,,
τρούντι,7677,General,201,,
το τηλεσκόπιο,7678,General,201,,
το γκρέισι,7679,General,201,,
άριστος,7680,General,201,,
έκο,7681,General,201,,
ζωτικά,7682,General,201,,
ζωτικός,7683,General,201,,
γκάρντνερ,7684,General,201,,
το αγοράκι,7686,General,201,,
τα άχυρα,7687,General,201,,
η χήνα,7688,General,201,,
υψηλότερο,7690,General,201,,
ο γουέμπερ,7691,General,201,,
το ντουζ,7692,General,201,,
το σπατάλος,7693,General,201,,
το λούκ,7694,General,201,,
ανεβάσω / ανέβασα,7695,General,201,,
διδακτορικός,7696,General,201,,
το ρο,7697,General,201,,
μπάρ,7698,General,201,,
το κουάρκ,7699,General,201,,
ο δεκανέας,7701,General,202,,
η ρώγα,7703,General,202,,
το έμβρυο,7704,General,202,,
το γιατρε,7706,General,202,,
το κρύωμα,7707,General,202,,
μάζεψέ,7709,General,202,,
ενημερωθεί,7710,General,202,,
η προκλήση,7711,General,202,,
σωστος,7713,General,202,,
ο ελέφαντας,7714,General,202,,
νικάω / νίκησα,7716,General,202,,
ο δισκοπότηρος,7717,General,202,,
η διδασκαλία,7718,General,202,,
το αποχαιρετιστήριο,7719,General,202,,
ο ασύρματος,7720,General,202,,
το στίγμα,7721,General,202,,
το σμήνος,7722,General,202,,
θύμισές,7723,General,202,,
ο εναντίων,7724,General,202,,
το λεόν,7725,General,202,,
ο πωλήσεων,7726,General,202,,
ντρεα,7727,General,202,,
το παιχνιδι,7728,General,202,,
στεγνός,7729,General,202,,
βιολογία,7730,General,202,,
το ρχο,7731,General,202,,
μάιλο,7732,General,202,,
η πολυθρόνα,7733,General,202,,
εκτελεστεί,7734,General,202,,
το αιμα,7735,General,202,,
απίθανοςς,7737,General,203,,
αγνώστος,7738,General,203,,
ουαωυ,7739,General,203,,
η σχεση,7740,General,203,,
το γέρους,7742,General,203,,
καρδιακός,7743,General,203,,
η διατήρηση,7744,General,203,,
παρακολούθας,7745,General,203,,
αρρωσταίνω / αρρώστησα,7746,General,203,,
ο επίτροπος,7747,General,203,,
ο μπάτσελορ,7748,General,203,,
μεταξυ,7751,General,203,,
το ξυπνητήρι,7753,General,203,,
πρόγονός,7754,General,203,,
τέτοιονς,7755,General,203,,
παλμ,7756,General,203,,
ορκίζεσαι,7757,General,203,,
η χούλια,7758,General,203,,
ενθουσιάζω / ενθουσίασα,7759,General,203,,
ο διευθύνος,7760,General,203,,
αρθουρς,7761,General,203,,
όστιν,7762,General,203,,
οι σκαρώνεις,7763,General,203,,
φησος,7764,General,203,,
το άλεν,7765,General,203,,
ανακατεύομαι / ανακατεύθηκα,7766,General,203,,
η σπασίκλα,7767,General,203,,
νάνος,7768,General,203,,
το τροποςς,7769,General,203,,
η φράουλα,7770,General,203,,
μπρέιντι,7771,General,204,,
ο εκπαιδευτής,7772,General,204,,
ο εκδικητής,7774,General,204,,
γυναικεία,7775,General,204,,
κύστος,7777,General,204,,
απελπισμένα,7778,General,204,,
τζεμ,7779,General,204,,
ενεργή,7780,General,204,,
το κολατσιό,7781,General,204,,
εσώρουχά,7782,General,204,,
τζόσι,7784,General,204,,
κωμικός,7785,General,204,,
το κώλους,7786,General,204,,
το μπαρούτι,7787,General,204,,
αναμένω / ανέμεινα,7788,General,204,,
πίτι,7789,General,204,,
η γαλλίδα,7791,General,204,,
ο μεγαλειότητάς,7792,General,204,,
το όγκι,7794,General,204,,
η σέλα,7796,General,204,,
το μπερνάρντ,7797,General,204,,
εκλεκτός,7798,General,204,,
η παντόφλα,7799,General,204,,
η δείκτη,7800,General,204,,
λιώνω / έλιωσα,7801,General,204,,
ταπεινός,7803,General,204,,
το βαποράκι,7804,General,204,,
το κορν,7805,General,204,,
το αλόγο,7806,General,204,,
μυστηριώδες,7807,General,204,,
το νελ,7808,General,205,,
αθόρυβας,7809,General,205,,
ταΐσω / τάισα,7811,General,205,,
τα χρονικά,7812,General,205,,
το μάρκς,7813,General,205,,
μειωθεί,7814,General,205,,
αξιοπρεπής,7815,General,205,,
η ντομάτα,7816,General,205,,
το σταφύλιο,7817,General,205,,
ο μαέστρος,7818,General,205,,
η υορκη,7820,General,205,,
βοδινός,7821,General,205,,
έξαλλη,7822,General,205,,
κλαπεί,7823,General,205,,
η αποβολή,7825,General,205,,
μπερντ,7826,General,205,,
η ανύπαντρη,7828,General,205,,
πνίγομαι / πνίγηκα,7829,General,205,,
το γουρουνάκι,7830,General,205,,
η ταλαιπωρία,7831,General,205,,
καναδυό,7832,General,205,,
εκπροσωπώ / εκπροσώπησα,7833,General,205,,
κουβαλώ / κουβάλησα,7835,General,205,,
το άρμα,7837,General,205,,
δικάζω / δίκασα,7838,General,205,,
η άγκυρα,7839,General,205,,
το χαβιάρι,7840,General,205,,
ο λόχος,7841,General,205,,
η κάβα,7842,General,205,,
το έντουαρντς,7844,General,205,,
το μετάξι,7845,General,206,,
οι αρχηγοί,7847,General,206,,
γαμάτοςς,7850,General,206,,
πατάω / πάτησα,7851,General,206,,
η αναισθησία,7852,General,206,,
το παλιόπαιδο,7853,General,206,,
η υποβρύχια,7854,General,206,,
ο βυθός,7856,General,206,,
ντίκονς,7857,General,206,,
παγιδευτεί,7858,General,206,,
το δίδακτρο,7860,General,206,,
γαμώτη,7861,General,206,,
ο σπασίκλας,7862,General,206,,
πικνίκ,7865,General,206,,
γραπτάς,7866,General,206,,
φίνα,7867,General,206,,
φιλάω / φίλησα,7868,General,206,,
το ιπτάμενο,7869,General,206,,
το ντόσον,7870,General,206,,
ακυρώνω / ακύρωσα,7873,General,206,,
πιθανότερο,7874,General,206,,
το τμημα,7876,General,206,,
άαρος,7877,General,206,,
το κόλλημα,7878,General,206,,
σιγουρευτείς,7879,General,206,,
το ραντεβου,7880,General,206,,
δύσκολοι,7881,General,206,,
ο καθρέφτης,7882,General,206,,
βγές,7884,General,206,,
αργεντινή,7885,General,206,,
εξέτασα,7886,General,207,,
ο κρύος,7887,General,207,,
ανήθικο,7888,General,207,,
η προώθηση,7889,General,207,,
το τύμπανο,7890,General,207,,
νταβατζής,7893,General,207,,
η σταχτοπούτα,7894,General,207,,
αστειος,7896,General,207,,
ώριμος,7897,General,207,,
αποσυρθώ / αποσυρθούσα,7898,General,207,,
η μπάρα,7899,General,207,,
η αφορμή,7900,General,207,,
καρέβ,7901,General,207,,
το καρναβάλι,7902,General,207,,
τίθεται / τίθετο,7903,General,207,,
η θαυμάστρια,7904,General,207,,
το μόριο,7905,General,207,,
σπρώχνω / έσπρωξα,7907,General,207,,
άξιο,7908,General,207,,
ασφαλέστερο,7909,General,207,,
το γούρι,7910,General,207,,
χαζούλης,7911,General,207,,
παρακολουθήσω / παρακολούθησα,7912,General,207,,
γερο,7913,General,207,,
σοφέρς,7916,General,207,,
το μπουντρούμι,7917,General,207,,
νοσοκόμος,7920,General,207,,
φερθώ / φερθούσα,7921,General,207,,
κοξ,7922,General,207,,
φτιαγμένος,7923,General,207,,
σάπιος,7924,General,208,,
η αναλογία,7925,General,208,,
άτυχος,7926,General,208,,
μακρύςς,7927,General,208,,
το κέητ,7928,General,208,,
ο ηρωίνης,7929,General,208,,
συνδεθεί,7931,General,208,,
το λώρενς,7932,General,208,,
η μικροκυμά,7933,General,208,,
το ντικς,7934,General,208,,
ο μηνας,7935,General,208,,
ακτοφυλακός,7936,General,208,,
η κατσαρόλα,7938,General,208,,
το βακτήριο,7940,General,208,,
το τέντ,7941,General,208,,
άρτι,7942,General,208,,
το πρωϊνό,7943,General,208,,
το παλούκι,7944,General,208,,
το μαστίγιο,7946,General,208,,
η τραγουδιού,7947,General,208,,
η λάμα,7948,General,208,,
ο όμερ,7949,General,208,,
η αφαίρεση,7951,General,208,,
ξένε,7952,General,208,,
το αναπνοέ,7955,General,208,,
το κυκλώμα,7956,General,208,,
το τσιν,7957,General,208,,
εμπνέω / ενέπνευσα,7958,General,208,,
αλίμονο,7959,General,208,,
το χειρόγραφο,7960,General,208,,
οι δωρεές,7962,General,209,,
στενοχωριέσαι,7964,General,209,,
η ανελκυστήρα,7965,General,209,,
ο πρόσφυγας,7966,General,209,,
το σωθικό,7967,General,209,,
ο εξετάσεων,7968,General,209,,
ανταποδώσω / ανταπέδωσα,7970,General,209,,
το λουτρό,7973,General,209,,
ο δάσκαλός,7974,General,209,,
βέβαιοι,7975,General,209,,
τυρ,7976,General,209,,
ιουλιέτα,7977,General,209,,
το κάρολαϊν,7978,General,209,,
φταίμε,7979,General,209,,
γα,7980,General,209,,
πούστης,7981,General,209,,
ο επιδέσμος,7982,General,209,,
το νύχι,7983,General,209,,
φίλιξς,7984,General,209,,
το καμαρίνι,7985,General,209,,
φάουλερ,7986,General,209,,
έκτωρ,7987,General,209,,
γουίλερ,7988,General,209,,
το κολεγίο,7989,General,209,,
η αρχη,7990,General,209,,
το κουέντινς,7992,General,209,,
κορδόνι,7993,General,209,,
το επίθετό,7994,General,209,,
ο λάος,7995,General,209,,
ρόντα,7996,General,209,,
ντυθεί,7997,General,210,,
η κατσαρίδα,7998,General,210,,
το κίρστενς,7999,General,210,,
η πνευμονία,8000,General,210,,
το πορτρέτο,8001,General,210,,
ο χασάπης,8002,General,210,,
το αστράγαλο,8003,General,210,,
οι πύραυλοι,8004,General,210,,
το σποκ,8005,General,210,,
ο αλογος,8006,General,210,,
υψίστης,8007,General,210,,
ότις,8008,General,210,,
το τρακς,8009,General,210,,
κλίβλαντ,8010,General,210,,
άπό,8011,General,210,,
το αναμορφωτήριο,8012,General,210,,
λεμ,8014,General,210,,
ομορφότερη,8015,General,210,,
η οφέλη,8017,General,210,,
ο μάστερ,8018,General,210,,
ευθύς,8019,General,210,,
η παρεκκλήσις,8021,General,210,,
οι πατημασιές,8022,General,210,,
η καλοκαιριού,8023,General,210,,
πυροβολικός,8024,General,210,,
φερθεί,8025,General,210,,
ο πίθηκος,8027,General,210,,
ινδικός,8028,General,210,,
υπόψιν,8030,General,210,,
η φάλαγγα,8031,General,210,,
η πεισματάρα,8032,General,211,,
μιλ,8034,General,211,,
το γερανό,8035,General,211,,
γκρίζα,8036,General,211,,
γιανς,8038,General,211,,
πόιντ,8039,General,211,,
οι γάμοι,8040,General,211,,
οργανώσω / οργάνωσα,8041,General,211,,
ίσοι,8042,General,211,,
η αγορία,8043,General,211,,
οι εκφράσεις,8044,General,211,,
τρελλή,8046,General,211,,
οι χορδές,8047,General,211,,
ο αέρος,8048,General,211,,
ολοταχώς,8049,General,211,,
λουίζα,8050,General,211,,
λήο,8051,General,211,,
το μέγαρο,8052,General,211,,
ο βήχας,8055,General,211,,
ο σωρός,8056,General,211,,
η θηλυκά,8057,General,211,,
ντόροθυ,8058,General,211,,
το χορτάρι,8059,General,211,,
το ενυδρείο,8061,General,211,,
το νόμισε,8062,General,211,,
θαμμένος,8063,General,211,,
τόρι,8064,General,211,,
άσκοπα,8065,General,211,,
η εξίσωση,8068,General,211,,
βέρνον,8071,General,211,,
μπερδεμένα,8072,General,212,,
επανέρχομαι / επανήρθα,8075,General,212,,
σασ,8076,General,212,,
σάικς,8078,General,212,,
ο ήρωάς,8079,General,212,,
τζίλιαν,8080,General,212,,
το πώλ,8081,General,212,,
η βιοψία,8082,General,212,,
το πιπέρι,8083,General,212,,
το ξύρισμα,8085,General,212,,
ο σουβενίρ,8086,General,212,,
μασ,8087,General,212,,
υιός,8088,General,212,,
μπάιρος,8089,General,212,,
χέσ,8090,General,212,,
ο τρακτέρ,8092,General,212,,
ο καθήκοντος,8093,General,212,,
η κόμπρα,8094,General,212,,
το προξενείο,8095,General,212,,
τα πράσα,8097,General,212,,
η στύση,8098,General,212,,
η κουκουβάγια,8100,General,212,,
κάλλιστα,8101,General,212,,
μεγαλόσωμος,8102,General,212,,
αντρικός,8103,General,212,,
το μινγκ,8104,General,212,,
ώστιν,8105,General,212,,
άοπλος,8106,General,212,,
ο διαλογων,8107,General,212,,
ο πεζοναυτής,8108,General,212,,
η φωτια,8109,General,213,,
ο χωρικός,8110,General,213,,
ντέκερ,8111,General,213,,
το μπαγκάζ,8112,General,213,,
το καθενόςς,8113,General,213,,
διαφύγει / διάφυγε,8114,General,213,,
εξασφαλίζω / εξασφάλισα,8116,General,213,,
δειπνήσω / δείπνησα,8119,General,213,,
η σύριγγα,8120,General,213,,
ο δίδυμος,8122,General,213,,
αρτ,8124,General,213,,
ο υπαρχηγός,8125,General,213,,
η επίσκεψή,8126,General,213,,
το χόλντενς,8127,General,213,,
ήσυχοι,8128,General,213,,
η γιούτα,8129,General,213,,
το κοριούς,8130,General,213,,
ο βασιλιας,8131,General,213,,
ο αντίκτυπος,8132,General,213,,
στριπτιζέζ,8133,General,213,,
μεξικάνικος,8134,General,213,,
οι θάλασσες,8135,General,213,,
ευαίσθητα,8136,General,213,,
το σωλήναςς,8137,General,213,,
το κήπου,8138,General,213,,
το πραγματάκιο,8140,General,213,,
κρατηθεί,8141,General,213,,
απότομος,8142,General,213,,
ριάλιτι,8143,General,213,,
χαιρετήσω / χαιρέτησα,8145,General,213,,
το κουτσομπολιό,8146,General,214,,
ολοφάνερο,8147,General,214,,
η λιακάδα,8149,General,214,,
λιγότεροι,8150,General,214,,
μικρούλης,8151,General,214,,
η κηλίδα,8152,General,214,,
η κονσέρβα,8153,General,214,,
το χου,8154,General,214,,
ο γίγαντης,8155,General,214,,
αλις,8156,General,214,,
μάϊκλ,8157,General,214,,
η σια,8158,General,214,,
αποδεχτής,8159,General,214,,
η στοίβα,8162,General,214,,
αναπηρικός,8165,General,214,,
το οράτιε,8168,General,214,,
το ταπί,8171,General,214,,
ο αστροναύτης,8172,General,214,,
μετατρέπω / μετέτρεψα,8173,General,214,,
το δακτυλίδι,8174,General,214,,
το νοκ,8175,General,214,,
ντάκυ,8176,General,214,,
η επάγγελμά,8177,General,214,,
θάντερκατς,8178,General,214,,
η ντίνα,8179,General,214,,
η φυλακισμένη,8180,General,214,,
υπόνομο,8181,General,214,,
αποτύχω / απέτυχα,8182,General,214,,
κριτικός,8183,General,214,,
ο προγόνος,8184,General,214,,
ευχηθώ / ευχηθούσα,8185,General,215,,
μοντ,8186,General,215,,
συζητάω / συζήτησα,8187,General,215,,
οι ίντσες,8189,General,215,,
πληρώνεσαι,8190,General,215,,
αδέξια,8192,General,215,,
η κομπίνα,8193,General,215,,
το αδέρφι,8194,General,215,,
ξοδεύω / ξόδεψα,8195,General,215,,
ο αστέρας,8196,General,215,,
η τσαγιού,8197,General,215,,
πέννυς,8199,General,215,,
ο συμβόλαιός,8200,General,215,,
μαύρων,8201,General,215,,
η διατριβή,8203,General,215,,
η όρις,8205,General,215,,
το άριο,8206,General,215,,
ο λειτουργός,8208,General,215,,
το γαλόνι,8209,General,215,,
η πάμελα,8210,General,215,,
το βάφλες,8211,General,215,,
η νιού,8212,General,215,,
το παρμπρίζ,8213,General,215,,
η αντανάκλαση,8215,General,215,,
αυτοκινητος,8217,General,215,,
το υποκείμενο,8218,General,215,,
γεννιέται / γεννήθηκε,8219,General,215,,
χαλαρός,8220,General,215,,
ανίτα,8221,General,215,,
ο πεντανόστιμος,8222,General,215,,
το πόνυ,8225,General,216,,
το παραδείσου,8227,General,216,,
πνίγω / έπνιξα,8230,General,216,,
η δονήση,8231,General,216,,
σκαρώνω / σκάρωσα,8232,General,216,,
στοιχειώνω / στοίχειωσα,8233,General,216,,
το μπέντζι,8235,General,216,,
το παραδώσου,8238,General,216,,
παρηγορώ,8239,General,216,,
το κλόι,8240,General,216,,
η πιστόλια,8241,General,216,,
μορίς,8242,General,216,,
ανοσία,8243,General,216,,
αγνοεί / αγνόησε,8244,General,216,,
το δώσμου,8246,General,216,,
παριστάνω / παράστησα,8247,General,216,,
σκοτώνεται / σκοτώθηκε,8248,General,216,,
νόελ,8250,General,216,,
απόλλος,8252,General,216,,
τεμπέλης,8253,General,216,,
γενειάδα,8254,General,216,,
το κακάο,8256,General,216,,
εξαίσιος,8257,General,216,,
καρφώσει / κάρφωσε,8258,General,216,,
μάλεϊ,8260,General,216,,
ξεγέλασες,8261,General,216,,
το πρωϊ,8262,General,216,,
ο κάλυκας,8263,General,216,,
το χαφιέςς,8264,General,216,,
η εμού,8266,General,216,,
η βούδα,8268,General,217,,
ο άμπερ,8269,General,217,,
η μάγειρα,8270,General,217,,
δείρω / έδειρα,8271,General,217,,
προφανήςς,8272,General,217,,
ο φάρος,8275,General,217,,
τολμάτε,8276,General,217,,
βγείς,8277,General,217,,
η ηχώ,8278,General,217,,
το δαχτυλάκι,8279,General,217,,
αρπακτικός,8280,General,217,,
η παπαριά,8281,General,217,,
άφθονο,8282,General,217,,
σαμπρίνα,8283,General,217,,
ο κηπουρός,8284,General,217,,
βράζω / έβρασα,8285,General,217,,
όπισθεν,8286,General,217,,
μπόλικο,8288,General,217,,
ανάπηρος,8289,General,217,,
ο γαλαξίας,8290,General,217,,
το δελφίνι,8291,General,217,,
νοικιάζω / νοίκιασα,8294,General,217,,
λόπεζ,8295,General,217,,
υποδηλώνω / υποδήλωσα,8297,General,217,,
το μα,8298,General,217,,
το ζην,8300,General,217,,
δεχθώ / δεχθούσα,8301,General,217,,
επώδυνο,8303,General,217,,
αυστηρός,8304,General,217,,
το ιι,8305,General,217,,
η καθρέπτη,8306,General,218,,
τοποθετώ / τοποθέτησα,8308,General,218,,
μολυσμένος,8309,General,218,,
ευχήσου,8310,General,218,,
το γκομενάκι,8312,General,218,,
το λάχανο,8313,General,218,,
στήσω / έστησα,8314,General,218,,
τσάπμαν,8316,General,218,,
σκοράρω / σκοράρισα,8317,General,218,,
ντεξ,8318,General,218,,
πρόθυρα,8319,General,218,,
μίλλερ,8321,General,218,,
ντιμίτρι,8322,General,218,,
το μπριτζ,8323,General,218,,
η ντάλια,8324,General,218,,
κατασκοπεύεις,8325,General,218,,
παραδίδω / παρέδωσα,8326,General,218,,
η πρέζα,8327,General,218,,
τζίνο,8328,General,218,,
η σαύρα,8329,General,218,,
φορητό,8330,General,218,,
το μακελειό,8331,General,218,,
η ματιού,8332,General,218,,
η σαγκάη,8334,General,218,,
το τσίμπημα,8335,General,218,,
βάψει / έβαψε,8336,General,218,,
ο καπουτσίνος,8337,General,218,,
καταζητείται / καταζητήθηκε,8338,General,218,,
διατηρήσω / διατήρησα,8339,General,218,,
αποσύρω / απέσυρα,8340,General,218,,
ηθικά,8341,General,219,,
το πάρκου,8342,General,219,,
το ποτο,8343,General,219,,
το διακόπτηςς,8344,General,219,,
πολύπλοκης,8346,General,219,,
ντολόρες,8347,General,219,,
χοντρές,8349,General,219,,
φθηνά,8350,General,219,,
ο στεναγμός,8351,General,219,,
ανακτώ / ανάκτησα,8352,General,219,,
έιβα,8354,General,219,,
δερμάτινο,8355,General,219,,
ο κολοκύθας,8357,General,219,,
το καλάμι,8358,General,219,,
ο ναπολέων,8359,General,219,,
το χερμπ,8360,General,219,,
το κόμπο,8362,General,219,,
ατμς,8363,General,219,,
μάργκος,8364,General,219,,
οι αγκαλιές,8365,General,219,,
το λύκου,8366,General,219,,
εκπαιδευμένος,8367,General,219,,
μαλακισμένος,8368,General,219,,
ο ιρλανδός,8370,General,219,,
νορμάλ,8371,General,219,,
το μπετ,8372,General,219,,
ο μερσεντής,8373,General,219,,
σοβαροί,8374,General,219,,
το σπεσιαλιτέ,8375,General,219,,
το λαβύρινθο,8376,General,219,,
στηρίζω / στήριξα,8377,General,220,,
ο πατέρης,8378,General,220,,
ξανασυναντώ / ξανασυνάντησα,8379,General,220,,
υψηλότερη,8380,General,220,,
το εισιτήριό,8381,General,220,,
εντυπωσιαστεί,8382,General,220,,
αυριανό,8383,General,220,,
οργανώσει / οργάνωσε,8384,General,220,,
οι όρχεις,8385,General,220,,
αθήνα,8386,General,220,,
το σκελετό,8387,General,220,,
η τριάδα,8388,General,220,,
ολοένα,8390,General,220,,
υπομονετικός,8391,General,220,,
η άπλυτα,8392,General,220,,
ο υπόπτων,8394,General,220,,
το κασκόλ,8395,General,220,,
ο υποπλοίαρχος,8396,General,220,,
ντέιβι,8397,General,220,,
νευριάσει / νευρίασε,8398,General,220,,
οί,8399,General,220,,
κατεβάσω / κατέβασα,8400,General,220,,
αγνός,8402,General,220,,
μπράιεν,8404,General,220,,
το κύκλου,8405,General,220,,
ευφυής,8406,General,220,,
συλλάβετέ,8407,General,220,,
ο δοντιών,8408,General,220,,
το ραμ,8409,General,220,,
εμίλ,8410,General,220,,
το βίντσι,8411,General,221,,
η νόστιμη,8412,General,221,,
πατρίσιος,8413,General,221,,
το τεύχος,8414,General,221,,
γνήσιος,8416,General,221,,
ηλικιωμένος,8417,General,221,,
το κορίν,8418,General,221,,
το ημίχρονο,8420,General,221,,
η ημερολόγια,8421,General,221,,
η έκκληση,8424,General,221,,
πρόσω / έπροσα,8425,General,221,,
άσκοπος,8426,General,221,,
το ιδιοφυές,8427,General,221,,
φυλακός,8430,General,221,,
εκτελέσω / εκτέλεσα,8431,General,221,,
το προσποιήσου,8432,General,221,,
η παρισιού,8434,General,221,,
ο αυτοκράτειρας,8435,General,221,,
συγκρίνεις,8436,General,221,,
ο πτώματος,8437,General,221,,
μάρλοου,8438,General,221,,
αλλοδαπός,8439,General,221,,
το στεφ,8440,General,221,,
το ντάρσι,8441,General,221,,
τζώνυ,8442,General,221,,
κρεμαστεί,8444,General,221,,
η νότα,8445,General,221,,
τηλ,8446,General,221,,
το προβλημάτο,8448,General,221,,
αναισθητικός,8449,General,221,,
ο βιντεοπαιχνίδιος,8450,General,222,,
τα χαλιά,8451,General,222,,
ο λέξεων,8452,General,222,,
το ντέβλιν,8453,General,222,,
τζόκερ,8454,General,222,,
το κοφτερό,8455,General,222,,
το έντερο,8457,General,222,,
το βάτραχο,8458,General,222,,
η νόβα,8460,General,222,,
η άφιξή,8461,General,222,,
κάπις,8462,General,222,,
γαλάζια,8463,General,222,,
οι τσίχλες,8464,General,222,,
οι γιάρδες,8465,General,222,,
τομπάιας,8466,General,222,,
το εξάνθημα,8467,General,222,,
χικς,8469,General,222,,
νιούτον,8470,General,222,,
συμβολίζω / συμβόλισα,8471,General,222,,
πλένω / έπλυνα,8472,General,222,,
ο σμήναρχος,8474,General,222,,
ο απαγωγέας,8477,General,222,,
πανικοβάλλεσαι,8478,General,222,,
ερωτευτώ / ερωτευτούσα,8479,General,222,,
κατασκόπος,8480,General,222,,
χάιντι,8481,General,222,,
ο θορύβος,8482,General,222,,
η ύφεση,8484,General,222,,
η ράγα,8485,General,222,,
η ψαρά,8486,General,222,,
ο φράουλας,8487,General,223,,
γουίλυς,8488,General,223,,
ο θηλιάς,8489,General,223,,
η ελαττώματα,8490,General,223,,
ο καβγάς,8493,General,223,,
ο πονοκεφάλος,8494,General,223,,
ο σελήνης,8495,General,223,,
ορίζω / όρισα,8496,General,223,,
οι λεκέδες,8497,General,223,,
η λοίμωξη,8499,General,223,,
το νόσο,8500,General,223,,
το ορφανό,8501,General,223,,
χτυπημένος,8502,General,223,,
εκκενώστε,8503,General,223,,
το κουτάκι,8504,General,223,,
μπλαντ,8505,General,223,,
ο θεραπευτής,8506,General,223,,
τυγχάνω / έτυχα,8507,General,223,,
ετοιμάζεσαι,8508,General,223,,
ληστέψει / λήστεψε,8509,General,223,,
το εχε,8510,General,223,,
η πλημμύρα,8512,General,223,,
το γουέντυ,8513,General,223,,
το ρόμυ,8514,General,223,,
ο σπρώξτες,8517,General,223,,
αρμόζω / άρμοσα,8518,General,223,,
χειροκροτήστε,8519,General,223,,
περιπολικά,8520,General,223,,
ο φράγκος,8521,General,223,,
αποδεχτώ / αποδεχτούσα,8522,General,223,,
κηδεμόνας,8523,General,224,,
ο οικοδεσπότης,8525,General,224,,
η σκάτωσα,8526,General,224,,
η αλοιφή,8527,General,224,,
ντάριος,8529,General,224,,
σεο,8531,General,224,,
συγχωρέσω / συγχώρεσα,8532,General,224,,
ο δώστας,8533,General,224,,
ευτυχισμένες,8534,General,224,,
δράσει / έδρασε,8535,General,224,,
ο αιδοίος,8537,General,224,,
στάζω / έσταξα,8538,General,224,,
συνδέσει / σύνδεσε,8539,General,224,,
ο δυσάρεστας,8540,General,224,,
αντίχειρα,8541,General,224,,
γρηγορότερο,8542,General,224,,
λόης,8543,General,224,,
ο βοηθειών,8544,General,224,,
το πέτρο,8545,General,224,,
ο καβγάδης,8546,General,224,,
η λύτρωση,8547,General,224,,
πρέπων,8548,General,224,,
φιλικοί,8549,General,224,,
το καλωσόρισμα,8550,General,224,,
το πετράδι,8552,General,224,,
απαλός,8553,General,224,,
σελίνα,8554,General,224,,
αποκλείσω / απόκλεισα,8555,General,224,,
ψεύδω / έψευδα,8556,General,224,,
ο τέηλορ,8557,General,224,,
θαρρής,8558,General,225,,
οι σκύλοι,8559,General,225,,
το πέισι,8561,General,225,,
φλόιντς,8562,General,225,,
ο κουκλάρας,8564,General,225,,
η χαρτούρα,8565,General,225,,
οι άμαξες,8566,General,225,,
η συνεχεια,8567,General,225,,
τραβώ / τράβηξα,8568,General,225,,
η παραλαβή,8569,General,225,,
τζόρτζι,8570,General,225,,
μάρνι,8571,General,225,,
τα ορεκτικά,8572,General,225,,
γενεύη,8573,General,225,,
η βαθμολογία,8574,General,225,,
το σλόγκαν,8575,General,225,,
το χέιβεν,8576,General,225,,
το μπάι,8577,General,225,,
ριψοκίνδυνος,8578,General,225,,
συμφέρω / συνέφερα,8579,General,225,,
η θεια,8580,General,225,,
το σωμα,8581,General,225,,
θίο,8582,General,225,,
αποτρέψω / απέτρεψα,8584,General,225,,
μολύνω / μόλυνα,8586,General,225,,
τωρινός,8587,General,225,,
γραφικός,8588,General,225,,
ο σαντιάγκος,8589,General,225,,
ανυπόμονος,8590,General,225,,
το άσθμα,8593,General,225,,
ξεροκέφαλος,8594,General,226,,
ντατς,8595,General,226,,
η ένστικτα,8596,General,226,,
μεσ,8597,General,226,,
η φούσκα,8598,General,226,,
γεννητικός,8600,General,226,,
το ουίσκυ,8601,General,226,,
το μπάντυ,8602,General,226,,
το μπλογκ,8603,General,226,,
σάτος,8607,General,226,,
συμμετάσχει,8608,General,226,,
το ζεντ,8609,General,226,,
η συστήση,8611,General,226,,
φλερτάρω / φλέρταρα,8612,General,226,,
το ραντ,8613,General,226,,
άντισον,8614,General,226,,
ζαλίζομαι / ζαλίσθηκα,8615,General,226,,
η κοιλιακή,8616,General,226,,
τζαφά,8617,General,226,,
ο αθώων,8618,General,226,,
ετοιμαστεί,8619,General,226,,
η νταίζη,8620,General,226,,
ντρος,8621,General,226,,
άντρεα,8624,General,226,,
ο χωματερής,8625,General,226,,
η πούλα,8627,General,226,,
άπληστος,8629,General,226,,
μέσης,8630,General,226,,
το αίσχος,8631,General,226,,
η φιδιού,8632,General,226,,
η κατάματα,8633,General,227,,
απασχολήσω / απασχόλησα,8634,General,227,,
η λλά,8635,General,227,,
καθορίζω / καθόρισα,8637,General,227,,
ο ιθαγενέας,8640,General,227,,
η ανηψιά,8641,General,227,,
σάπια,8642,General,227,,
η εξορία,8643,General,227,,
σιγουρη,8645,General,227,,
το πρότζεκτ,8646,General,227,,
το αλλονς,8647,General,227,,
πάψω / έπαψα,8648,General,227,,
μαγειρέψει / μαγείρεψε,8651,General,227,,
βυθίζω / βύθισα,8652,General,227,,
γοργόνα,8653,General,227,,
το σλιμ,8655,General,227,,
απατώ / απάτησα,8656,General,227,,
ψύχραιμος,8657,General,227,,
ο θαυμάτων,8658,General,227,,
ο μπός,8659,General,227,,
το σαβς,8660,General,227,,
θεϊκός,8661,General,227,,
η φορτία,8662,General,227,,
τοπ,8663,General,227,,
ο πλαστός,8664,General,227,,
το αστακό,8665,General,227,,
ο επιβατών,8667,General,227,,
πέντρο,8668,General,227,,
δαβίδ,8669,General,227,,
γουντςς,8671,General,227,,
μινεσότα,8672,General,228,,
εναντιον,8674,General,228,,
λίνζι,8676,General,228,,
το γείο,8678,General,228,,
αμυντικός,8680,General,228,,
τρελλός,8681,General,228,,
τάλιν,8682,General,228,,
οι γονεις,8683,General,228,,
η ναού,8684,General,228,,
εξυπνότεροςς,8685,General,228,,
το δάκρυ,8686,General,228,,
υπνωτικός,8687,General,228,,
ο κτηνίατρος,8688,General,228,,
χάιντ,8690,General,228,,
πετάτε,8691,General,228,,
αμβλύς,8692,General,228,,
το σακί,8693,General,228,,
μπό,8694,General,228,,
δημοφιλή,8695,General,228,,
παραλάβει / παράλαβε,8696,General,228,,
συλλυπητήριά,8697,General,228,,
η τροπή,8699,General,228,,
χαμένες,8700,General,228,,
το αθλήμα,8701,General,228,,
το μαρτίνεζ,8702,General,228,,
άψογος,8703,General,228,,
γριος,8705,General,228,,
η φίρμα,8706,General,228,,
κακομοίρης,8707,General,228,,
χίλτον,8708,General,228,,
το αλαμπάμα,8709,General,229,,
καπό,8710,General,229,,
το είδωλο,8711,General,229,,
το μπρικ,8712,General,229,,
ανώνυμα,8713,General,229,,
φόρεστ,8714,General,229,,
η τηλεφώνημά,8715,General,229,,
η αξιοθέατα,8717,General,229,,
ευκολος,8718,General,229,,
το κοτόπουλου,8719,General,229,,
ο εβραίων,8720,General,229,,
λίλιθ,8721,General,229,,
χώνω / έχωσα,8722,General,229,,
το θήραμα,8723,General,229,,
η ελιά,8724,General,229,,
το αιώναςς,8725,General,229,,
το συμμετάσχω,8727,General,229,,
το πίνκι,8728,General,229,,
οι σειρήνες,8729,General,229,,
αφ,8730,General,229,,
οι συνάδελφοί,8732,General,229,,
το πονηρό,8733,General,229,,
τάλμποτ,8734,General,229,,
συναρπαστικά,8735,General,229,,
η διάρροια,8736,General,229,,
πνίξει / έπνιξε,8738,General,229,,
διπλα,8740,General,229,,
απομακρύνω / απομάκρυνα,8741,General,229,,
το συνέταιρε,8742,General,229,,
το πλύνε,8743,General,229,,
η λουιζιάνα,8744,General,230,,
το μεινως,8745,General,230,,
το άλεκ,8747,General,230,,
κρυφτό,8748,General,230,,
το νοστιμότατο,8749,General,230,,
αποδεχτεί,8750,General,230,,
το μόντε,8751,General,230,,
νόρις,8752,General,230,,
ο συνεδριάσεων,8753,General,230,,
αντριάνα,8754,General,230,,
δερμάτινα,8755,General,230,,
το όου,8756,General,230,,
ο βρωμάς,8757,General,230,,
ο ανηλίκων,8758,General,230,,
το προσπαθως,8759,General,230,,
το δείπνου,8760,General,230,,
αποκαλύπτω / απεκάλυψα,8761,General,230,,
η σκία,8763,General,230,,
κουστούμιος,8764,General,230,,
τή,8765,General,230,,
η κινητήρα,8766,General,230,,
δορυφορικός,8767,General,230,,
καταγράφω / κατέγραψα,8768,General,230,,
το ασήμαν,8771,General,230,,
ηρεμώ / ηρέμησα,8772,General,230,,
σκόπευος,8773,General,230,,
βόν,8774,General,230,,
τινάξει / τίναξε,8775,General,230,,
παχύς,8776,General,230,,
αξιοπρεπή,8777,General,230,,
ξεπερνάω / ξεπέρασα,8778,General,231,,
παρτε,8779,General,231,,
η σωματοφύλακα,8780,General,231,,
η αρχόντισσα,8781,General,231,,
το ανέμου,8782,General,231,,
το προεδρίο,8783,General,231,,
σμηναγέ,8784,General,231,,
σημαδεύω / σημάδευσα,8785,General,231,,
ντραμς,8786,General,231,,
η καουμπόη,8787,General,231,,
έντνα,8788,General,231,,
ιόλαες,8789,General,231,,
το δανείσω,8790,General,231,,
τζάρβι,8792,General,231,,
το κυνηγητό,8793,General,231,,
κουνήσω / κούνησα,8794,General,231,,
αστος,8795,General,231,,
ο χάμστερ,8796,General,231,,
η βρύση,8797,General,231,,
η κατσαβίδις,8800,General,231,,
σκασίλα,8801,General,231,,
ύπουλος,8802,General,231,,
μπείς,8803,General,231,,
ο αστέρων,8804,General,231,,
έιμπς,8805,General,231,,
το επανιδείν,8806,General,231,,
οι οσοι,8807,General,231,,
κιος,8808,General,231,,
ενώνω / ένωσα,8809,General,231,,
διακυβεύω / διακύβευσα,8810,General,231,,
τιμωρώ / τιμώρησα,8811,General,232,,
ο ρης,8813,General,232,,
το έλλιοτ,8814,General,232,,
το εργαστήρι,8815,General,232,,
η συνεβη,8816,General,232,,
η εκδόση,8818,General,232,,
χρησιμεύω / χρησίμευσα,8820,General,232,,
ανταμ,8821,General,232,,
κουνάω / κούνησα,8823,General,232,,
το βιβλιο,8824,General,232,,
φωτεινός,8825,General,232,,
οι πόλεμοι,8826,General,232,,
η δεσποινις,8828,General,232,,
το συνάδελφό,8829,General,232,,
το πλήγμα,8830,General,232,,
η κοπριά,8831,General,232,,
το κέλυφος,8832,General,232,,
εκπαιδευτικός,8833,General,232,,
το οικοτροφείο,8834,General,232,,
το ενθύμιο,8835,General,232,,
ζήλεια,8838,General,232,,
ο ννυς,8839,General,232,,
καλλίτερα,8840,General,232,,
τολμηρός,8842,General,232,,
ζέι,8843,General,232,,
γέλα,8844,General,232,,
κομψή,8845,General,232,,
αγνόησέ,8846,General,232,,
το μούρο,8847,General,232,,
άπειρος,8848,General,232,,
το λεκέ,8849,General,233,,
τρέχων,8851,General,233,,
διά,8852,General,233,,
αποφοιτώ / αποφοίτησα,8853,General,233,,
το λαγό,8854,General,233,,
προήλθαν,8855,General,233,,
σήραγγος,8856,General,233,,
στηρίξω / στήριξα,8857,General,233,,
η ταφή,8858,General,233,,
οργανώνω / οργάνωσα,8859,General,233,,
η εκπληξη,8860,General,233,,
η στρέμματα,8861,General,233,,
η έμφαση,8862,General,233,,
αϊρίν,8864,General,233,,
ο φυγάδης,8865,General,233,,
το φυλακισμένο,8866,General,233,,
κρεβατοκάμαρά,8868,General,233,,
ο κυττάρων,8869,General,233,,
ο ιδρύματος,8870,General,233,,
πανάθεμά,8871,General,233,,
η αμέλεια,8872,General,233,,
ο χαζές,8875,General,233,,
το στρείδι,8876,General,233,,
η κατερίνα,8877,General,233,,
η μονή,8878,General,233,,
κόλμανς,8879,General,233,,
το πομπόςς,8880,General,233,,
το οχήμα,8885,General,233,,
ο ορισμός,8886,General,233,,
το λινκ,8887,General,233,,
το κύτταρο,8888,General,234,,
ο καριόληδης,8889,General,234,,
μπάμπα,8890,General,234,,
ίζι,8891,General,234,,
η χιονιού,8892,General,234,,
το ωμό,8893,General,234,,
η τόλμη,8894,General,234,,
σκοτεινιάζω / σκοτείνιασα,8895,General,234,,
μετακόμισες,8896,General,234,,
η κουφή,8897,General,234,,
το φαντασμάτο,8898,General,234,,
η κρεμάλα,8899,General,234,,
το οικόπεδο,8901,General,234,,
οι ήχοι,8903,General,234,,
νε,8904,General,234,,
το διαλέξτε,8905,General,234,,
ο φρέσκος,8906,General,234,,
το τρικ,8907,General,234,,
γεννάει / γεννούσε,8910,General,234,,
το έντυπο,8911,General,234,,
μέγκατρος,8912,General,234,,
τσάο,8913,General,234,,
η θερμίδα,8915,General,234,,
ο επιζών,8916,General,234,,
έιμυ,8917,General,234,,
η ωμέγα,8918,General,234,,
μελίσσα,8919,General,234,,
το σχεδίο,8920,General,234,,
θυμώνω / θύμωσα,8922,General,234,,
το πάρσονς,8923,General,234,,
αρπάζω / άρπαξα,8924,General,235,,
παντρεμένο,8925,General,235,,
ο βρικολάκος,8927,General,235,,
πόλυ,8928,General,235,,
το πλατό,8929,General,235,,
το πράιμ,8930,General,235,,
χαρίσω / χάρισα,8931,General,235,,
το κρίσταλς,8932,General,235,,
ο δασκάλος,8933,General,235,,
η δωμάτιά,8935,General,235,,
προτιμάει / προτιμούσε,8936,General,235,,
αμέτρητος,8937,General,235,,
μόρτο,8939,General,235,,
βραστός,8941,General,235,,
ο πρωτοετής,8942,General,235,,
οι φοβασαι,8943,General,235,,
καλυμμένος,8944,General,235,,
ο πάστορας,8945,General,235,,
η πλάτα,8947,General,235,,
ο τρίμηνος,8948,General,235,,
ομαλά,8949,General,235,,
η ταπετσαρία,8950,General,235,,
το αποβράσμα,8951,General,235,,
το κανό,8952,General,235,,
σουάν,8954,General,235,,
λίλαντ,8955,General,235,,
ο αρκούδας,8956,General,235,,
φυλάξω / φύλαξα,8957,General,235,,
υπερήφανη,8958,General,235,,
μπλέρ,8959,General,235,,
ο οφθαλμός,8961,General,236,,
το αγάλμα,8962,General,236,,
το δίλημμα,8963,General,236,,
γρουσουζιάς,8964,General,236,,
μπρας,8966,General,236,,
το πόρσε,8967,General,236,,
βραδινής,8968,General,236,,
σωθείς,8969,General,236,,
ουίλιαμς,8970,General,236,,
γουέστος,8971,General,236,,
το λάμπερτ,8972,General,236,,
η σώματά,8973,General,236,,
αποκαλείται / απεκλήθη,8974,General,236,,
σύνηθεςς,8975,General,236,,
το χορν,8977,General,236,,
η μπή,8978,General,236,,
μάντελι,8979,General,236,,
θερμός,8982,General,236,,
πηρες,8983,General,236,,
ο μηνός,8984,General,236,,
η γίγαντα,8986,General,236,,
το τηγάνι,8987,General,236,,
το τυλιγμένο,8989,General,236,,
ο βάλτος,8990,General,236,,
πικάσο,8991,General,236,,
το περίστροφο,8992,General,236,,
τρελής,8993,General,236,,
το μαρτίν,8994,General,236,,
αναρωτήθηκα,8995,General,236,,
το συγκρατήσου,8997,General,236,,
το πορτραίτο,8998,General,237,,
το πορτμπαγκάζ,8999,General,237,,
η ρωγμή,9001,General,237,,
καλλιτεχνικός,9003,General,237,,
περιφέρω / περιέφερα,9004,General,237,,
η πλακα,9005,General,237,,
το μπανγκ,9006,General,237,,
ρωμαίο,9007,General,237,,
γκεστάπο,9008,General,237,,
μπέρναρντ,9009,General,237,,
η πυτζάμα,9010,General,237,,
οι γινεις,9012,General,237,,
η μαγιονέζα,9013,General,237,,
τα κορμιά,9014,General,237,,
κανονιστεί,9016,General,237,,
καλυτερη,9017,General,237,,
το σιτάρι,9019,General,237,,
ο κορμός,9020,General,237,,
όπρος,9022,General,237,,
μέχρις,9023,General,237,,
ο νύφης,9024,General,237,,
η μέμφις,9025,General,237,,
ιζαμπέλα,9026,General,237,,
χιονίζω / χιόνισα,9027,General,237,,
το άλλοθί,9031,General,237,,
πούλος,9032,General,237,,
ταμπλό,9035,General,237,,
ώριμο,9036,General,237,,
εί,9037,General,237,,
γιάνγκ,9038,General,237,,
σηκώνομαι / σηκώθηκα,9039,General,238,,
η εντάλματα,9040,General,238,,
η ζωντάνια,9041,General,238,,
θαυμαστός,9043,General,238,,
βα,9044,General,238,,
θερμά,9046,General,238,,
το αφτί,9048,General,238,,
το συγχρονισμοσ,9050,General,238,,
το χατς,9051,General,238,,
η εξαπάτηση,9052,General,238,,
το γέρικο,9053,General,238,,
εκμεταλλευτώ / εκμεταλλευτούσα,9054,General,238,,
ρευστός,9055,General,238,,
έμπειρος,9056,General,238,,
το φάρμακό,9059,General,238,,
τα κλουβιά,9060,General,238,,
η βήτα,9062,General,238,,
αξιολάτρευτος,9063,General,238,,
επιταχύνω / επιτάχυνα,9065,General,238,,
ο καρδινάλιος,9066,General,238,,
το εφέ,9067,General,238,,
η παύλα,9068,General,238,,
μέτρια,9069,General,238,,
τάκος,9071,General,238,,
αθανασία,9072,General,238,,
ο σφαίρας,9073,General,238,,
το τρενάκι,9074,General,238,,
το ραμίρεζ,9076,General,238,,
τζομπ,9077,General,238,,
χρυσέ,9078,General,238,,
το βι,9080,General,239,,
δικηγορικός,9081,General,239,,
παρακαλέσω / παρακάλεσα,9082,General,239,,
εμπιστευτικός,9084,General,239,,
η ποσα,9088,General,239,,
νάπολη,9090,General,239,,
μποχάνος,9091,General,239,,
το ηθό,9092,General,239,,
το διάλυμα,9093,General,239,,
το δελχί,9094,General,239,,
εμφανής,9095,General,239,,
σπρώξω / έσπρωξα,9096,General,239,,
η όραμά,9097,General,239,,
ο θνητός,9098,General,239,,
αναθέτω / ανάθεσα,9100,General,239,,
γουόλι,9101,General,239,,
η πυροκροτητή,9103,General,239,,
τεχνικοί,9104,General,239,,
η ευρήματα,9105,General,239,,
μηνεσ,9106,General,239,,
το βαμβάκι,9107,General,239,,
το ξεναγήσως,9108,General,239,,
έξοχος,9110,General,239,,
το γάμμα,9112,General,239,,
αποδέχομαι / αποδέχθηκα,9113,General,239,,
ρωτά,9117,General,239,,
έδώ,9118,General,239,,
ο διακανονισμός,9119,General,239,,
τζαμάικας,9122,General,239,,
ο σιωπής,9123,General,239,,
χουντ,9124,General,240,,
χέτυ,9125,General,240,,
το σκόφιλντ,9126,General,240,,
το διήμερο,9127,General,240,,
το βερμόντ,9128,General,240,,
γραμμένα,9129,General,240,,
το αίνιγμα,9130,General,240,,
μικρες,9131,General,240,,
παράνομοςς,9132,General,240,,
τοι,9133,General,240,,
το φαϊ,9134,General,240,,
το έλατε,9135,General,240,,
το πραγματάκι,9136,General,240,,
θελήσω / θέλησα,9137,General,240,,
η έκλειψη,9139,General,240,,
το πολυβόλο,9140,General,240,,
μπραβο,9141,General,240,,
όρσον,9142,General,240,,
οι δράκοι,9143,General,240,,
το αρουραίο,9144,General,240,,
ρίνγκο,9145,General,240,,
το μέτωπό,9146,General,240,,
απολογούμαι / απολογήθηκα,9147,General,240,,
συντομία,9148,General,240,,
η κυριολεξία,9149,General,240,,
τάω / έταξα,9151,General,240,,
το ινδιάνο,9153,General,240,,
το ίντι,9154,General,240,,
το επίτευγμα,9155,General,240,,
η κωνσταντινούπολη,9156,General,240,,
ξανακούσω / ξανάκουσα,9157,General,241,,
ηγείται / ηγήθηκε,9158,General,241,,
ρατζ,9159,General,241,,
όντιν,9160,General,241,,
το μηνύσω,9161,General,241,,
η μοναχοπαίδις,9162,General,241,,
ο λάβας,9163,General,241,,
αρραβωνιασμένος,9164,General,241,,
ο ανέκδοτας,9165,General,241,,
σόγιερ,9167,General,241,,
η επιστημή,9168,General,241,,
ντιούκ,9169,General,241,,
γουίνι,9170,General,241,,
υποχωρώ / υπεχώρησα,9171,General,241,,
οι ουρλιάζεις,9172,General,241,,
κάμποσο,9173,General,241,,
το ναυάγιο,9175,General,241,,
νικήτρια,9177,General,241,,
ροντέος,9179,General,241,,
ο ψυχάκιας,9180,General,241,,
η κλάση,9181,General,241,,
τσακότε,9182,General,241,,
άτακτος,9183,General,241,,
το μπάρτλετ,9184,General,241,,
μυρίζομαι / μυρίστηκα,9185,General,241,,
μπούλοκ,9186,General,241,,
τιμώ / τίμησα,9187,General,241,,
αφεθεί,9188,General,241,,
το αρχήν,9189,General,241,,
τα βάλτα,9190,General,241,,
το βίλμα,9192,General,242,,
η ταινια,9193,General,242,,
νέβιλ,9194,General,242,,
ανώνυμος,9195,General,242,,
ίσιο,9196,General,242,,
ο καταρράκτης,9197,General,242,,
φρενός,9198,General,242,,
η ψαρία,9199,General,242,,
πράγα,9200,General,242,,
περαστικός,9201,General,242,,
ναβίντς,9203,General,242,,
η όππα,9204,General,242,,
όπτιμος,9206,General,242,,
ενεργειακός,9207,General,242,,
η διδα,9208,General,242,,
η ράτσα,9209,General,242,,
πρέντις,9210,General,242,,
γεννηθής,9211,General,242,,
ντίαζ,9212,General,242,,
η ήρα,9213,General,242,,
βόρειας,9214,General,242,,
η ψύχρα,9216,General,242,,
η φέτα,9217,General,242,,
μπρονξ,9219,General,242,,
μιλαω,9220,General,242,,
το γάντζο,9221,General,242,,
ο γάτος,9224,General,242,,
η κακομοίρα,9225,General,242,,
αλαζόνας,9226,General,242,,
το τζέινι,9227,General,242,,
η εύρεση,9228,General,243,,
ο σωματιδίων,9229,General,243,,
το εγχείρημα,9230,General,243,,
ο ευφυΐας,9231,General,243,,
ο κιλών,9233,General,243,,
ο λικέρ,9234,General,243,,
συνέρχομαι / συνήρθα,9235,General,243,,
το αμπς,9236,General,243,,
το μαριάν,9237,General,243,,
πωλείται / πωλήθηκε,9238,General,243,,
η άλογά,9239,General,243,,
έμερσος,9240,General,243,,
ο ισόγειος,9241,General,243,,
αμήχανος,9242,General,243,,
το βαλς,9243,General,243,,
σιλ,9244,General,243,,
το λόμπι,9245,General,243,,
το μειονέκτημα,9246,General,243,,
ο κέφιας,9247,General,243,,
μόρισον,9248,General,243,,
η φιλάκια,9249,General,243,,
μίριαμ,9250,General,243,,
ξεκουράζω / ξεκούρασα,9251,General,243,,
ο διάδοχος,9252,General,243,,
η χελώνη,9253,General,243,,
ο σινκλέρ,9254,General,243,,
η αστέρα,9255,General,243,,
φρικάρω / φρίκαρα,9256,General,243,,
απέλυσα,9259,General,243,,
γλυκια,9261,General,243,,
ο βαρόνος,9262,General,244,,
το γουέι,9263,General,244,,
διαβήτη,9264,General,244,,
το καλσόν,9265,General,244,,
γκαριμπάλντι,9266,General,244,,
η κατάψυξη,9267,General,244,,
ο δολοφόνων,9268,General,244,,
η εγχειρήση,9269,General,244,,
η φάκελοις,9270,General,244,,
η νυφίτσα,9271,General,244,,
κινέζο,9272,General,244,,
το περιδέραιο,9273,General,244,,
ο διαίτης,9274,General,244,,
έκτοτε,9275,General,244,,
το μπράντυ,9276,General,244,,
η συγκομιδή,9277,General,244,,
ο καύσιμος,9278,General,244,,
η σάουνα,9279,General,244,,
μάρτζορι,9280,General,244,,
το χαστούκι,9281,General,244,,
επιτυχής,9282,General,244,,
η καμήλα,9283,General,244,,
το ντάφνι,9284,General,244,,
ο μανικιούρ,9285,General,244,,
οξφόρδη,9286,General,244,,
το πούλημα,9287,General,244,,
η κατασκευά,9288,General,244,,
δένω / έδεσα,9289,General,244,,
φωτεινής,9290,General,244,,
το κονσέρτο,9291,General,244,,
μισούς,9294,General,245,,
το εστιατορίο,9295,General,245,,
η κούραση,9296,General,245,,
προτέρων,9297,General,245,,
άσχετος,9298,General,245,,
ο ευατός,9299,General,245,,
εκνευρίζω / εκνεύρισα,9300,General,245,,
το υψόμετρο,9301,General,245,,
το ρεμάλι,9302,General,245,,
το ζυμαρικό,9303,General,245,,
λιώσω / έλιωσα,9304,General,245,,
ραγίσει / ράγισε,9305,General,245,,
γαμηθής,9306,General,245,,
τα παγωτά,9308,General,245,,
ιρίνα,9309,General,245,,
γυάλινος,9310,General,245,,
χίλντα,9311,General,245,,
ζαμάνιος,9312,General,245,,
χουντίνι,9313,General,245,,
πουληθεί,9314,General,245,,
ο μανδύας,9315,General,245,,
το τέκνο,9316,General,245,,
η βυζάκια,9317,General,245,,
το κάτουρο,9319,General,245,,
το λλαξες,9320,General,245,,
βέλγιο,9321,General,245,,
εσκεμμένα,9322,General,245,,
η δηλητηριώδη,9323,General,245,,
κόψς,9324,General,245,,
πνίξω / έπνιξα,9325,General,245,,
ο δόξας,9326,General,246,,
εντυπωσιάσω / εντυπωσίασα,9327,General,246,,
νωριτερα,9328,General,246,,
το μότσαρτ,9329,General,246,,
ο έκλαιγος,9331,General,246,,
η παλαβή,9332,General,246,,
το κωλόπαιδο,9333,General,246,,
σάνι,9334,General,246,,
ο ανωτέρος,9335,General,246,,
άρχοντης,9336,General,246,,
αντίστροφα,9337,General,246,,
το τέστ,9338,General,246,,
ξάδελφό,9339,General,246,,
το πένθος,9340,General,246,,
η κυνηγιού,9342,General,246,,
ο εργολάβος,9343,General,246,,
σπουδάσει / σπούδασε,9344,General,246,,
το πάτυ,9346,General,246,,
η κανάτα,9348,General,246,,
το έντ,9349,General,246,,
βετεράνος,9350,General,246,,
λιλ,9352,General,246,,
το μακόι,9353,General,246,,
άρτσι,9354,General,246,,
ασυρμάτου,9355,General,246,,
συνδεδεμένος,9356,General,246,,
πώλα,9357,General,246,,
η μπαμπού,9358,General,246,,
η μπλόφα,9360,General,246,,
τα κάρβουνα,9361,General,246,,
γουάντα,9362,General,247,,
εντυπωσιασμένος,9363,General,247,,
η όργανά,9365,General,247,,
ο τσακίδιος,9366,General,247,,
μπετόβεν,9367,General,247,,
γαλήνια,9369,General,247,,
μπλουζ,9370,General,247,,
το μηνυμα,9371,General,247,,
ενδιάμεσος,9372,General,247,,
υγιεινός,9373,General,247,,
ο βάργκας,9374,General,247,,
η γκόμενά,9375,General,247,,
σιμςς,9376,General,247,,
το ξανθό,9377,General,247,,
το ρεστοράν,9378,General,247,,
το σαράβαλο,9379,General,247,,
η βήματά,9381,General,247,,
λαϊκός,9383,General,247,,
μειώνω / μείωσα,9387,General,247,,
το ταμπόν,9388,General,247,,
εγινα,9389,General,247,,
η νταιάνα,9391,General,247,,
φανατικός,9393,General,247,,
το φλυτζάνι,9395,General,247,,
το θεου,9396,General,247,,
το μουσείου,9397,General,247,,
η καμινάδα,9398,General,247,,
η αυταπάτα,9399,General,247,,
το μπάμπι,9400,General,247,,
στεγνάς,9402,General,247,,
η συναισθημά,9404,General,248,,
ο πατήρ,9406,General,248,,
ο ήπαρ,9407,General,248,,
ο σίτερ,9408,General,248,,
ανοσοποιητικός,9410,General,248,,
τα δάκτυλα,9411,General,248,,
χίρο,9412,General,248,,
ζεν,9413,General,248,,
η γκαρνταρόμπα,9415,General,248,,
γουόρικ,9416,General,248,,
βρωμιάρης,9417,General,248,,
το πόθο,9418,General,248,,
το μασκότ,9419,General,248,,
τα μέταλλα,9420,General,248,,
η λένα,9421,General,248,,
το σοκολατάκι,9422,General,248,,
το λείψανο,9423,General,248,,
εδέμ,9424,General,248,,
η κοντέσα,9426,General,248,,
λάτιμερ,9427,General,248,,
μέσον,9428,General,248,,
δυνατότερο,9429,General,248,,
γεννήσω / γέννησα,9430,General,248,,
το ξάδερφε,9432,General,248,,
το ζωύφιο,9434,General,248,,
χοτς,9435,General,248,,
η εισπνοή,9436,General,248,,
το έβερετ,9437,General,248,,
ο ναρκομανής,9438,General,248,,
το κολόνι,9439,General,248,,
μάξ,9442,General,249,,
παλαιότερα,9443,General,249,,
το άμμου,9446,General,249,,
το ελάφιο,9447,General,249,,
εδώλιο,9448,General,249,,
χτές,9449,General,249,,
γουίβερ,9451,General,249,,
ολικός,9452,General,249,,
ο ταμίας,9453,General,249,,
χότζες,9454,General,249,,
εβραίο,9455,General,249,,
ξάδελφε,9456,General,249,,
ρόζμαρι,9457,General,249,,
γουίλιςς,9458,General,249,,
μοναχικά,9459,General,249,,
φιλόδοξος,9461,General,249,,
γελώ / γέλασα,9462,General,249,,
το σπρινγκς,9463,General,249,,
το όλιβ,9464,General,249,,
οτιδηποτε,9465,General,249,,
ο άγκνος,9466,General,249,,
η ονομασία,9467,General,249,,
ο εθισμός,9468,General,249,,
λύντιος,9469,General,249,,
το κρόου,9470,General,249,,
το ωράριο,9471,General,249,,
το μπόι,9472,General,249,,
ατλαντικός,9473,General,249,,
μουνάκι,9475,General,249,,
καποτε,9477,General,249,,
ο γάιδαρος,9479,General,250,,
μακρύτερα,9480,General,250,,
χόπερ,9481,General,250,,
σύ,9482,General,250,,
πρόωρη,9483,General,250,,
καλύτερά,9484,General,250,,
αγνώστους,9486,General,250,,
η παροιμία,9489,General,250,,
μάιος,9491,General,250,,
στά,9492,General,250,,
το φύκι,9493,General,250,,
σσσ,9494,General,250,,
ο τζογαδόρος,9495,General,250,,
λόνι,9496,General,250,,
το πορτοκάλιο,9497,General,250,,
προϊστάμενος,9498,General,250,,
φέρτο,9502,General,250,,
ονομάσω / ονόμασα,9503,General,250,,
σούγκαρ,9504,General,250,,
πρίνστον,9505,General,250,,
οι ανατινάξεις,9506,General,250,,
το ουάιατ,9507,General,250,,
στρίπερ,9509,General,250,,
η επιστήμα,9510,General,250,,
η σουζάνα,9511,General,250,,
η πολέμησα,9513,General,250,,
θε,9514,General,250,,
ρίνο,9516,General,250,,
η σιγή,9518,General,250,,
το ιδρώταςς,9520,General,250,,
η ελένη,9521,General,251,,
χάρντισον,9522,General,251,,
δεύτερου,9525,General,251,,
το γρίφο,9526,General,251,,
μεγαλειότατος,9527,General,251,,
μπέτσι,9529,General,251,,
πτέραρχε,9530,General,251,,
το όσμπορν,9533,General,251,,
η τζούρα,9535,General,251,,
σύνδεσέ,9536,General,251,,
νορθ,9537,General,251,,
φρόνιμος,9538,General,251,,
ο ελαστικός,9539,General,251,,
έντερα,9541,General,251,,
ο ανδρας,9542,General,251,,
το φύλου,9543,General,251,,
τα ουρλιαχτά,9545,General,251,,
η χρεώση,9548,General,251,,
στάιν,9549,General,251,,
η ρεβέκκα,9550,General,251,,
η νάτη,9551,General,251,,
η κυψέλη,9552,General,251,,
το ζεύγος,9553,General,251,,
το πρήξιμο,9554,General,251,,
ο πρώτες,9555,General,251,,
υπακός,9556,General,251,,
ψόφα,9557,General,251,,
ο θερμότητας,9558,General,251,,
ανακατευτεί,9560,General,251,,
περιστρέφω / περιέστρεψα,9561,General,251,,
η εξαφάνισή,9563,General,252,,
αξιοθαύμαστος,9564,General,252,,
σνομπ,9565,General,252,,
στραφεί,9567,General,252,,
το γούστου,9569,General,252,,
η αβάνα,9570,General,252,,
μπόιλ,9571,General,252,,
οι ανακρίνεις,9574,General,252,,
επιβραδύνω / επιβράδυνα,9577,General,252,,
η σειρα,9578,General,252,,
ο ινδίας,9579,General,252,,
λαμπερά,9580,General,252,,
ο αφρός,9581,General,252,,
ο γοφός,9582,General,252,,
χτυπήθηκα,9583,General,252,,
θεραπεύω / θεράπεψα,9585,General,252,,
το ουρανοίς,9586,General,252,,
σέρνω / έσυρα,9588,General,252,,
δισκογραφικός,9589,General,252,,
το θέρετρο,9590,General,252,,
το κολυμπάςς,9591,General,252,,
η καλοκαίρια,9592,General,252,,
το νόρτον,9594,General,252,,
η πίκλα,9595,General,252,,
έλενορ,9596,General,252,,
κλωτσάω / κλώτσησα,9597,General,252,,
το φάσμα,9598,General,252,,
η ντόρα,9599,General,252,,
ο πράκτορής,9600,General,252,,
το φολς,9601,General,252,,
συνέλθω / συνήλθα,9602,General,253,,
τσάρλεστος,9603,General,253,,
ιβι,9604,General,253,,
θία,9605,General,253,,
η μανάδα,9607,General,253,,
ο ιππόδρομος,9608,General,253,,
χαθώ / χαθούσα,9611,General,253,,
η επιλοχία,9613,General,253,,
το ορόφου,9614,General,253,,
το σίμπιλ,9615,General,253,,
λίμπι,9616,General,253,,
τόκυο,9617,General,253,,
ο πέσος,9618,General,253,,
αλτσχάιμερ,9619,General,253,,
το κουνούπιο,9620,General,253,,
το άλφρεντ,9621,General,253,,
η γελάδια,9623,General,253,,
κρεμάσω / κρέμασα,9625,General,253,,
το τουφέκιο,9626,General,253,,
χέσως,9627,General,253,,
η ηλιαχτίδα,9630,General,253,,
απόφοιτος,9631,General,253,,
καίγομαι / καιγόμουν,9632,General,253,,
ο βραδυνός,9634,General,253,,
εμποδίσω / εμπόδισα,9636,General,253,,
ο διαιτητής,9637,General,253,,
απομακρυνθείς,9638,General,253,,
οι διαρρήξεις,9639,General,253,,
μικροσκόπιο,9640,General,253,,
οι αστροναύτες,9641,General,253,,
γαμιέται / γαμήθηκε,9642,General,254,,
τζόρντι,9643,General,254,,
ανώτεροι,9644,General,254,,
παχιά,9645,General,254,,
ευκολός,9646,General,254,,
χη,9647,General,254,,
πρέσκοτ,9648,General,254,,
ο θανατος,9649,General,254,,
το τζέινγουεϊ,9650,General,254,,
βουλώσει / βούλωσε,9651,General,254,,
εξαπατώ / εξαπάτησα,9652,General,254,,
το παρατηρητήριο,9653,General,254,,
η κιμά,9654,General,254,,
η σιωπηλά,9655,General,254,,
τριγυρίζω / τριγύρισα,9656,General,254,,
το καβούρι,9657,General,254,,
πλησιέσς,9658,General,254,,
η άιρις,9659,General,254,,
λώρεν,9660,General,254,,
αράξω / άραξα,9661,General,254,,
το όουενς,9662,General,254,,
αχά,9665,General,254,,
ο κύματος,9666,General,254,,
μπάροου,9667,General,254,,
χάρντι,9668,General,254,,
αλφ,9669,General,254,,
μαλώσω / μάλωσα,9670,General,254,,
το κρεβατι,9672,General,254,,
φρικιαστικός,9674,General,254,,
το βρέφος,9676,General,254,,
ο καταιγίδας,9677,General,255,,
το γκρέγκ,9678,General,255,,
μπροκ,9680,General,255,,
η πίεσή,9681,General,255,,
φυτέψω / φύτεψα,9682,General,255,,
καθοδηγώ / καθοδήγησα,9683,General,255,,
λιπαρά,9684,General,255,,
το πεν,9685,General,255,,
ανίκανη,9686,General,255,,
ο χορεύτριας,9687,General,255,,
τσόντες,9688,General,255,,
η βούρτσα,9689,General,255,,
το κρεβατιούς,9690,General,255,,
η κορούλα,9691,General,255,,
το κανόνισέ,9692,General,255,,
ο γρίφος,9693,General,255,,
το μέτρημα,9694,General,255,,
ουδέτερης,9696,General,255,,
η αυστρία,9697,General,255,,
το ραζ,9698,General,255,,
σιέρα,9701,General,255,,
η βίδα,9702,General,255,,
ξεκάθαροι,9703,General,255,,
ο λάτρης,9705,General,255,,
το καμάκι,9706,General,255,,
η εξώπορτα,9707,General,255,,
λαρς,9709,General,255,,
χρειαζεσαι,9710,General,255,,
ο μαργαρίτης,9711,General,255,,
το δολαριο,9712,General,255,,
μπέρτος,9713,General,256,,
μιάς,9714,General,256,,
οι μαγειρέψεις,9715,General,256,,
το διοξείδιο,9716,General,256,,
η αγάπα,9717,General,256,,
το σκότος,9718,General,256,,
τα τάσα,9720,General,256,,
ο γιατρος,9721,General,256,,
ο γραμματοκιβώτιος,9723,General,256,,
αφάνταστα,9724,General,256,,
τοσα,9725,General,256,,
αναμεσα,9727,General,256,,
η τρελάρα,9728,General,256,,
το μάνινγκ,9730,General,256,,
ενώσει / ένωσε,9733,General,256,,
επιπλέω / επέπλευσα,9735,General,256,,
η κουκλίτσα,9737,General,256,,
το ρόζενς,9738,General,256,,
η κούτα,9739,General,256,,
η εβδομαδα,9740,General,256,,
το πιστολίδι,9741,General,256,,
παραβιάζω / παραβίασα,9742,General,256,,
το αρνάκι,9743,General,256,,
το παράσημο,9744,General,256,,
η χαζούλα,9745,General,256,,
μαλιμπού,9746,General,256,,
το εργοστασίου,9747,General,256,,
παντου,9748,General,256,,
χμμμ,9750,General,256,,
κρυφός,9751,General,256,,
ο δοκιμός,9752,General,257,,
το γουάνγκ,9753,General,257,,
το εναέριο,9754,General,257,,
αδέξιος,9755,General,257,,
ερευνητικός,9756,General,257,,
κυριες,9757,General,257,,
το κόκκινου,9758,General,257,,
το γείτονάςς,9759,General,257,,
το φρόντισέ,9760,General,257,,
η υγιεινή,9761,General,257,,
τούτη,9762,General,257,,
η προδιαγραφή,9763,General,257,,
ο μορ,9764,General,257,,
μελαχρινός,9766,General,257,,
η πεζοναύτη,9768,General,257,,
λάσι,9769,General,257,,
ο ρατσιστής,9771,General,257,,
το τρελάδικο,9773,General,257,,
η νεολαία,9774,General,257,,
το ολόγραμμα,9775,General,257,,
στάνλεϋ,9776,General,257,,
φέρτος,9777,General,257,,
το διάδοχο,9778,General,257,,
το μόρτι,9779,General,257,,
η μαχη,9782,General,257,,
ο οικογενειών,9783,General,257,,
προχωράω,9784,General,257,,
ο κλήσεων,9788,General,257,,
ο ενέχυρος,9789,General,257,,
αποφευχθεί,9790,General,257,,
λούσιος,9791,General,258,,
ο ιωάννης,9792,General,258,,
το γραμματόσημο,9793,General,258,,
ο αναλυτός,9795,General,258,,
ο ολοκλήρος,9796,General,258,,
οι κακοποιοί,9797,General,258,,
λονδινο,9798,General,258,,
πνιγείς,9800,General,258,,
η βασιλια,9801,General,258,,
σλέιντ,9803,General,258,,
η τρομπέτα,9804,General,258,,
ο στύλος,9805,General,258,,
γουέντελ,9806,General,258,,
τετραγωνικά,9807,General,258,,
το πρατ,9808,General,258,,
το κλοντ,9810,General,258,,
ο ηθοποιίας,9811,General,258,,
βεβαιώνω / βεβάιωσα,9812,General,258,,
το πρόγευμα,9813,General,258,,
το θεραπεύσω,9814,General,258,,
η πρόωρα,9815,General,258,,
μάϊκ,9817,General,258,,
το πυροσβεστικό,9818,General,258,,
το φεγγάριο,9819,General,258,,
ο βασανιστήριος,9821,General,258,,
αμπού,9822,General,258,,
ο πυρκαγιάς,9823,General,258,,
πριγκίπισσας,9824,General,258,,
το βόδι,9826,General,258,,
ο χλωμός,9827,General,258,,
καπνίσει / κάπνισε,9829,General,259,,
το εισητήριο,9830,General,259,,
ο δυνατότητής,9833,General,259,,
εγγυάται / εγγυήθηκε,9835,General,259,,
ηρεμεί / ηρέμησε,9836,General,259,,
το μπέρκοφ,9838,General,259,,
παλιοκάθαρμα,9839,General,259,,
οποτεδήποτε,9840,General,259,,
το απόβρασμα,9841,General,259,,
νοιώσω / ένοιωσα,9842,General,259,,
γουάιτις,9843,General,259,,
ανησυχήσω / ανησύχησα,9844,General,259,,
το δάκτυλο,9845,General,259,,
ανοιχτεί,9846,General,259,,
ο ταξιτζής,9847,General,259,,
το αυτοκόλλητο,9848,General,259,,
απαλλάξω / απήλλαξα,9849,General,259,,
τα δείπνα,9850,General,259,,
το σκάψιμο,9851,General,259,,
υφίσταμαι / υπέστη,9852,General,259,,
υπεροχα,9853,General,259,,
η παρωδία,9854,General,259,,
ο αερας,9855,General,259,,
ντελέν,9856,General,259,,
εκνευρισμένος,9857,General,259,,
το κολάσεως,9858,General,259,,
γυρνώ / γύρισα,9860,General,259,,
το ακ,9861,General,259,,
το κουταβάκι,9862,General,259,,
παραβίασε,9863,General,259,,
ο θώρακας,9864,General,260,,
εμπιστευθής,9865,General,260,,
η κρεμμύδις,9866,General,260,,
ο θάτσερ,9867,General,260,,
η σφυρίχτρα,9868,General,260,,
το ντουλάπιο,9869,General,260,,
φαλακρός,9870,General,260,,
ανησυχούσε,9871,General,260,,
χαλαρώνεις,9872,General,260,,
το σέιντι,9873,General,260,,
ο αγγέλων,9874,General,260,,
η κονσόλα,9876,General,260,,
μάνσον,9878,General,260,,
ο σνάιντερ,9879,General,260,,
κράσερ,9880,General,260,,
το μέγεθόςς,9881,General,260,,
φανεράς,9882,General,260,,
μπράντλεϊ,9884,General,260,,
νεμπράσκα,9885,General,260,,
ο κωλος,9886,General,260,,
η προσομοίωση,9887,General,260,,
το ξέπλυμα,9888,General,260,,
ο λαχτάρας,9889,General,260,,
διορθωθεί,9891,General,260,,
η καβάλα,9895,General,260,,
η γραμμένη,9896,General,260,,
ομιλώ / ομίλησα,9897,General,260,,
βαθύτατα,9898,General,260,,
το σφουγγάρι,9899,General,260,,
το βανάκι,9900,General,260,,
ο πνευμάτων,9901,General,261,,
αραβικά,9902,General,261,,
φράνι,9903,General,261,,
το φιλοδωρήμα,9904,General,261,,
εμίλιο,9906,General,261,,
σόναρ,9907,General,261,,
το λάρσεν,9908,General,261,,
αρχίσατε,9909,General,261,,
το ρηντ,9911,General,261,,
το σφύριγμα,9913,General,261,,
το αβγό,9914,General,261,,
το άνθρωπές,9916,General,261,,
η αναρρόφηση,9917,General,261,,
άμπεντ,9918,General,261,,
η προφύλαξη,9919,General,261,,
ο μερσέντης,9921,General,261,,
η τζάμια,9922,General,261,,
το πιλοτήριο,9924,General,261,,
ο ανατολής,9925,General,261,,
θαφτεί,9926,General,261,,
η ση,9927,General,261,,
το ρομάντζο,9928,General,261,,
το κομοδίνο,9929,General,261,,
λεπτομερής,9930,General,261,,
ο σκάιλερ,9931,General,261,,
το ρόδο,9932,General,261,,
βρηκος,9933,General,261,,
το περιμενο,9934,General,261,,
η κόρνα,9935,General,261,,
το πλοίαρχο,9937,General,261,,
ο τζών,9939,General,262,,
η μπίζνα,9941,General,262,,
ο ιαπωνίας,9942,General,262,,
το τραπεζάκι,9943,General,262,,
δανία,9944,General,262,,
τοξικός,9945,General,262,,
κοντή,9946,General,262,,
ο χρονων,9947,General,262,,
η τύπισσα,9948,General,262,,
ντράμερ,9949,General,262,,
ο ανέμος,9950,General,262,,
χωρέσω / χώρεσα,9951,General,262,,
ο λιβάδιος,9952,General,262,,
το τσάκ,9954,General,262,,
το σκαλοπάτι,9955,General,262,,
κινούμενος,9957,General,262,,
ο τομάς,9960,General,262,,
χούβερ,9961,General,262,,
καλίντα,9962,General,262,,
σπενς,9963,General,262,,
στριμώξει / στρίμωξε,9964,General,262,,
το φουλάρι,9965,General,262,,
άδικος,9967,General,262,,
το κομψόςς,9968,General,262,,
δελεαστικός,9970,General,262,,
σαγίντ,9971,General,262,,
γκίλμορ,9972,General,262,,
πουθενα,9973,General,262,,
το ντιουκ,9974,General,262,,
το λάρκιν,9977,General,262,,
έχθρα,9980,General,263,,
μπουτς,9981,General,263,,
όσβαλντ,9982,General,263,,
ραγίζω / ράγισα,9983,General,263,,
ο δείκτης,9984,General,263,,
νυστάζω / νύσταξα,9985,General,263,,
βιαστεί,9986,General,263,,
ο μυνας,9988,General,263,,
ματέο,9989,General,263,,
η προίκα,9991,General,263,,
τέλοσπάντων,9992,General,263,,
εξυπνάκιας,9994,General,263,,
χαμογελάω / χαμογέλασα,9995,General,263,,
η λούση,9996,General,263,,
γκιος,9998,General,263,,
το καζανάκι,9999,General,263,,
το κατόρθωμα,10000,General,263,,
